[2025-04-24 16:17:56] Error al extraer producto: Message: no such element: Unable to locate element: {"method":"css selector","selector":"span.a-price span.a-offscreen"}
  (Session info: chrome=135.0.7049.115); For documentation on this error, please visit: https://www.selenium.dev/documentation/webdriver/troubleshooting/errors#no-such-element-exception
Stacktrace:
	GetHandleVerifier [0x00007FF67861EFA5+77893]
	GetHandleVerifier [0x00007FF67861F000+77984]
	(No symbol) [0x00007FF6783E91BA]
	(No symbol) [0x00007FF67843F16D]
	(No symbol) [0x00007FF67843F41C]
	(No symbol) [0x00007FF678431B1C]
	(No symbol) [0x00007FF67846716F]
	(No symbol) [0x00007FF6784319E6]
	(No symbol) [0x00007FF678467340]
	(No symbol) [0x00007FF67848F07F]
	(No symbol) [0x00007FF678466F03]
	(No symbol) [0x00007FF678430328]
	(No symbol) [0x00007FF678431093]
	GetHandleVerifier [0x00007FF6788D7B6D+2931725]
	GetHandleVerifier [0x00007FF6788D2132+2908626]
	GetHandleVerifier [0x00007FF6788F00F3+3031443]
	GetHandleVerifier [0x00007FF6786391EA+184970]
	GetHandleVerifier [0x00007FF67864086F+215311]
	GetHandleVerifier [0x00007FF678626EC4+110436]
	GetHandleVerifier [0x00007FF678627072+110866]
	GetHandleVerifier [0x00007FF67860D479+5401]
	BaseThreadInitThunk [0x00007FFCAAD3E8D7+23]
	RtlUserThreadStart [0x00007FFCAC3F14FC+44]

[2025-04-24 16:17:56] Error al extraer producto: Message: no such element: Unable to locate element: {"method":"css selector","selector":"span.a-price span.a-offscreen"}
  (Session info: chrome=135.0.7049.115); For documentation on this error, please visit: https://www.selenium.dev/documentation/webdriver/troubleshooting/errors#no-such-element-exception
Stacktrace:
	GetHandleVerifier [0x00007FF67861EFA5+77893]
	GetHandleVerifier [0x00007FF67861F000+77984]
	(No symbol) [0x00007FF6783E91BA]
	(No symbol) [0x00007FF67843F16D]
	(No symbol) [0x00007FF67843F41C]
	(No symbol) [0x00007FF678431B1C]
	(No symbol) [0x00007FF67846716F]
	(No symbol) [0x00007FF6784319E6]
	(No symbol) [0x00007FF678467340]
	(No symbol) [0x00007FF67848F07F]
	(No symbol) [0x00007FF678466F03]
	(No symbol) [0x00007FF678430328]
	(No symbol) [0x00007FF678431093]
	GetHandleVerifier [0x00007FF6788D7B6D+2931725]
	GetHandleVerifier [0x00007FF6788D2132+2908626]
	GetHandleVerifier [0x00007FF6788F00F3+3031443]
	GetHandleVerifier [0x00007FF6786391EA+184970]
	GetHandleVerifier [0x00007FF67864086F+215311]
	GetHandleVerifier [0x00007FF678626EC4+110436]
	GetHandleVerifier [0x00007FF678627072+110866]
	GetHandleVerifier [0x00007FF67860D479+5401]
	BaseThreadInitThunk [0x00007FFCAAD3E8D7+23]
	RtlUserThreadStart [0x00007FFCAC3F14FC+44]

[2025-04-24 16:17:56] Error al extraer producto: Message: no such element: Unable to locate element: {"method":"css selector","selector":"span.a-price span.a-offscreen"}
  (Session info: chrome=135.0.7049.115); For documentation on this error, please visit: https://www.selenium.dev/documentation/webdriver/troubleshooting/errors#no-such-element-exception
Stacktrace:
	GetHandleVerifier [0x00007FF67861EFA5+77893]
	GetHandleVerifier [0x00007FF67861F000+77984]
	(No symbol) [0x00007FF6783E91BA]
	(No symbol) [0x00007FF67843F16D]
	(No symbol) [0x00007FF67843F41C]
	(No symbol) [0x00007FF678431B1C]
	(No symbol) [0x00007FF67846716F]
	(No symbol) [0x00007FF6784319E6]
	(No symbol) [0x00007FF678467340]
	(No symbol) [0x00007FF67848F07F]
	(No symbol) [0x00007FF678466F03]
	(No symbol) [0x00007FF678430328]
	(No symbol) [0x00007FF678431093]
	GetHandleVerifier [0x00007FF6788D7B6D+2931725]
	GetHandleVerifier [0x00007FF6788D2132+2908626]
	GetHandleVerifier [0x00007FF6788F00F3+3031443]
	GetHandleVerifier [0x00007FF6786391EA+184970]
	GetHandleVerifier [0x00007FF67864086F+215311]
	GetHandleVerifier [0x00007FF678626EC4+110436]
	GetHandleVerifier [0x00007FF678627072+110866]
	GetHandleVerifier [0x00007FF67860D479+5401]
	BaseThreadInitThunk [0x00007FFCAAD3E8D7+23]
	RtlUserThreadStart [0x00007FFCAC3F14FC+44]

[2025-04-24 16:17:56] Error al extraer producto: Message: no such element: Unable to locate element: {"method":"css selector","selector":"span.a-price span.a-offscreen"}
  (Session info: chrome=135.0.7049.115); For documentation on this error, please visit: https://www.selenium.dev/documentation/webdriver/troubleshooting/errors#no-such-element-exception
Stacktrace:
	GetHandleVerifier [0x00007FF67861EFA5+77893]
	GetHandleVerifier [0x00007FF67861F000+77984]
	(No symbol) [0x00007FF6783E91BA]
	(No symbol) [0x00007FF67843F16D]
	(No symbol) [0x00007FF67843F41C]
	(No symbol) [0x00007FF678431B1C]
	(No symbol) [0x00007FF67846716F]
	(No symbol) [0x00007FF6784319E6]
	(No symbol) [0x00007FF678467340]
	(No symbol) [0x00007FF67848F07F]
	(No symbol) [0x00007FF678466F03]
	(No symbol) [0x00007FF678430328]
	(No symbol) [0x00007FF678431093]
	GetHandleVerifier [0x00007FF6788D7B6D+2931725]
	GetHandleVerifier [0x00007FF6788D2132+2908626]
	GetHandleVerifier [0x00007FF6788F00F3+3031443]
	GetHandleVerifier [0x00007FF6786391EA+184970]
	GetHandleVerifier [0x00007FF67864086F+215311]
	GetHandleVerifier [0x00007FF678626EC4+110436]
	GetHandleVerifier [0x00007FF678627072+110866]
	GetHandleVerifier [0x00007FF67860D479+5401]
	BaseThreadInitThunk [0x00007FFCAAD3E8D7+23]
	RtlUserThreadStart [0x00007FFCAC3F14FC+44]

[2025-04-24 16:17:56] Error al extraer producto: Message: no such element: Unable to locate element: {"method":"css selector","selector":"span.a-price span.a-offscreen"}
  (Session info: chrome=135.0.7049.115); For documentation on this error, please visit: https://www.selenium.dev/documentation/webdriver/troubleshooting/errors#no-such-element-exception
Stacktrace:
	GetHandleVerifier [0x00007FF67861EFA5+77893]
	GetHandleVerifier [0x00007FF67861F000+77984]
	(No symbol) [0x00007FF6783E91BA]
	(No symbol) [0x00007FF67843F16D]
	(No symbol) [0x00007FF67843F41C]
	(No symbol) [0x00007FF678431B1C]
	(No symbol) [0x00007FF67846716F]
	(No symbol) [0x00007FF6784319E6]
	(No symbol) [0x00007FF678467340]
	(No symbol) [0x00007FF67848F07F]
	(No symbol) [0x00007FF678466F03]
	(No symbol) [0x00007FF678430328]
	(No symbol) [0x00007FF678431093]
	GetHandleVerifier [0x00007FF6788D7B6D+2931725]
	GetHandleVerifier [0x00007FF6788D2132+2908626]
	GetHandleVerifier [0x00007FF6788F00F3+3031443]
	GetHandleVerifier [0x00007FF6786391EA+184970]
	GetHandleVerifier [0x00007FF67864086F+215311]
	GetHandleVerifier [0x00007FF678626EC4+110436]
	GetHandleVerifier [0x00007FF678627072+110866]
	GetHandleVerifier [0x00007FF67860D479+5401]
	BaseThreadInitThunk [0x00007FFCAAD3E8D7+23]
	RtlUserThreadStart [0x00007FFCAC3F14FC+44]

[2025-04-24 16:17:56] Error al extraer producto: Message: no such element: Unable to locate element: {"method":"css selector","selector":"span.a-price span.a-offscreen"}
  (Session info: chrome=135.0.7049.115); For documentation on this error, please visit: https://www.selenium.dev/documentation/webdriver/troubleshooting/errors#no-such-element-exception
Stacktrace:
	GetHandleVerifier [0x00007FF67861EFA5+77893]
	GetHandleVerifier [0x00007FF67861F000+77984]
	(No symbol) [0x00007FF6783E91BA]
	(No symbol) [0x00007FF67843F16D]
	(No symbol) [0x00007FF67843F41C]
	(No symbol) [0x00007FF678431B1C]
	(No symbol) [0x00007FF67846716F]
	(No symbol) [0x00007FF6784319E6]
	(No symbol) [0x00007FF678467340]
	(No symbol) [0x00007FF67848F07F]
	(No symbol) [0x00007FF678466F03]
	(No symbol) [0x00007FF678430328]
	(No symbol) [0x00007FF678431093]
	GetHandleVerifier [0x00007FF6788D7B6D+2931725]
	GetHandleVerifier [0x00007FF6788D2132+2908626]
	GetHandleVerifier [0x00007FF6788F00F3+3031443]
	GetHandleVerifier [0x00007FF6786391EA+184970]
	GetHandleVerifier [0x00007FF67864086F+215311]
	GetHandleVerifier [0x00007FF678626EC4+110436]
	GetHandleVerifier [0x00007FF678627072+110866]
	GetHandleVerifier [0x00007FF67860D479+5401]
	BaseThreadInitThunk [0x00007FFCAAD3E8D7+23]
	RtlUserThreadStart [0x00007FFCAC3F14FC+44]

[2025-04-24 16:17:56] Error al extraer producto: Message: no such element: Unable to locate element: {"method":"css selector","selector":"span.a-price span.a-offscreen"}
  (Session info: chrome=135.0.7049.115); For documentation on this error, please visit: https://www.selenium.dev/documentation/webdriver/troubleshooting/errors#no-such-element-exception
Stacktrace:
	GetHandleVerifier [0x00007FF67861EFA5+77893]
	GetHandleVerifier [0x00007FF67861F000+77984]
	(No symbol) [0x00007FF6783E91BA]
	(No symbol) [0x00007FF67843F16D]
	(No symbol) [0x00007FF67843F41C]
	(No symbol) [0x00007FF678431B1C]
	(No symbol) [0x00007FF67846716F]
	(No symbol) [0x00007FF6784319E6]
	(No symbol) [0x00007FF678467340]
	(No symbol) [0x00007FF67848F07F]
	(No symbol) [0x00007FF678466F03]
	(No symbol) [0x00007FF678430328]
	(No symbol) [0x00007FF678431093]
	GetHandleVerifier [0x00007FF6788D7B6D+2931725]
	GetHandleVerifier [0x00007FF6788D2132+2908626]
	GetHandleVerifier [0x00007FF6788F00F3+3031443]
	GetHandleVerifier [0x00007FF6786391EA+184970]
	GetHandleVerifier [0x00007FF67864086F+215311]
	GetHandleVerifier [0x00007FF678626EC4+110436]
	GetHandleVerifier [0x00007FF678627072+110866]
	GetHandleVerifier [0x00007FF67860D479+5401]
	BaseThreadInitThunk [0x00007FFCAAD3E8D7+23]
	RtlUserThreadStart [0x00007FFCAC3F14FC+44]

[2025-04-24 16:17:56] Error al extraer producto: Message: no such element: Unable to locate element: {"method":"css selector","selector":"span.a-price span.a-offscreen"}
  (Session info: chrome=135.0.7049.115); For documentation on this error, please visit: https://www.selenium.dev/documentation/webdriver/troubleshooting/errors#no-such-element-exception
Stacktrace:
	GetHandleVerifier [0x00007FF67861EFA5+77893]
	GetHandleVerifier [0x00007FF67861F000+77984]
	(No symbol) [0x00007FF6783E91BA]
	(No symbol) [0x00007FF67843F16D]
	(No symbol) [0x00007FF67843F41C]
	(No symbol) [0x00007FF678431B1C]
	(No symbol) [0x00007FF67846716F]
	(No symbol) [0x00007FF6784319E6]
	(No symbol) [0x00007FF678467340]
	(No symbol) [0x00007FF67848F07F]
	(No symbol) [0x00007FF678466F03]
	(No symbol) [0x00007FF678430328]
	(No symbol) [0x00007FF678431093]
	GetHandleVerifier [0x00007FF6788D7B6D+2931725]
	GetHandleVerifier [0x00007FF6788D2132+2908626]
	GetHandleVerifier [0x00007FF6788F00F3+3031443]
	GetHandleVerifier [0x00007FF6786391EA+184970]
	GetHandleVerifier [0x00007FF67864086F+215311]
	GetHandleVerifier [0x00007FF678626EC4+110436]
	GetHandleVerifier [0x00007FF678627072+110866]
	GetHandleVerifier [0x00007FF67860D479+5401]
	BaseThreadInitThunk [0x00007FFCAAD3E8D7+23]
	RtlUserThreadStart [0x00007FFCAC3F14FC+44]

[2025-04-24 16:17:56] Error al extraer producto: Message: no such element: Unable to locate element: {"method":"css selector","selector":"span.a-price span.a-offscreen"}
  (Session info: chrome=135.0.7049.115); For documentation on this error, please visit: https://www.selenium.dev/documentation/webdriver/troubleshooting/errors#no-such-element-exception
Stacktrace:
	GetHandleVerifier [0x00007FF67861EFA5+77893]
	GetHandleVerifier [0x00007FF67861F000+77984]
	(No symbol) [0x00007FF6783E91BA]
	(No symbol) [0x00007FF67843F16D]
	(No symbol) [0x00007FF67843F41C]
	(No symbol) [0x00007FF678431B1C]
	(No symbol) [0x00007FF67846716F]
	(No symbol) [0x00007FF6784319E6]
	(No symbol) [0x00007FF678467340]
	(No symbol) [0x00007FF67848F07F]
	(No symbol) [0x00007FF678466F03]
	(No symbol) [0x00007FF678430328]
	(No symbol) [0x00007FF678431093]
	GetHandleVerifier [0x00007FF6788D7B6D+2931725]
	GetHandleVerifier [0x00007FF6788D2132+2908626]
	GetHandleVerifier [0x00007FF6788F00F3+3031443]
	GetHandleVerifier [0x00007FF6786391EA+184970]
	GetHandleVerifier [0x00007FF67864086F+215311]
	GetHandleVerifier [0x00007FF678626EC4+110436]
	GetHandleVerifier [0x00007FF678627072+110866]
	GetHandleVerifier [0x00007FF67860D479+5401]
	BaseThreadInitThunk [0x00007FFCAAD3E8D7+23]
	RtlUserThreadStart [0x00007FFCAC3F14FC+44]

[2025-04-24 16:17:56] Error al extraer producto: Message: no such element: Unable to locate element: {"method":"css selector","selector":"span.a-price span.a-offscreen"}
  (Session info: chrome=135.0.7049.115); For documentation on this error, please visit: https://www.selenium.dev/documentation/webdriver/troubleshooting/errors#no-such-element-exception
Stacktrace:
	GetHandleVerifier [0x00007FF67861EFA5+77893]
	GetHandleVerifier [0x00007FF67861F000+77984]
	(No symbol) [0x00007FF6783E91BA]
	(No symbol) [0x00007FF67843F16D]
	(No symbol) [0x00007FF67843F41C]
	(No symbol) [0x00007FF678431B1C]
	(No symbol) [0x00007FF67846716F]
	(No symbol) [0x00007FF6784319E6]
	(No symbol) [0x00007FF678467340]
	(No symbol) [0x00007FF67848F07F]
	(No symbol) [0x00007FF678466F03]
	(No symbol) [0x00007FF678430328]
	(No symbol) [0x00007FF678431093]
	GetHandleVerifier [0x00007FF6788D7B6D+2931725]
	GetHandleVerifier [0x00007FF6788D2132+2908626]
	GetHandleVerifier [0x00007FF6788F00F3+3031443]
	GetHandleVerifier [0x00007FF6786391EA+184970]
	GetHandleVerifier [0x00007FF67864086F+215311]
	GetHandleVerifier [0x00007FF678626EC4+110436]
	GetHandleVerifier [0x00007FF678627072+110866]
	GetHandleVerifier [0x00007FF67860D479+5401]
	BaseThreadInitThunk [0x00007FFCAAD3E8D7+23]
	RtlUserThreadStart [0x00007FFCAC3F14FC+44]

[2025-04-24 16:17:56] Error al extraer producto: Message: no such element: Unable to locate element: {"method":"css selector","selector":"span.a-price span.a-offscreen"}
  (Session info: chrome=135.0.7049.115); For documentation on this error, please visit: https://www.selenium.dev/documentation/webdriver/troubleshooting/errors#no-such-element-exception
Stacktrace:
	GetHandleVerifier [0x00007FF67861EFA5+77893]
	GetHandleVerifier [0x00007FF67861F000+77984]
	(No symbol) [0x00007FF6783E91BA]
	(No symbol) [0x00007FF67843F16D]
	(No symbol) [0x00007FF67843F41C]
	(No symbol) [0x00007FF678431B1C]
	(No symbol) [0x00007FF67846716F]
	(No symbol) [0x00007FF6784319E6]
	(No symbol) [0x00007FF678467340]
	(No symbol) [0x00007FF67848F07F]
	(No symbol) [0x00007FF678466F03]
	(No symbol) [0x00007FF678430328]
	(No symbol) [0x00007FF678431093]
	GetHandleVerifier [0x00007FF6788D7B6D+2931725]
	GetHandleVerifier [0x00007FF6788D2132+2908626]
	GetHandleVerifier [0x00007FF6788F00F3+3031443]
	GetHandleVerifier [0x00007FF6786391EA+184970]
	GetHandleVerifier [0x00007FF67864086F+215311]
	GetHandleVerifier [0x00007FF678626EC4+110436]
	GetHandleVerifier [0x00007FF678627072+110866]
	GetHandleVerifier [0x00007FF67860D479+5401]
	BaseThreadInitThunk [0x00007FFCAAD3E8D7+23]
	RtlUserThreadStart [0x00007FFCAC3F14FC+44]

[2025-04-24 16:17:56] Error al extraer producto: Message: no such element: Unable to locate element: {"method":"css selector","selector":"span.a-price span.a-offscreen"}
  (Session info: chrome=135.0.7049.115); For documentation on this error, please visit: https://www.selenium.dev/documentation/webdriver/troubleshooting/errors#no-such-element-exception
Stacktrace:
	GetHandleVerifier [0x00007FF67861EFA5+77893]
	GetHandleVerifier [0x00007FF67861F000+77984]
	(No symbol) [0x00007FF6783E91BA]
	(No symbol) [0x00007FF67843F16D]
	(No symbol) [0x00007FF67843F41C]
	(No symbol) [0x00007FF678431B1C]
	(No symbol) [0x00007FF67846716F]
	(No symbol) [0x00007FF6784319E6]
	(No symbol) [0x00007FF678467340]
	(No symbol) [0x00007FF67848F07F]
	(No symbol) [0x00007FF678466F03]
	(No symbol) [0x00007FF678430328]
	(No symbol) [0x00007FF678431093]
	GetHandleVerifier [0x00007FF6788D7B6D+2931725]
	GetHandleVerifier [0x00007FF6788D2132+2908626]
	GetHandleVerifier [0x00007FF6788F00F3+3031443]
	GetHandleVerifier [0x00007FF6786391EA+184970]
	GetHandleVerifier [0x00007FF67864086F+215311]
	GetHandleVerifier [0x00007FF678626EC4+110436]
	GetHandleVerifier [0x00007FF678627072+110866]
	GetHandleVerifier [0x00007FF67860D479+5401]
	BaseThreadInitThunk [0x00007FFCAAD3E8D7+23]
	RtlUserThreadStart [0x00007FFCAC3F14FC+44]

[2025-04-24 16:17:57] Error al extraer producto: Message: no such element: Unable to locate element: {"method":"css selector","selector":"span.a-price span.a-offscreen"}
  (Session info: chrome=135.0.7049.115); For documentation on this error, please visit: https://www.selenium.dev/documentation/webdriver/troubleshooting/errors#no-such-element-exception
Stacktrace:
	GetHandleVerifier [0x00007FF67861EFA5+77893]
	GetHandleVerifier [0x00007FF67861F000+77984]
	(No symbol) [0x00007FF6783E91BA]
	(No symbol) [0x00007FF67843F16D]
	(No symbol) [0x00007FF67843F41C]
	(No symbol) [0x00007FF678431B1C]
	(No symbol) [0x00007FF67846716F]
	(No symbol) [0x00007FF6784319E6]
	(No symbol) [0x00007FF678467340]
	(No symbol) [0x00007FF67848F07F]
	(No symbol) [0x00007FF678466F03]
	(No symbol) [0x00007FF678430328]
	(No symbol) [0x00007FF678431093]
	GetHandleVerifier [0x00007FF6788D7B6D+2931725]
	GetHandleVerifier [0x00007FF6788D2132+2908626]
	GetHandleVerifier [0x00007FF6788F00F3+3031443]
	GetHandleVerifier [0x00007FF6786391EA+184970]
	GetHandleVerifier [0x00007FF67864086F+215311]
	GetHandleVerifier [0x00007FF678626EC4+110436]
	GetHandleVerifier [0x00007FF678627072+110866]
	GetHandleVerifier [0x00007FF67860D479+5401]
	BaseThreadInitThunk [0x00007FFCAAD3E8D7+23]
	RtlUserThreadStart [0x00007FFCAC3F14FC+44]

[2025-04-24 16:17:57] Error al extraer producto: Message: no such element: Unable to locate element: {"method":"css selector","selector":"span.a-price span.a-offscreen"}
  (Session info: chrome=135.0.7049.115); For documentation on this error, please visit: https://www.selenium.dev/documentation/webdriver/troubleshooting/errors#no-such-element-exception
Stacktrace:
	GetHandleVerifier [0x00007FF67861EFA5+77893]
	GetHandleVerifier [0x00007FF67861F000+77984]
	(No symbol) [0x00007FF6783E91BA]
	(No symbol) [0x00007FF67843F16D]
	(No symbol) [0x00007FF67843F41C]
	(No symbol) [0x00007FF678431B1C]
	(No symbol) [0x00007FF67846716F]
	(No symbol) [0x00007FF6784319E6]
	(No symbol) [0x00007FF678467340]
	(No symbol) [0x00007FF67848F07F]
	(No symbol) [0x00007FF678466F03]
	(No symbol) [0x00007FF678430328]
	(No symbol) [0x00007FF678431093]
	GetHandleVerifier [0x00007FF6788D7B6D+2931725]
	GetHandleVerifier [0x00007FF6788D2132+2908626]
	GetHandleVerifier [0x00007FF6788F00F3+3031443]
	GetHandleVerifier [0x00007FF6786391EA+184970]
	GetHandleVerifier [0x00007FF67864086F+215311]
	GetHandleVerifier [0x00007FF678626EC4+110436]
	GetHandleVerifier [0x00007FF678627072+110866]
	GetHandleVerifier [0x00007FF67860D479+5401]
	BaseThreadInitThunk [0x00007FFCAAD3E8D7+23]
	RtlUserThreadStart [0x00007FFCAC3F14FC+44]

[2025-04-24 16:17:57] Error al extraer producto: Message: no such element: Unable to locate element: {"method":"css selector","selector":"span.a-price span.a-offscreen"}
  (Session info: chrome=135.0.7049.115); For documentation on this error, please visit: https://www.selenium.dev/documentation/webdriver/troubleshooting/errors#no-such-element-exception
Stacktrace:
	GetHandleVerifier [0x00007FF67861EFA5+77893]
	GetHandleVerifier [0x00007FF67861F000+77984]
	(No symbol) [0x00007FF6783E91BA]
	(No symbol) [0x00007FF67843F16D]
	(No symbol) [0x00007FF67843F41C]
	(No symbol) [0x00007FF678431B1C]
	(No symbol) [0x00007FF67846716F]
	(No symbol) [0x00007FF6784319E6]
	(No symbol) [0x00007FF678467340]
	(No symbol) [0x00007FF67848F07F]
	(No symbol) [0x00007FF678466F03]
	(No symbol) [0x00007FF678430328]
	(No symbol) [0x00007FF678431093]
	GetHandleVerifier [0x00007FF6788D7B6D+2931725]
	GetHandleVerifier [0x00007FF6788D2132+2908626]
	GetHandleVerifier [0x00007FF6788F00F3+3031443]
	GetHandleVerifier [0x00007FF6786391EA+184970]
	GetHandleVerifier [0x00007FF67864086F+215311]
	GetHandleVerifier [0x00007FF678626EC4+110436]
	GetHandleVerifier [0x00007FF678627072+110866]
	GetHandleVerifier [0x00007FF67860D479+5401]
	BaseThreadInitThunk [0x00007FFCAAD3E8D7+23]
	RtlUserThreadStart [0x00007FFCAC3F14FC+44]

[2025-04-24 16:17:57] Error al extraer producto: Message: no such element: Unable to locate element: {"method":"css selector","selector":"span.a-price span.a-offscreen"}
  (Session info: chrome=135.0.7049.115); For documentation on this error, please visit: https://www.selenium.dev/documentation/webdriver/troubleshooting/errors#no-such-element-exception
Stacktrace:
	GetHandleVerifier [0x00007FF67861EFA5+77893]
	GetHandleVerifier [0x00007FF67861F000+77984]
	(No symbol) [0x00007FF6783E91BA]
	(No symbol) [0x00007FF67843F16D]
	(No symbol) [0x00007FF67843F41C]
	(No symbol) [0x00007FF678431B1C]
	(No symbol) [0x00007FF67846716F]
	(No symbol) [0x00007FF6784319E6]
	(No symbol) [0x00007FF678467340]
	(No symbol) [0x00007FF67848F07F]
	(No symbol) [0x00007FF678466F03]
	(No symbol) [0x00007FF678430328]
	(No symbol) [0x00007FF678431093]
	GetHandleVerifier [0x00007FF6788D7B6D+2931725]
	GetHandleVerifier [0x00007FF6788D2132+2908626]
	GetHandleVerifier [0x00007FF6788F00F3+3031443]
	GetHandleVerifier [0x00007FF6786391EA+184970]
	GetHandleVerifier [0x00007FF67864086F+215311]
	GetHandleVerifier [0x00007FF678626EC4+110436]
	GetHandleVerifier [0x00007FF678627072+110866]
	GetHandleVerifier [0x00007FF67860D479+5401]
	BaseThreadInitThunk [0x00007FFCAAD3E8D7+23]
	RtlUserThreadStart [0x00007FFCAC3F14FC+44]

[2025-04-24 16:18:21] Error al extraer producto: Message: no such element: Unable to locate element: {"method":"css selector","selector":"span.a-price span.a-offscreen"}
  (Session info: chrome=135.0.7049.115); For documentation on this error, please visit: https://www.selenium.dev/documentation/webdriver/troubleshooting/errors#no-such-element-exception
Stacktrace:
	GetHandleVerifier [0x00007FF67861EFA5+77893]
	GetHandleVerifier [0x00007FF67861F000+77984]
	(No symbol) [0x00007FF6783E91BA]
	(No symbol) [0x00007FF67843F16D]
	(No symbol) [0x00007FF67843F41C]
	(No symbol) [0x00007FF678431B1C]
	(No symbol) [0x00007FF67846716F]
	(No symbol) [0x00007FF6784319E6]
	(No symbol) [0x00007FF678467340]
	(No symbol) [0x00007FF67848F07F]
	(No symbol) [0x00007FF678466F03]
	(No symbol) [0x00007FF678430328]
	(No symbol) [0x00007FF678431093]
	GetHandleVerifier [0x00007FF6788D7B6D+2931725]
	GetHandleVerifier [0x00007FF6788D2132+2908626]
	GetHandleVerifier [0x00007FF6788F00F3+3031443]
	GetHandleVerifier [0x00007FF6786391EA+184970]
	GetHandleVerifier [0x00007FF67864086F+215311]
	GetHandleVerifier [0x00007FF678626EC4+110436]
	GetHandleVerifier [0x00007FF678627072+110866]
	GetHandleVerifier [0x00007FF67860D479+5401]
	BaseThreadInitThunk [0x00007FFCAAD3E8D7+23]
	RtlUserThreadStart [0x00007FFCAC3F14FC+44]

[2025-04-24 16:18:21] Error al extraer producto: Message: no such element: Unable to locate element: {"method":"css selector","selector":"span.a-price span.a-offscreen"}
  (Session info: chrome=135.0.7049.115); For documentation on this error, please visit: https://www.selenium.dev/documentation/webdriver/troubleshooting/errors#no-such-element-exception
Stacktrace:
	GetHandleVerifier [0x00007FF67861EFA5+77893]
	GetHandleVerifier [0x00007FF67861F000+77984]
	(No symbol) [0x00007FF6783E91BA]
	(No symbol) [0x00007FF67843F16D]
	(No symbol) [0x00007FF67843F41C]
	(No symbol) [0x00007FF678431B1C]
	(No symbol) [0x00007FF67846716F]
	(No symbol) [0x00007FF6784319E6]
	(No symbol) [0x00007FF678467340]
	(No symbol) [0x00007FF67848F07F]
	(No symbol) [0x00007FF678466F03]
	(No symbol) [0x00007FF678430328]
	(No symbol) [0x00007FF678431093]
	GetHandleVerifier [0x00007FF6788D7B6D+2931725]
	GetHandleVerifier [0x00007FF6788D2132+2908626]
	GetHandleVerifier [0x00007FF6788F00F3+3031443]
	GetHandleVerifier [0x00007FF6786391EA+184970]
	GetHandleVerifier [0x00007FF67864086F+215311]
	GetHandleVerifier [0x00007FF678626EC4+110436]
	GetHandleVerifier [0x00007FF678627072+110866]
	GetHandleVerifier [0x00007FF67860D479+5401]
	BaseThreadInitThunk [0x00007FFCAAD3E8D7+23]
	RtlUserThreadStart [0x00007FFCAC3F14FC+44]

[2025-04-24 16:18:21] Error al extraer producto: Message: no such element: Unable to locate element: {"method":"css selector","selector":"span.a-price span.a-offscreen"}
  (Session info: chrome=135.0.7049.115); For documentation on this error, please visit: https://www.selenium.dev/documentation/webdriver/troubleshooting/errors#no-such-element-exception
Stacktrace:
	GetHandleVerifier [0x00007FF67861EFA5+77893]
	GetHandleVerifier [0x00007FF67861F000+77984]
	(No symbol) [0x00007FF6783E91BA]
	(No symbol) [0x00007FF67843F16D]
	(No symbol) [0x00007FF67843F41C]
	(No symbol) [0x00007FF678431B1C]
	(No symbol) [0x00007FF67846716F]
	(No symbol) [0x00007FF6784319E6]
	(No symbol) [0x00007FF678467340]
	(No symbol) [0x00007FF67848F07F]
	(No symbol) [0x00007FF678466F03]
	(No symbol) [0x00007FF678430328]
	(No symbol) [0x00007FF678431093]
	GetHandleVerifier [0x00007FF6788D7B6D+2931725]
	GetHandleVerifier [0x00007FF6788D2132+2908626]
	GetHandleVerifier [0x00007FF6788F00F3+3031443]
	GetHandleVerifier [0x00007FF6786391EA+184970]
	GetHandleVerifier [0x00007FF67864086F+215311]
	GetHandleVerifier [0x00007FF678626EC4+110436]
	GetHandleVerifier [0x00007FF678627072+110866]
	GetHandleVerifier [0x00007FF67860D479+5401]
	BaseThreadInitThunk [0x00007FFCAAD3E8D7+23]
	RtlUserThreadStart [0x00007FFCAC3F14FC+44]

[2025-04-24 16:18:21] Error al extraer producto: Message: no such element: Unable to locate element: {"method":"css selector","selector":"span.a-price span.a-offscreen"}
  (Session info: chrome=135.0.7049.115); For documentation on this error, please visit: https://www.selenium.dev/documentation/webdriver/troubleshooting/errors#no-such-element-exception
Stacktrace:
	GetHandleVerifier [0x00007FF67861EFA5+77893]
	GetHandleVerifier [0x00007FF67861F000+77984]
	(No symbol) [0x00007FF6783E91BA]
	(No symbol) [0x00007FF67843F16D]
	(No symbol) [0x00007FF67843F41C]
	(No symbol) [0x00007FF678431B1C]
	(No symbol) [0x00007FF67846716F]
	(No symbol) [0x00007FF6784319E6]
	(No symbol) [0x00007FF678467340]
	(No symbol) [0x00007FF67848F07F]
	(No symbol) [0x00007FF678466F03]
	(No symbol) [0x00007FF678430328]
	(No symbol) [0x00007FF678431093]
	GetHandleVerifier [0x00007FF6788D7B6D+2931725]
	GetHandleVerifier [0x00007FF6788D2132+2908626]
	GetHandleVerifier [0x00007FF6788F00F3+3031443]
	GetHandleVerifier [0x00007FF6786391EA+184970]
	GetHandleVerifier [0x00007FF67864086F+215311]
	GetHandleVerifier [0x00007FF678626EC4+110436]
	GetHandleVerifier [0x00007FF678627072+110866]
	GetHandleVerifier [0x00007FF67860D479+5401]
	BaseThreadInitThunk [0x00007FFCAAD3E8D7+23]
	RtlUserThreadStart [0x00007FFCAC3F14FC+44]

[2025-04-24 16:18:21] Error al extraer producto: Message: no such element: Unable to locate element: {"method":"css selector","selector":"span.a-price span.a-offscreen"}
  (Session info: chrome=135.0.7049.115); For documentation on this error, please visit: https://www.selenium.dev/documentation/webdriver/troubleshooting/errors#no-such-element-exception
Stacktrace:
	GetHandleVerifier [0x00007FF67861EFA5+77893]
	GetHandleVerifier [0x00007FF67861F000+77984]
	(No symbol) [0x00007FF6783E91BA]
	(No symbol) [0x00007FF67843F16D]
	(No symbol) [0x00007FF67843F41C]
	(No symbol) [0x00007FF678431B1C]
	(No symbol) [0x00007FF67846716F]
	(No symbol) [0x00007FF6784319E6]
	(No symbol) [0x00007FF678467340]
	(No symbol) [0x00007FF67848F07F]
	(No symbol) [0x00007FF678466F03]
	(No symbol) [0x00007FF678430328]
	(No symbol) [0x00007FF678431093]
	GetHandleVerifier [0x00007FF6788D7B6D+2931725]
	GetHandleVerifier [0x00007FF6788D2132+2908626]
	GetHandleVerifier [0x00007FF6788F00F3+3031443]
	GetHandleVerifier [0x00007FF6786391EA+184970]
	GetHandleVerifier [0x00007FF67864086F+215311]
	GetHandleVerifier [0x00007FF678626EC4+110436]
	GetHandleVerifier [0x00007FF678627072+110866]
	GetHandleVerifier [0x00007FF67860D479+5401]
	BaseThreadInitThunk [0x00007FFCAAD3E8D7+23]
	RtlUserThreadStart [0x00007FFCAC3F14FC+44]

[2025-04-24 16:18:21] Error al extraer producto: Message: no such element: Unable to locate element: {"method":"css selector","selector":"span.a-price span.a-offscreen"}
  (Session info: chrome=135.0.7049.115); For documentation on this error, please visit: https://www.selenium.dev/documentation/webdriver/troubleshooting/errors#no-such-element-exception
Stacktrace:
	GetHandleVerifier [0x00007FF67861EFA5+77893]
	GetHandleVerifier [0x00007FF67861F000+77984]
	(No symbol) [0x00007FF6783E91BA]
	(No symbol) [0x00007FF67843F16D]
	(No symbol) [0x00007FF67843F41C]
	(No symbol) [0x00007FF678431B1C]
	(No symbol) [0x00007FF67846716F]
	(No symbol) [0x00007FF6784319E6]
	(No symbol) [0x00007FF678467340]
	(No symbol) [0x00007FF67848F07F]
	(No symbol) [0x00007FF678466F03]
	(No symbol) [0x00007FF678430328]
	(No symbol) [0x00007FF678431093]
	GetHandleVerifier [0x00007FF6788D7B6D+2931725]
	GetHandleVerifier [0x00007FF6788D2132+2908626]
	GetHandleVerifier [0x00007FF6788F00F3+3031443]
	GetHandleVerifier [0x00007FF6786391EA+184970]
	GetHandleVerifier [0x00007FF67864086F+215311]
	GetHandleVerifier [0x00007FF678626EC4+110436]
	GetHandleVerifier [0x00007FF678627072+110866]
	GetHandleVerifier [0x00007FF67860D479+5401]
	BaseThreadInitThunk [0x00007FFCAAD3E8D7+23]
	RtlUserThreadStart [0x00007FFCAC3F14FC+44]

[2025-04-24 16:18:21] Error al extraer producto: Message: no such element: Unable to locate element: {"method":"css selector","selector":"span.a-price span.a-offscreen"}
  (Session info: chrome=135.0.7049.115); For documentation on this error, please visit: https://www.selenium.dev/documentation/webdriver/troubleshooting/errors#no-such-element-exception
Stacktrace:
	GetHandleVerifier [0x00007FF67861EFA5+77893]
	GetHandleVerifier [0x00007FF67861F000+77984]
	(No symbol) [0x00007FF6783E91BA]
	(No symbol) [0x00007FF67843F16D]
	(No symbol) [0x00007FF67843F41C]
	(No symbol) [0x00007FF678431B1C]
	(No symbol) [0x00007FF67846716F]
	(No symbol) [0x00007FF6784319E6]
	(No symbol) [0x00007FF678467340]
	(No symbol) [0x00007FF67848F07F]
	(No symbol) [0x00007FF678466F03]
	(No symbol) [0x00007FF678430328]
	(No symbol) [0x00007FF678431093]
	GetHandleVerifier [0x00007FF6788D7B6D+2931725]
	GetHandleVerifier [0x00007FF6788D2132+2908626]
	GetHandleVerifier [0x00007FF6788F00F3+3031443]
	GetHandleVerifier [0x00007FF6786391EA+184970]
	GetHandleVerifier [0x00007FF67864086F+215311]
	GetHandleVerifier [0x00007FF678626EC4+110436]
	GetHandleVerifier [0x00007FF678627072+110866]
	GetHandleVerifier [0x00007FF67860D479+5401]
	BaseThreadInitThunk [0x00007FFCAAD3E8D7+23]
	RtlUserThreadStart [0x00007FFCAC3F14FC+44]

[2025-04-24 16:18:21] Error al extraer producto: Message: no such element: Unable to locate element: {"method":"css selector","selector":"span.a-price span.a-offscreen"}
  (Session info: chrome=135.0.7049.115); For documentation on this error, please visit: https://www.selenium.dev/documentation/webdriver/troubleshooting/errors#no-such-element-exception
Stacktrace:
	GetHandleVerifier [0x00007FF67861EFA5+77893]
	GetHandleVerifier [0x00007FF67861F000+77984]
	(No symbol) [0x00007FF6783E91BA]
	(No symbol) [0x00007FF67843F16D]
	(No symbol) [0x00007FF67843F41C]
	(No symbol) [0x00007FF678431B1C]
	(No symbol) [0x00007FF67846716F]
	(No symbol) [0x00007FF6784319E6]
	(No symbol) [0x00007FF678467340]
	(No symbol) [0x00007FF67848F07F]
	(No symbol) [0x00007FF678466F03]
	(No symbol) [0x00007FF678430328]
	(No symbol) [0x00007FF678431093]
	GetHandleVerifier [0x00007FF6788D7B6D+2931725]
	GetHandleVerifier [0x00007FF6788D2132+2908626]
	GetHandleVerifier [0x00007FF6788F00F3+3031443]
	GetHandleVerifier [0x00007FF6786391EA+184970]
	GetHandleVerifier [0x00007FF67864086F+215311]
	GetHandleVerifier [0x00007FF678626EC4+110436]
	GetHandleVerifier [0x00007FF678627072+110866]
	GetHandleVerifier [0x00007FF67860D479+5401]
	BaseThreadInitThunk [0x00007FFCAAD3E8D7+23]
	RtlUserThreadStart [0x00007FFCAC3F14FC+44]

[2025-04-24 16:18:21] Error al extraer producto: Message: no such element: Unable to locate element: {"method":"css selector","selector":"span.a-price span.a-offscreen"}
  (Session info: chrome=135.0.7049.115); For documentation on this error, please visit: https://www.selenium.dev/documentation/webdriver/troubleshooting/errors#no-such-element-exception
Stacktrace:
	GetHandleVerifier [0x00007FF67861EFA5+77893]
	GetHandleVerifier [0x00007FF67861F000+77984]
	(No symbol) [0x00007FF6783E91BA]
	(No symbol) [0x00007FF67843F16D]
	(No symbol) [0x00007FF67843F41C]
	(No symbol) [0x00007FF678431B1C]
	(No symbol) [0x00007FF67846716F]
	(No symbol) [0x00007FF6784319E6]
	(No symbol) [0x00007FF678467340]
	(No symbol) [0x00007FF67848F07F]
	(No symbol) [0x00007FF678466F03]
	(No symbol) [0x00007FF678430328]
	(No symbol) [0x00007FF678431093]
	GetHandleVerifier [0x00007FF6788D7B6D+2931725]
	GetHandleVerifier [0x00007FF6788D2132+2908626]
	GetHandleVerifier [0x00007FF6788F00F3+3031443]
	GetHandleVerifier [0x00007FF6786391EA+184970]
	GetHandleVerifier [0x00007FF67864086F+215311]
	GetHandleVerifier [0x00007FF678626EC4+110436]
	GetHandleVerifier [0x00007FF678627072+110866]
	GetHandleVerifier [0x00007FF67860D479+5401]
	BaseThreadInitThunk [0x00007FFCAAD3E8D7+23]
	RtlUserThreadStart [0x00007FFCAC3F14FC+44]

[2025-04-24 16:18:21] Error al extraer producto: Message: no such element: Unable to locate element: {"method":"css selector","selector":"span.a-price span.a-offscreen"}
  (Session info: chrome=135.0.7049.115); For documentation on this error, please visit: https://www.selenium.dev/documentation/webdriver/troubleshooting/errors#no-such-element-exception
Stacktrace:
	GetHandleVerifier [0x00007FF67861EFA5+77893]
	GetHandleVerifier [0x00007FF67861F000+77984]
	(No symbol) [0x00007FF6783E91BA]
	(No symbol) [0x00007FF67843F16D]
	(No symbol) [0x00007FF67843F41C]
	(No symbol) [0x00007FF678431B1C]
	(No symbol) [0x00007FF67846716F]
	(No symbol) [0x00007FF6784319E6]
	(No symbol) [0x00007FF678467340]
	(No symbol) [0x00007FF67848F07F]
	(No symbol) [0x00007FF678466F03]
	(No symbol) [0x00007FF678430328]
	(No symbol) [0x00007FF678431093]
	GetHandleVerifier [0x00007FF6788D7B6D+2931725]
	GetHandleVerifier [0x00007FF6788D2132+2908626]
	GetHandleVerifier [0x00007FF6788F00F3+3031443]
	GetHandleVerifier [0x00007FF6786391EA+184970]
	GetHandleVerifier [0x00007FF67864086F+215311]
	GetHandleVerifier [0x00007FF678626EC4+110436]
	GetHandleVerifier [0x00007FF678627072+110866]
	GetHandleVerifier [0x00007FF67860D479+5401]
	BaseThreadInitThunk [0x00007FFCAAD3E8D7+23]
	RtlUserThreadStart [0x00007FFCAC3F14FC+44]

[2025-04-24 16:18:21] Error al extraer producto: Message: no such element: Unable to locate element: {"method":"css selector","selector":"span.a-price span.a-offscreen"}
  (Session info: chrome=135.0.7049.115); For documentation on this error, please visit: https://www.selenium.dev/documentation/webdriver/troubleshooting/errors#no-such-element-exception
Stacktrace:
	GetHandleVerifier [0x00007FF67861EFA5+77893]
	GetHandleVerifier [0x00007FF67861F000+77984]
	(No symbol) [0x00007FF6783E91BA]
	(No symbol) [0x00007FF67843F16D]
	(No symbol) [0x00007FF67843F41C]
	(No symbol) [0x00007FF678431B1C]
	(No symbol) [0x00007FF67846716F]
	(No symbol) [0x00007FF6784319E6]
	(No symbol) [0x00007FF678467340]
	(No symbol) [0x00007FF67848F07F]
	(No symbol) [0x00007FF678466F03]
	(No symbol) [0x00007FF678430328]
	(No symbol) [0x00007FF678431093]
	GetHandleVerifier [0x00007FF6788D7B6D+2931725]
	GetHandleVerifier [0x00007FF6788D2132+2908626]
	GetHandleVerifier [0x00007FF6788F00F3+3031443]
	GetHandleVerifier [0x00007FF6786391EA+184970]
	GetHandleVerifier [0x00007FF67864086F+215311]
	GetHandleVerifier [0x00007FF678626EC4+110436]
	GetHandleVerifier [0x00007FF678627072+110866]
	GetHandleVerifier [0x00007FF67860D479+5401]
	BaseThreadInitThunk [0x00007FFCAAD3E8D7+23]
	RtlUserThreadStart [0x00007FFCAC3F14FC+44]

[2025-04-24 16:18:21] Error al extraer producto: Message: no such element: Unable to locate element: {"method":"css selector","selector":"span.a-price span.a-offscreen"}
  (Session info: chrome=135.0.7049.115); For documentation on this error, please visit: https://www.selenium.dev/documentation/webdriver/troubleshooting/errors#no-such-element-exception
Stacktrace:
	GetHandleVerifier [0x00007FF67861EFA5+77893]
	GetHandleVerifier [0x00007FF67861F000+77984]
	(No symbol) [0x00007FF6783E91BA]
	(No symbol) [0x00007FF67843F16D]
	(No symbol) [0x00007FF67843F41C]
	(No symbol) [0x00007FF678431B1C]
	(No symbol) [0x00007FF67846716F]
	(No symbol) [0x00007FF6784319E6]
	(No symbol) [0x00007FF678467340]
	(No symbol) [0x00007FF67848F07F]
	(No symbol) [0x00007FF678466F03]
	(No symbol) [0x00007FF678430328]
	(No symbol) [0x00007FF678431093]
	GetHandleVerifier [0x00007FF6788D7B6D+2931725]
	GetHandleVerifier [0x00007FF6788D2132+2908626]
	GetHandleVerifier [0x00007FF6788F00F3+3031443]
	GetHandleVerifier [0x00007FF6786391EA+184970]
	GetHandleVerifier [0x00007FF67864086F+215311]
	GetHandleVerifier [0x00007FF678626EC4+110436]
	GetHandleVerifier [0x00007FF678627072+110866]
	GetHandleVerifier [0x00007FF67860D479+5401]
	BaseThreadInitThunk [0x00007FFCAAD3E8D7+23]
	RtlUserThreadStart [0x00007FFCAC3F14FC+44]

[2025-04-24 16:18:21] Error al extraer producto: Message: no such element: Unable to locate element: {"method":"css selector","selector":"span.a-price span.a-offscreen"}
  (Session info: chrome=135.0.7049.115); For documentation on this error, please visit: https://www.selenium.dev/documentation/webdriver/troubleshooting/errors#no-such-element-exception
Stacktrace:
	GetHandleVerifier [0x00007FF67861EFA5+77893]
	GetHandleVerifier [0x00007FF67861F000+77984]
	(No symbol) [0x00007FF6783E91BA]
	(No symbol) [0x00007FF67843F16D]
	(No symbol) [0x00007FF67843F41C]
	(No symbol) [0x00007FF678431B1C]
	(No symbol) [0x00007FF67846716F]
	(No symbol) [0x00007FF6784319E6]
	(No symbol) [0x00007FF678467340]
	(No symbol) [0x00007FF67848F07F]
	(No symbol) [0x00007FF678466F03]
	(No symbol) [0x00007FF678430328]
	(No symbol) [0x00007FF678431093]
	GetHandleVerifier [0x00007FF6788D7B6D+2931725]
	GetHandleVerifier [0x00007FF6788D2132+2908626]
	GetHandleVerifier [0x00007FF6788F00F3+3031443]
	GetHandleVerifier [0x00007FF6786391EA+184970]
	GetHandleVerifier [0x00007FF67864086F+215311]
	GetHandleVerifier [0x00007FF678626EC4+110436]
	GetHandleVerifier [0x00007FF678627072+110866]
	GetHandleVerifier [0x00007FF67860D479+5401]
	BaseThreadInitThunk [0x00007FFCAAD3E8D7+23]
	RtlUserThreadStart [0x00007FFCAC3F14FC+44]

[2025-04-24 16:18:21] Error al extraer producto: Message: no such element: Unable to locate element: {"method":"css selector","selector":"span.a-price span.a-offscreen"}
  (Session info: chrome=135.0.7049.115); For documentation on this error, please visit: https://www.selenium.dev/documentation/webdriver/troubleshooting/errors#no-such-element-exception
Stacktrace:
	GetHandleVerifier [0x00007FF67861EFA5+77893]
	GetHandleVerifier [0x00007FF67861F000+77984]
	(No symbol) [0x00007FF6783E91BA]
	(No symbol) [0x00007FF67843F16D]
	(No symbol) [0x00007FF67843F41C]
	(No symbol) [0x00007FF678431B1C]
	(No symbol) [0x00007FF67846716F]
	(No symbol) [0x00007FF6784319E6]
	(No symbol) [0x00007FF678467340]
	(No symbol) [0x00007FF67848F07F]
	(No symbol) [0x00007FF678466F03]
	(No symbol) [0x00007FF678430328]
	(No symbol) [0x00007FF678431093]
	GetHandleVerifier [0x00007FF6788D7B6D+2931725]
	GetHandleVerifier [0x00007FF6788D2132+2908626]
	GetHandleVerifier [0x00007FF6788F00F3+3031443]
	GetHandleVerifier [0x00007FF6786391EA+184970]
	GetHandleVerifier [0x00007FF67864086F+215311]
	GetHandleVerifier [0x00007FF678626EC4+110436]
	GetHandleVerifier [0x00007FF678627072+110866]
	GetHandleVerifier [0x00007FF67860D479+5401]
	BaseThreadInitThunk [0x00007FFCAAD3E8D7+23]
	RtlUserThreadStart [0x00007FFCAC3F14FC+44]

[2025-04-24 16:18:21] Error al extraer producto: Message: no such element: Unable to locate element: {"method":"css selector","selector":"span.a-price span.a-offscreen"}
  (Session info: chrome=135.0.7049.115); For documentation on this error, please visit: https://www.selenium.dev/documentation/webdriver/troubleshooting/errors#no-such-element-exception
Stacktrace:
	GetHandleVerifier [0x00007FF67861EFA5+77893]
	GetHandleVerifier [0x00007FF67861F000+77984]
	(No symbol) [0x00007FF6783E91BA]
	(No symbol) [0x00007FF67843F16D]
	(No symbol) [0x00007FF67843F41C]
	(No symbol) [0x00007FF678431B1C]
	(No symbol) [0x00007FF67846716F]
	(No symbol) [0x00007FF6784319E6]
	(No symbol) [0x00007FF678467340]
	(No symbol) [0x00007FF67848F07F]
	(No symbol) [0x00007FF678466F03]
	(No symbol) [0x00007FF678430328]
	(No symbol) [0x00007FF678431093]
	GetHandleVerifier [0x00007FF6788D7B6D+2931725]
	GetHandleVerifier [0x00007FF6788D2132+2908626]
	GetHandleVerifier [0x00007FF6788F00F3+3031443]
	GetHandleVerifier [0x00007FF6786391EA+184970]
	GetHandleVerifier [0x00007FF67864086F+215311]
	GetHandleVerifier [0x00007FF678626EC4+110436]
	GetHandleVerifier [0x00007FF678627072+110866]
	GetHandleVerifier [0x00007FF67860D479+5401]
	BaseThreadInitThunk [0x00007FFCAAD3E8D7+23]
	RtlUserThreadStart [0x00007FFCAC3F14FC+44]

[2025-04-24 16:18:21] Error al extraer producto: Message: no such element: Unable to locate element: {"method":"css selector","selector":"span.a-price span.a-offscreen"}
  (Session info: chrome=135.0.7049.115); For documentation on this error, please visit: https://www.selenium.dev/documentation/webdriver/troubleshooting/errors#no-such-element-exception
Stacktrace:
	GetHandleVerifier [0x00007FF67861EFA5+77893]
	GetHandleVerifier [0x00007FF67861F000+77984]
	(No symbol) [0x00007FF6783E91BA]
	(No symbol) [0x00007FF67843F16D]
	(No symbol) [0x00007FF67843F41C]
	(No symbol) [0x00007FF678431B1C]
	(No symbol) [0x00007FF67846716F]
	(No symbol) [0x00007FF6784319E6]
	(No symbol) [0x00007FF678467340]
	(No symbol) [0x00007FF67848F07F]
	(No symbol) [0x00007FF678466F03]
	(No symbol) [0x00007FF678430328]
	(No symbol) [0x00007FF678431093]
	GetHandleVerifier [0x00007FF6788D7B6D+2931725]
	GetHandleVerifier [0x00007FF6788D2132+2908626]
	GetHandleVerifier [0x00007FF6788F00F3+3031443]
	GetHandleVerifier [0x00007FF6786391EA+184970]
	GetHandleVerifier [0x00007FF67864086F+215311]
	GetHandleVerifier [0x00007FF678626EC4+110436]
	GetHandleVerifier [0x00007FF678627072+110866]
	GetHandleVerifier [0x00007FF67860D479+5401]
	BaseThreadInitThunk [0x00007FFCAAD3E8D7+23]
	RtlUserThreadStart [0x00007FFCAC3F14FC+44]

[2025-04-24 17:05:50] Message: no such element: Unable to locate element: {"method":"css selector","selector":"h2 a span"}
  (Session info: chrome=135.0.7049.115); For documentation on this error, please visit: https://www.selenium.dev/documentation/webdriver/troubleshooting/errors#no-such-element-exception
Stacktrace:
	GetHandleVerifier [0x00007FF6D141EFA5+77893]
	GetHandleVerifier [0x00007FF6D141F000+77984]
	(No symbol) [0x00007FF6D11E91BA]
	(No symbol) [0x00007FF6D123F16D]
	(No symbol) [0x00007FF6D123F41C]
	(No symbol) [0x00007FF6D1231B1C]
	(No symbol) [0x00007FF6D126716F]
	(No symbol) [0x00007FF6D12319E6]
	(No symbol) [0x00007FF6D1267340]
	(No symbol) [0x00007FF6D128F07F]
	(No symbol) [0x00007FF6D1266F03]
	(No symbol) [0x00007FF6D1230328]
	(No symbol) [0x00007FF6D1231093]
	GetHandleVerifier [0x00007FF6D16D7B6D+2931725]
	GetHandleVerifier [0x00007FF6D16D2132+2908626]
	GetHandleVerifier [0x00007FF6D16F00F3+3031443]
	GetHandleVerifier [0x00007FF6D14391EA+184970]
	GetHandleVerifier [0x00007FF6D144086F+215311]
	GetHandleVerifier [0x00007FF6D1426EC4+110436]
	GetHandleVerifier [0x00007FF6D1427072+110866]
	GetHandleVerifier [0x00007FF6D140D479+5401]
	BaseThreadInitThunk [0x00007FFCAAD3E8D7+23]
	RtlUserThreadStart [0x00007FFCAC3F14FC+44]

[2025-04-24 17:05:50] Message: no such element: Unable to locate element: {"method":"css selector","selector":"h2 a span"}
  (Session info: chrome=135.0.7049.115); For documentation on this error, please visit: https://www.selenium.dev/documentation/webdriver/troubleshooting/errors#no-such-element-exception
Stacktrace:
	GetHandleVerifier [0x00007FF6D141EFA5+77893]
	GetHandleVerifier [0x00007FF6D141F000+77984]
	(No symbol) [0x00007FF6D11E91BA]
	(No symbol) [0x00007FF6D123F16D]
	(No symbol) [0x00007FF6D123F41C]
	(No symbol) [0x00007FF6D1231B1C]
	(No symbol) [0x00007FF6D126716F]
	(No symbol) [0x00007FF6D12319E6]
	(No symbol) [0x00007FF6D1267340]
	(No symbol) [0x00007FF6D128F07F]
	(No symbol) [0x00007FF6D1266F03]
	(No symbol) [0x00007FF6D1230328]
	(No symbol) [0x00007FF6D1231093]
	GetHandleVerifier [0x00007FF6D16D7B6D+2931725]
	GetHandleVerifier [0x00007FF6D16D2132+2908626]
	GetHandleVerifier [0x00007FF6D16F00F3+3031443]
	GetHandleVerifier [0x00007FF6D14391EA+184970]
	GetHandleVerifier [0x00007FF6D144086F+215311]
	GetHandleVerifier [0x00007FF6D1426EC4+110436]
	GetHandleVerifier [0x00007FF6D1427072+110866]
	GetHandleVerifier [0x00007FF6D140D479+5401]
	BaseThreadInitThunk [0x00007FFCAAD3E8D7+23]
	RtlUserThreadStart [0x00007FFCAC3F14FC+44]

[2025-04-24 17:05:50] Message: no such element: Unable to locate element: {"method":"css selector","selector":"h2 a span"}
  (Session info: chrome=135.0.7049.115); For documentation on this error, please visit: https://www.selenium.dev/documentation/webdriver/troubleshooting/errors#no-such-element-exception
Stacktrace:
	GetHandleVerifier [0x00007FF6D141EFA5+77893]
	GetHandleVerifier [0x00007FF6D141F000+77984]
	(No symbol) [0x00007FF6D11E91BA]
	(No symbol) [0x00007FF6D123F16D]
	(No symbol) [0x00007FF6D123F41C]
	(No symbol) [0x00007FF6D1231B1C]
	(No symbol) [0x00007FF6D126716F]
	(No symbol) [0x00007FF6D12319E6]
	(No symbol) [0x00007FF6D1267340]
	(No symbol) [0x00007FF6D128F07F]
	(No symbol) [0x00007FF6D1266F03]
	(No symbol) [0x00007FF6D1230328]
	(No symbol) [0x00007FF6D1231093]
	GetHandleVerifier [0x00007FF6D16D7B6D+2931725]
	GetHandleVerifier [0x00007FF6D16D2132+2908626]
	GetHandleVerifier [0x00007FF6D16F00F3+3031443]
	GetHandleVerifier [0x00007FF6D14391EA+184970]
	GetHandleVerifier [0x00007FF6D144086F+215311]
	GetHandleVerifier [0x00007FF6D1426EC4+110436]
	GetHandleVerifier [0x00007FF6D1427072+110866]
	GetHandleVerifier [0x00007FF6D140D479+5401]
	BaseThreadInitThunk [0x00007FFCAAD3E8D7+23]
	RtlUserThreadStart [0x00007FFCAC3F14FC+44]

[2025-04-24 17:05:50] Message: no such element: Unable to locate element: {"method":"css selector","selector":"h2 a span"}
  (Session info: chrome=135.0.7049.115); For documentation on this error, please visit: https://www.selenium.dev/documentation/webdriver/troubleshooting/errors#no-such-element-exception
Stacktrace:
	GetHandleVerifier [0x00007FF6D141EFA5+77893]
	GetHandleVerifier [0x00007FF6D141F000+77984]
	(No symbol) [0x00007FF6D11E91BA]
	(No symbol) [0x00007FF6D123F16D]
	(No symbol) [0x00007FF6D123F41C]
	(No symbol) [0x00007FF6D1231B1C]
	(No symbol) [0x00007FF6D126716F]
	(No symbol) [0x00007FF6D12319E6]
	(No symbol) [0x00007FF6D1267340]
	(No symbol) [0x00007FF6D128F07F]
	(No symbol) [0x00007FF6D1266F03]
	(No symbol) [0x00007FF6D1230328]
	(No symbol) [0x00007FF6D1231093]
	GetHandleVerifier [0x00007FF6D16D7B6D+2931725]
	GetHandleVerifier [0x00007FF6D16D2132+2908626]
	GetHandleVerifier [0x00007FF6D16F00F3+3031443]
	GetHandleVerifier [0x00007FF6D14391EA+184970]
	GetHandleVerifier [0x00007FF6D144086F+215311]
	GetHandleVerifier [0x00007FF6D1426EC4+110436]
	GetHandleVerifier [0x00007FF6D1427072+110866]
	GetHandleVerifier [0x00007FF6D140D479+5401]
	BaseThreadInitThunk [0x00007FFCAAD3E8D7+23]
	RtlUserThreadStart [0x00007FFCAC3F14FC+44]

[2025-04-24 17:05:50] Message: no such element: Unable to locate element: {"method":"css selector","selector":"h2 a span"}
  (Session info: chrome=135.0.7049.115); For documentation on this error, please visit: https://www.selenium.dev/documentation/webdriver/troubleshooting/errors#no-such-element-exception
Stacktrace:
	GetHandleVerifier [0x00007FF6D141EFA5+77893]
	GetHandleVerifier [0x00007FF6D141F000+77984]
	(No symbol) [0x00007FF6D11E91BA]
	(No symbol) [0x00007FF6D123F16D]
	(No symbol) [0x00007FF6D123F41C]
	(No symbol) [0x00007FF6D1231B1C]
	(No symbol) [0x00007FF6D126716F]
	(No symbol) [0x00007FF6D12319E6]
	(No symbol) [0x00007FF6D1267340]
	(No symbol) [0x00007FF6D128F07F]
	(No symbol) [0x00007FF6D1266F03]
	(No symbol) [0x00007FF6D1230328]
	(No symbol) [0x00007FF6D1231093]
	GetHandleVerifier [0x00007FF6D16D7B6D+2931725]
	GetHandleVerifier [0x00007FF6D16D2132+2908626]
	GetHandleVerifier [0x00007FF6D16F00F3+3031443]
	GetHandleVerifier [0x00007FF6D14391EA+184970]
	GetHandleVerifier [0x00007FF6D144086F+215311]
	GetHandleVerifier [0x00007FF6D1426EC4+110436]
	GetHandleVerifier [0x00007FF6D1427072+110866]
	GetHandleVerifier [0x00007FF6D140D479+5401]
	BaseThreadInitThunk [0x00007FFCAAD3E8D7+23]
	RtlUserThreadStart [0x00007FFCAC3F14FC+44]

[2025-04-24 17:05:50] Message: no such element: Unable to locate element: {"method":"css selector","selector":"h2 a span"}
  (Session info: chrome=135.0.7049.115); For documentation on this error, please visit: https://www.selenium.dev/documentation/webdriver/troubleshooting/errors#no-such-element-exception
Stacktrace:
	GetHandleVerifier [0x00007FF6D141EFA5+77893]
	GetHandleVerifier [0x00007FF6D141F000+77984]
	(No symbol) [0x00007FF6D11E91BA]
	(No symbol) [0x00007FF6D123F16D]
	(No symbol) [0x00007FF6D123F41C]
	(No symbol) [0x00007FF6D1231B1C]
	(No symbol) [0x00007FF6D126716F]
	(No symbol) [0x00007FF6D12319E6]
	(No symbol) [0x00007FF6D1267340]
	(No symbol) [0x00007FF6D128F07F]
	(No symbol) [0x00007FF6D1266F03]
	(No symbol) [0x00007FF6D1230328]
	(No symbol) [0x00007FF6D1231093]
	GetHandleVerifier [0x00007FF6D16D7B6D+2931725]
	GetHandleVerifier [0x00007FF6D16D2132+2908626]
	GetHandleVerifier [0x00007FF6D16F00F3+3031443]
	GetHandleVerifier [0x00007FF6D14391EA+184970]
	GetHandleVerifier [0x00007FF6D144086F+215311]
	GetHandleVerifier [0x00007FF6D1426EC4+110436]
	GetHandleVerifier [0x00007FF6D1427072+110866]
	GetHandleVerifier [0x00007FF6D140D479+5401]
	BaseThreadInitThunk [0x00007FFCAAD3E8D7+23]
	RtlUserThreadStart [0x00007FFCAC3F14FC+44]

[2025-04-24 17:05:50] Message: no such element: Unable to locate element: {"method":"css selector","selector":"h2 a span"}
  (Session info: chrome=135.0.7049.115); For documentation on this error, please visit: https://www.selenium.dev/documentation/webdriver/troubleshooting/errors#no-such-element-exception
Stacktrace:
	GetHandleVerifier [0x00007FF6D141EFA5+77893]
	GetHandleVerifier [0x00007FF6D141F000+77984]
	(No symbol) [0x00007FF6D11E91BA]
	(No symbol) [0x00007FF6D123F16D]
	(No symbol) [0x00007FF6D123F41C]
	(No symbol) [0x00007FF6D1231B1C]
	(No symbol) [0x00007FF6D126716F]
	(No symbol) [0x00007FF6D12319E6]
	(No symbol) [0x00007FF6D1267340]
	(No symbol) [0x00007FF6D128F07F]
	(No symbol) [0x00007FF6D1266F03]
	(No symbol) [0x00007FF6D1230328]
	(No symbol) [0x00007FF6D1231093]
	GetHandleVerifier [0x00007FF6D16D7B6D+2931725]
	GetHandleVerifier [0x00007FF6D16D2132+2908626]
	GetHandleVerifier [0x00007FF6D16F00F3+3031443]
	GetHandleVerifier [0x00007FF6D14391EA+184970]
	GetHandleVerifier [0x00007FF6D144086F+215311]
	GetHandleVerifier [0x00007FF6D1426EC4+110436]
	GetHandleVerifier [0x00007FF6D1427072+110866]
	GetHandleVerifier [0x00007FF6D140D479+5401]
	BaseThreadInitThunk [0x00007FFCAAD3E8D7+23]
	RtlUserThreadStart [0x00007FFCAC3F14FC+44]

[2025-04-24 17:05:50] Message: no such element: Unable to locate element: {"method":"css selector","selector":"h2 a span"}
  (Session info: chrome=135.0.7049.115); For documentation on this error, please visit: https://www.selenium.dev/documentation/webdriver/troubleshooting/errors#no-such-element-exception
Stacktrace:
	GetHandleVerifier [0x00007FF6D141EFA5+77893]
	GetHandleVerifier [0x00007FF6D141F000+77984]
	(No symbol) [0x00007FF6D11E91BA]
	(No symbol) [0x00007FF6D123F16D]
	(No symbol) [0x00007FF6D123F41C]
	(No symbol) [0x00007FF6D1231B1C]
	(No symbol) [0x00007FF6D126716F]
	(No symbol) [0x00007FF6D12319E6]
	(No symbol) [0x00007FF6D1267340]
	(No symbol) [0x00007FF6D128F07F]
	(No symbol) [0x00007FF6D1266F03]
	(No symbol) [0x00007FF6D1230328]
	(No symbol) [0x00007FF6D1231093]
	GetHandleVerifier [0x00007FF6D16D7B6D+2931725]
	GetHandleVerifier [0x00007FF6D16D2132+2908626]
	GetHandleVerifier [0x00007FF6D16F00F3+3031443]
	GetHandleVerifier [0x00007FF6D14391EA+184970]
	GetHandleVerifier [0x00007FF6D144086F+215311]
	GetHandleVerifier [0x00007FF6D1426EC4+110436]
	GetHandleVerifier [0x00007FF6D1427072+110866]
	GetHandleVerifier [0x00007FF6D140D479+5401]
	BaseThreadInitThunk [0x00007FFCAAD3E8D7+23]
	RtlUserThreadStart [0x00007FFCAC3F14FC+44]

[2025-04-24 17:05:50] Message: no such element: Unable to locate element: {"method":"css selector","selector":"h2 a span"}
  (Session info: chrome=135.0.7049.115); For documentation on this error, please visit: https://www.selenium.dev/documentation/webdriver/troubleshooting/errors#no-such-element-exception
Stacktrace:
	GetHandleVerifier [0x00007FF6D141EFA5+77893]
	GetHandleVerifier [0x00007FF6D141F000+77984]
	(No symbol) [0x00007FF6D11E91BA]
	(No symbol) [0x00007FF6D123F16D]
	(No symbol) [0x00007FF6D123F41C]
	(No symbol) [0x00007FF6D1231B1C]
	(No symbol) [0x00007FF6D126716F]
	(No symbol) [0x00007FF6D12319E6]
	(No symbol) [0x00007FF6D1267340]
	(No symbol) [0x00007FF6D128F07F]
	(No symbol) [0x00007FF6D1266F03]
	(No symbol) [0x00007FF6D1230328]
	(No symbol) [0x00007FF6D1231093]
	GetHandleVerifier [0x00007FF6D16D7B6D+2931725]
	GetHandleVerifier [0x00007FF6D16D2132+2908626]
	GetHandleVerifier [0x00007FF6D16F00F3+3031443]
	GetHandleVerifier [0x00007FF6D14391EA+184970]
	GetHandleVerifier [0x00007FF6D144086F+215311]
	GetHandleVerifier [0x00007FF6D1426EC4+110436]
	GetHandleVerifier [0x00007FF6D1427072+110866]
	GetHandleVerifier [0x00007FF6D140D479+5401]
	BaseThreadInitThunk [0x00007FFCAAD3E8D7+23]
	RtlUserThreadStart [0x00007FFCAC3F14FC+44]

[2025-04-24 17:05:50] Message: no such element: Unable to locate element: {"method":"css selector","selector":"h2 a span"}
  (Session info: chrome=135.0.7049.115); For documentation on this error, please visit: https://www.selenium.dev/documentation/webdriver/troubleshooting/errors#no-such-element-exception
Stacktrace:
	GetHandleVerifier [0x00007FF6D141EFA5+77893]
	GetHandleVerifier [0x00007FF6D141F000+77984]
	(No symbol) [0x00007FF6D11E91BA]
	(No symbol) [0x00007FF6D123F16D]
	(No symbol) [0x00007FF6D123F41C]
	(No symbol) [0x00007FF6D1231B1C]
	(No symbol) [0x00007FF6D126716F]
	(No symbol) [0x00007FF6D12319E6]
	(No symbol) [0x00007FF6D1267340]
	(No symbol) [0x00007FF6D128F07F]
	(No symbol) [0x00007FF6D1266F03]
	(No symbol) [0x00007FF6D1230328]
	(No symbol) [0x00007FF6D1231093]
	GetHandleVerifier [0x00007FF6D16D7B6D+2931725]
	GetHandleVerifier [0x00007FF6D16D2132+2908626]
	GetHandleVerifier [0x00007FF6D16F00F3+3031443]
	GetHandleVerifier [0x00007FF6D14391EA+184970]
	GetHandleVerifier [0x00007FF6D144086F+215311]
	GetHandleVerifier [0x00007FF6D1426EC4+110436]
	GetHandleVerifier [0x00007FF6D1427072+110866]
	GetHandleVerifier [0x00007FF6D140D479+5401]
	BaseThreadInitThunk [0x00007FFCAAD3E8D7+23]
	RtlUserThreadStart [0x00007FFCAC3F14FC+44]

[2025-04-24 18:47:59] Message: 

[2025-04-24 18:55:26] Message: 

[2025-04-24 18:57:28] No se encontraron productos. Dump HTML y screenshot generados.
[2025-04-24 19:08:07] Message: 

[2025-04-24 19:17:32] Message: 

[2025-04-24 19:26:31] Message: 
Stacktrace:
	GetHandleVerifier [0x00007FF79B08EFA5+77893]
	GetHandleVerifier [0x00007FF79B08F000+77984]
	(No symbol) [0x00007FF79AE591BA]
	(No symbol) [0x00007FF79AEAF16D]
	(No symbol) [0x00007FF79AEAF41C]
	(No symbol) [0x00007FF79AF02237]
	(No symbol) [0x00007FF79AED716F]
	(No symbol) [0x00007FF79AEFF07F]
	(No symbol) [0x00007FF79AED6F03]
	(No symbol) [0x00007FF79AEA0328]
	(No symbol) [0x00007FF79AEA1093]
	GetHandleVerifier [0x00007FF79B347B6D+2931725]
	GetHandleVerifier [0x00007FF79B342132+2908626]
	GetHandleVerifier [0x00007FF79B3600F3+3031443]
	GetHandleVerifier [0x00007FF79B0A91EA+184970]
	GetHandleVerifier [0x00007FF79B0B086F+215311]
	GetHandleVerifier [0x00007FF79B096EC4+110436]
	GetHandleVerifier [0x00007FF79B097072+110866]
	GetHandleVerifier [0x00007FF79B07D479+5401]
	BaseThreadInitThunk [0x00007FFCAAD3E8D7+23]
	RtlUserThreadStart [0x00007FFCAC3F14FC+44]

[2025-04-24 19:28:34] Error general en AliExpress scraper: Message: 
Stacktrace:
	GetHandleVerifier [0x00007FF79B08EFA5+77893]
	GetHandleVerifier [0x00007FF79B08F000+77984]
	(No symbol) [0x00007FF79AE591BA]
	(No symbol) [0x00007FF79AEAF16D]
	(No symbol) [0x00007FF79AEAF41C]
	(No symbol) [0x00007FF79AF02237]
	(No symbol) [0x00007FF79AED716F]
	(No symbol) [0x00007FF79AEFF07F]
	(No symbol) [0x00007FF79AED6F03]
	(No symbol) [0x00007FF79AEA0328]
	(No symbol) [0x00007FF79AEA1093]
	GetHandleVerifier [0x00007FF79B347B6D+2931725]
	GetHandleVerifier [0x00007FF79B342132+2908626]
	GetHandleVerifier [0x00007FF79B3600F3+3031443]
	GetHandleVerifier [0x00007FF79B0A91EA+184970]
	GetHandleVerifier [0x00007FF79B0B086F+215311]
	GetHandleVerifier [0x00007FF79B096EC4+110436]
	GetHandleVerifier [0x00007FF79B097072+110866]
	GetHandleVerifier [0x00007FF79B07D479+5401]
	BaseThreadInitThunk [0x00007FFCAAD3E8D7+23]
	RtlUserThreadStart [0x00007FFCAC3F14FC+44]

[2025-04-24 19:36:08] Error general en AliExpress scraper: Message: 

[2025-04-24 19:41:04] Error general en AliExpress scraper: Message: 

[2025-04-24 19:42:42] Error general en AliExpress scraper: Message: 

[2025-04-24 19:44:26] Error general en AliExpress scraper: Message: 
Stacktrace:
	GetHandleVerifier [0x00007FF731A0EFA5+77893]
	GetHandleVerifier [0x00007FF731A0F000+77984]
	(No symbol) [0x00007FF7317D91BA]
	(No symbol) [0x00007FF73182F16D]
	(No symbol) [0x00007FF73182F41C]
	(No symbol) [0x00007FF731882237]
	(No symbol) [0x00007FF73185716F]
	(No symbol) [0x00007FF73187F07F]
	(No symbol) [0x00007FF731856F03]
	(No symbol) [0x00007FF731820328]
	(No symbol) [0x00007FF731821093]
	GetHandleVerifier [0x00007FF731CC7B6D+2931725]
	GetHandleVerifier [0x00007FF731CC2132+2908626]
	GetHandleVerifier [0x00007FF731CE00F3+3031443]
	GetHandleVerifier [0x00007FF731A291EA+184970]
	GetHandleVerifier [0x00007FF731A3086F+215311]
	GetHandleVerifier [0x00007FF731A16EC4+110436]
	GetHandleVerifier [0x00007FF731A17072+110866]
	GetHandleVerifier [0x00007FF7319FD479+5401]
	BaseThreadInitThunk [0x00007FFCAAD3E8D7+23]
	RtlUserThreadStart [0x00007FFCAC3F14FC+44]

[2025-04-24 19:57:55] Error general en AliExpress scraper: Message: 
Stacktrace:
	GetHandleVerifier [0x00007FF6E788EFA5+77893]
	GetHandleVerifier [0x00007FF6E788F000+77984]
	(No symbol) [0x00007FF6E76591BA]
	(No symbol) [0x00007FF6E76AF16D]
	(No symbol) [0x00007FF6E76AF41C]
	(No symbol) [0x00007FF6E7702237]
	(No symbol) [0x00007FF6E76D716F]
	(No symbol) [0x00007FF6E76FF07F]
	(No symbol) [0x00007FF6E76D6F03]
	(No symbol) [0x00007FF6E76A0328]
	(No symbol) [0x00007FF6E76A1093]
	GetHandleVerifier [0x00007FF6E7B47B6D+2931725]
	GetHandleVerifier [0x00007FF6E7B42132+2908626]
	GetHandleVerifier [0x00007FF6E7B600F3+3031443]
	GetHandleVerifier [0x00007FF6E78A91EA+184970]
	GetHandleVerifier [0x00007FF6E78B086F+215311]
	GetHandleVerifier [0x00007FF6E7896EC4+110436]
	GetHandleVerifier [0x00007FF6E7897072+110866]
	GetHandleVerifier [0x00007FF6E787D479+5401]
	BaseThreadInitThunk [0x00007FFCAAD3E8D7+23]
	RtlUserThreadStart [0x00007FFCAC3F14FC+44]

[2025-04-24 20:13:10] Error general en AliExpress scraper: Message: 
Stacktrace:
	GetHandleVerifier [0x00007FF783ADEFA5+77893]
	GetHandleVerifier [0x00007FF783ADF000+77984]
	(No symbol) [0x00007FF7838A91BA]
	(No symbol) [0x00007FF7838FF16D]
	(No symbol) [0x00007FF7838FF41C]
	(No symbol) [0x00007FF783952237]
	(No symbol) [0x00007FF78392716F]
	(No symbol) [0x00007FF78394F07F]
	(No symbol) [0x00007FF783926F03]
	(No symbol) [0x00007FF7838F0328]
	(No symbol) [0x00007FF7838F1093]
	GetHandleVerifier [0x00007FF783D97B6D+2931725]
	GetHandleVerifier [0x00007FF783D92132+2908626]
	GetHandleVerifier [0x00007FF783DB00F3+3031443]
	GetHandleVerifier [0x00007FF783AF91EA+184970]
	GetHandleVerifier [0x00007FF783B0086F+215311]
	GetHandleVerifier [0x00007FF783AE6EC4+110436]
	GetHandleVerifier [0x00007FF783AE7072+110866]
	GetHandleVerifier [0x00007FF783ACD479+5401]
	BaseThreadInitThunk [0x00007FFCAAD3E8D7+23]
	RtlUserThreadStart [0x00007FFCAC3F14FC+44]

[2025-04-24 20:47:17] Error general en Shein scraper: Message: 
Stacktrace:
	GetHandleVerifier [0x00007FF66A97EFA5+77893]
	GetHandleVerifier [0x00007FF66A97F000+77984]
	(No symbol) [0x00007FF66A7491BA]
	(No symbol) [0x00007FF66A79F16D]
	(No symbol) [0x00007FF66A79F41C]
	(No symbol) [0x00007FF66A7F2237]
	(No symbol) [0x00007FF66A7C716F]
	(No symbol) [0x00007FF66A7EF07F]
	(No symbol) [0x00007FF66A7C6F03]
	(No symbol) [0x00007FF66A790328]
	(No symbol) [0x00007FF66A791093]
	GetHandleVerifier [0x00007FF66AC37B6D+2931725]
	GetHandleVerifier [0x00007FF66AC32132+2908626]
	GetHandleVerifier [0x00007FF66AC500F3+3031443]
	GetHandleVerifier [0x00007FF66A9991EA+184970]
	GetHandleVerifier [0x00007FF66A9A086F+215311]
	GetHandleVerifier [0x00007FF66A986EC4+110436]
	GetHandleVerifier [0x00007FF66A987072+110866]
	GetHandleVerifier [0x00007FF66A96D479+5401]
	BaseThreadInitThunk [0x00007FFCAAD3E8D7+23]
	RtlUserThreadStart [0x00007FFCAC3F14FC+44]

[2025-04-24 20:50:52] Error general en Shein scraper: Message: 
Stacktrace:
	GetHandleVerifier [0x00007FF7DBB6EFA5+77893]
	GetHandleVerifier [0x00007FF7DBB6F000+77984]
	(No symbol) [0x00007FF7DB9391BA]
	(No symbol) [0x00007FF7DB98F16D]
	(No symbol) [0x00007FF7DB98F41C]
	(No symbol) [0x00007FF7DB9E2237]
	(No symbol) [0x00007FF7DB9B716F]
	(No symbol) [0x00007FF7DB9DF07F]
	(No symbol) [0x00007FF7DB9B6F03]
	(No symbol) [0x00007FF7DB980328]
	(No symbol) [0x00007FF7DB981093]
	GetHandleVerifier [0x00007FF7DBE27B6D+2931725]
	GetHandleVerifier [0x00007FF7DBE22132+2908626]
	GetHandleVerifier [0x00007FF7DBE400F3+3031443]
	GetHandleVerifier [0x00007FF7DBB891EA+184970]
	GetHandleVerifier [0x00007FF7DBB9086F+215311]
	GetHandleVerifier [0x00007FF7DBB76EC4+110436]
	GetHandleVerifier [0x00007FF7DBB77072+110866]
	GetHandleVerifier [0x00007FF7DBB5D479+5401]
	BaseThreadInitThunk [0x00007FFCAAD3E8D7+23]
	RtlUserThreadStart [0x00007FFCAC3F14FC+44]

[2025-04-24 20:57:58] Error general en Shein scraper: Message: 
Stacktrace:
	GetHandleVerifier [0x00007FF7DBB6EFA5+77893]
	GetHandleVerifier [0x00007FF7DBB6F000+77984]
	(No symbol) [0x00007FF7DB9391BA]
	(No symbol) [0x00007FF7DB98F16D]
	(No symbol) [0x00007FF7DB98F41C]
	(No symbol) [0x00007FF7DB9E2237]
	(No symbol) [0x00007FF7DB9B716F]
	(No symbol) [0x00007FF7DB9DF07F]
	(No symbol) [0x00007FF7DB9B6F03]
	(No symbol) [0x00007FF7DB980328]
	(No symbol) [0x00007FF7DB981093]
	GetHandleVerifier [0x00007FF7DBE27B6D+2931725]
	GetHandleVerifier [0x00007FF7DBE22132+2908626]
	GetHandleVerifier [0x00007FF7DBE400F3+3031443]
	GetHandleVerifier [0x00007FF7DBB891EA+184970]
	GetHandleVerifier [0x00007FF7DBB9086F+215311]
	GetHandleVerifier [0x00007FF7DBB76EC4+110436]
	GetHandleVerifier [0x00007FF7DBB77072+110866]
	GetHandleVerifier [0x00007FF7DBB5D479+5401]
	BaseThreadInitThunk [0x00007FFCAAD3E8D7+23]
	RtlUserThreadStart [0x00007FFCAC3F14FC+44]

[2025-04-24 20:58:39] Error general en Shein scraper: Message: 
Stacktrace:
	GetHandleVerifier [0x00007FF7DBB6EFA5+77893]
	GetHandleVerifier [0x00007FF7DBB6F000+77984]
	(No symbol) [0x00007FF7DB9391BA]
	(No symbol) [0x00007FF7DB98F16D]
	(No symbol) [0x00007FF7DB98F41C]
	(No symbol) [0x00007FF7DB9E2237]
	(No symbol) [0x00007FF7DB9B716F]
	(No symbol) [0x00007FF7DB9DF07F]
	(No symbol) [0x00007FF7DB9B6F03]
	(No symbol) [0x00007FF7DB980328]
	(No symbol) [0x00007FF7DB981093]
	GetHandleVerifier [0x00007FF7DBE27B6D+2931725]
	GetHandleVerifier [0x00007FF7DBE22132+2908626]
	GetHandleVerifier [0x00007FF7DBE400F3+3031443]
	GetHandleVerifier [0x00007FF7DBB891EA+184970]
	GetHandleVerifier [0x00007FF7DBB9086F+215311]
	GetHandleVerifier [0x00007FF7DBB76EC4+110436]
	GetHandleVerifier [0x00007FF7DBB77072+110866]
	GetHandleVerifier [0x00007FF7DBB5D479+5401]
	BaseThreadInitThunk [0x00007FFCAAD3E8D7+23]
	RtlUserThreadStart [0x00007FFCAC3F14FC+44]

[2025-04-24 20:59:17] Error general en Shein scraper: Message: 
Stacktrace:
	GetHandleVerifier [0x00007FF7DBB6EFA5+77893]
	GetHandleVerifier [0x00007FF7DBB6F000+77984]
	(No symbol) [0x00007FF7DB9391BA]
	(No symbol) [0x00007FF7DB98F16D]
	(No symbol) [0x00007FF7DB98F41C]
	(No symbol) [0x00007FF7DB9E2237]
	(No symbol) [0x00007FF7DB9B716F]
	(No symbol) [0x00007FF7DB9DF07F]
	(No symbol) [0x00007FF7DB9B6F03]
	(No symbol) [0x00007FF7DB980328]
	(No symbol) [0x00007FF7DB981093]
	GetHandleVerifier [0x00007FF7DBE27B6D+2931725]
	GetHandleVerifier [0x00007FF7DBE22132+2908626]
	GetHandleVerifier [0x00007FF7DBE400F3+3031443]
	GetHandleVerifier [0x00007FF7DBB891EA+184970]
	GetHandleVerifier [0x00007FF7DBB9086F+215311]
	GetHandleVerifier [0x00007FF7DBB76EC4+110436]
	GetHandleVerifier [0x00007FF7DBB77072+110866]
	GetHandleVerifier [0x00007FF7DBB5D479+5401]
	BaseThreadInitThunk [0x00007FFCAAD3E8D7+23]
	RtlUserThreadStart [0x00007FFCAC3F14FC+44]

[2025-04-24 20:59:59] Error general en Shein scraper: Message: 
Stacktrace:
	GetHandleVerifier [0x00007FF7DBB6EFA5+77893]
	GetHandleVerifier [0x00007FF7DBB6F000+77984]
	(No symbol) [0x00007FF7DB9391BA]
	(No symbol) [0x00007FF7DB98F16D]
	(No symbol) [0x00007FF7DB98F41C]
	(No symbol) [0x00007FF7DB9E2237]
	(No symbol) [0x00007FF7DB9B716F]
	(No symbol) [0x00007FF7DB9DF07F]
	(No symbol) [0x00007FF7DB9B6F03]
	(No symbol) [0x00007FF7DB980328]
	(No symbol) [0x00007FF7DB981093]
	GetHandleVerifier [0x00007FF7DBE27B6D+2931725]
	GetHandleVerifier [0x00007FF7DBE22132+2908626]
	GetHandleVerifier [0x00007FF7DBE400F3+3031443]
	GetHandleVerifier [0x00007FF7DBB891EA+184970]
	GetHandleVerifier [0x00007FF7DBB9086F+215311]
	GetHandleVerifier [0x00007FF7DBB76EC4+110436]
	GetHandleVerifier [0x00007FF7DBB77072+110866]
	GetHandleVerifier [0x00007FF7DBB5D479+5401]
	BaseThreadInitThunk [0x00007FFCAAD3E8D7+23]
	RtlUserThreadStart [0x00007FFCAC3F14FC+44]

[2025-04-24 21:00:19] Error general en Shein scraper: Message: invalid session id: session deleted as the browser has closed the connection
from disconnected: not connected to DevTools
  (Session info: chrome=135.0.7049.115)
Stacktrace:
	GetHandleVerifier [0x00007FF7DBB6EFA5+77893]
	GetHandleVerifier [0x00007FF7DBB6F000+77984]
	(No symbol) [0x00007FF7DB9391BA]
	(No symbol) [0x00007FF7DB924F15]
	(No symbol) [0x00007FF7DB949F04]
	(No symbol) [0x00007FF7DB9BEACF]
	(No symbol) [0x00007FF7DB9DE972]
	(No symbol) [0x00007FF7DB9B6F03]
	(No symbol) [0x00007FF7DB980328]
	(No symbol) [0x00007FF7DB981093]
	GetHandleVerifier [0x00007FF7DBE27B6D+2931725]
	GetHandleVerifier [0x00007FF7DBE22132+2908626]
	GetHandleVerifier [0x00007FF7DBE400F3+3031443]
	GetHandleVerifier [0x00007FF7DBB891EA+184970]
	GetHandleVerifier [0x00007FF7DBB9086F+215311]
	GetHandleVerifier [0x00007FF7DBB76EC4+110436]
	GetHandleVerifier [0x00007FF7DBB77072+110866]
	GetHandleVerifier [0x00007FF7DBB5D479+5401]
	BaseThreadInitThunk [0x00007FFCAAD3E8D7+23]
	RtlUserThreadStart [0x00007FFCAC3F14FC+44]

[2025-04-24 21:06:49] Message: no such element: Unable to locate element: {"method":"css selector","selector":"h2.ui-search-item__title"}
  (Session info: chrome=135.0.7049.115); For documentation on this error, please visit: https://www.selenium.dev/documentation/webdriver/troubleshooting/errors#no-such-element-exception
Stacktrace:
	GetHandleVerifier [0x00007FF6492FEFA5+77893]
	GetHandleVerifier [0x00007FF6492FF000+77984]
	(No symbol) [0x00007FF6490C91BA]
	(No symbol) [0x00007FF64911F16D]
	(No symbol) [0x00007FF64911F41C]
	(No symbol) [0x00007FF649111B1C]
	(No symbol) [0x00007FF64914716F]
	(No symbol) [0x00007FF6491119E6]
	(No symbol) [0x00007FF649147340]
	(No symbol) [0x00007FF64916F07F]
	(No symbol) [0x00007FF649146F03]
	(No symbol) [0x00007FF649110328]
	(No symbol) [0x00007FF649111093]
	GetHandleVerifier [0x00007FF6495B7B6D+2931725]
	GetHandleVerifier [0x00007FF6495B2132+2908626]
	GetHandleVerifier [0x00007FF6495D00F3+3031443]
	GetHandleVerifier [0x00007FF6493191EA+184970]
	GetHandleVerifier [0x00007FF64932086F+215311]
	GetHandleVerifier [0x00007FF649306EC4+110436]
	GetHandleVerifier [0x00007FF649307072+110866]
	GetHandleVerifier [0x00007FF6492ED479+5401]
	BaseThreadInitThunk [0x00007FFCAAD3E8D7+23]
	RtlUserThreadStart [0x00007FFCAC3F14FC+44]

[2025-04-24 21:06:49] Message: no such element: Unable to locate element: {"method":"css selector","selector":"h2.ui-search-item__title"}
  (Session info: chrome=135.0.7049.115); For documentation on this error, please visit: https://www.selenium.dev/documentation/webdriver/troubleshooting/errors#no-such-element-exception
Stacktrace:
	GetHandleVerifier [0x00007FF6492FEFA5+77893]
	GetHandleVerifier [0x00007FF6492FF000+77984]
	(No symbol) [0x00007FF6490C91BA]
	(No symbol) [0x00007FF64911F16D]
	(No symbol) [0x00007FF64911F41C]
	(No symbol) [0x00007FF649111B1C]
	(No symbol) [0x00007FF64914716F]
	(No symbol) [0x00007FF6491119E6]
	(No symbol) [0x00007FF649147340]
	(No symbol) [0x00007FF64916F07F]
	(No symbol) [0x00007FF649146F03]
	(No symbol) [0x00007FF649110328]
	(No symbol) [0x00007FF649111093]
	GetHandleVerifier [0x00007FF6495B7B6D+2931725]
	GetHandleVerifier [0x00007FF6495B2132+2908626]
	GetHandleVerifier [0x00007FF6495D00F3+3031443]
	GetHandleVerifier [0x00007FF6493191EA+184970]
	GetHandleVerifier [0x00007FF64932086F+215311]
	GetHandleVerifier [0x00007FF649306EC4+110436]
	GetHandleVerifier [0x00007FF649307072+110866]
	GetHandleVerifier [0x00007FF6492ED479+5401]
	BaseThreadInitThunk [0x00007FFCAAD3E8D7+23]
	RtlUserThreadStart [0x00007FFCAC3F14FC+44]

[2025-04-24 21:06:49] Message: no such element: Unable to locate element: {"method":"css selector","selector":"h2.ui-search-item__title"}
  (Session info: chrome=135.0.7049.115); For documentation on this error, please visit: https://www.selenium.dev/documentation/webdriver/troubleshooting/errors#no-such-element-exception
Stacktrace:
	GetHandleVerifier [0x00007FF6492FEFA5+77893]
	GetHandleVerifier [0x00007FF6492FF000+77984]
	(No symbol) [0x00007FF6490C91BA]
	(No symbol) [0x00007FF64911F16D]
	(No symbol) [0x00007FF64911F41C]
	(No symbol) [0x00007FF649111B1C]
	(No symbol) [0x00007FF64914716F]
	(No symbol) [0x00007FF6491119E6]
	(No symbol) [0x00007FF649147340]
	(No symbol) [0x00007FF64916F07F]
	(No symbol) [0x00007FF649146F03]
	(No symbol) [0x00007FF649110328]
	(No symbol) [0x00007FF649111093]
	GetHandleVerifier [0x00007FF6495B7B6D+2931725]
	GetHandleVerifier [0x00007FF6495B2132+2908626]
	GetHandleVerifier [0x00007FF6495D00F3+3031443]
	GetHandleVerifier [0x00007FF6493191EA+184970]
	GetHandleVerifier [0x00007FF64932086F+215311]
	GetHandleVerifier [0x00007FF649306EC4+110436]
	GetHandleVerifier [0x00007FF649307072+110866]
	GetHandleVerifier [0x00007FF6492ED479+5401]
	BaseThreadInitThunk [0x00007FFCAAD3E8D7+23]
	RtlUserThreadStart [0x00007FFCAC3F14FC+44]

[2025-04-24 21:06:49] Message: no such element: Unable to locate element: {"method":"css selector","selector":"h2.ui-search-item__title"}
  (Session info: chrome=135.0.7049.115); For documentation on this error, please visit: https://www.selenium.dev/documentation/webdriver/troubleshooting/errors#no-such-element-exception
Stacktrace:
	GetHandleVerifier [0x00007FF6492FEFA5+77893]
	GetHandleVerifier [0x00007FF6492FF000+77984]
	(No symbol) [0x00007FF6490C91BA]
	(No symbol) [0x00007FF64911F16D]
	(No symbol) [0x00007FF64911F41C]
	(No symbol) [0x00007FF649111B1C]
	(No symbol) [0x00007FF64914716F]
	(No symbol) [0x00007FF6491119E6]
	(No symbol) [0x00007FF649147340]
	(No symbol) [0x00007FF64916F07F]
	(No symbol) [0x00007FF649146F03]
	(No symbol) [0x00007FF649110328]
	(No symbol) [0x00007FF649111093]
	GetHandleVerifier [0x00007FF6495B7B6D+2931725]
	GetHandleVerifier [0x00007FF6495B2132+2908626]
	GetHandleVerifier [0x00007FF6495D00F3+3031443]
	GetHandleVerifier [0x00007FF6493191EA+184970]
	GetHandleVerifier [0x00007FF64932086F+215311]
	GetHandleVerifier [0x00007FF649306EC4+110436]
	GetHandleVerifier [0x00007FF649307072+110866]
	GetHandleVerifier [0x00007FF6492ED479+5401]
	BaseThreadInitThunk [0x00007FFCAAD3E8D7+23]
	RtlUserThreadStart [0x00007FFCAC3F14FC+44]

[2025-04-24 21:06:49] Message: no such element: Unable to locate element: {"method":"css selector","selector":"h2.ui-search-item__title"}
  (Session info: chrome=135.0.7049.115); For documentation on this error, please visit: https://www.selenium.dev/documentation/webdriver/troubleshooting/errors#no-such-element-exception
Stacktrace:
	GetHandleVerifier [0x00007FF6492FEFA5+77893]
	GetHandleVerifier [0x00007FF6492FF000+77984]
	(No symbol) [0x00007FF6490C91BA]
	(No symbol) [0x00007FF64911F16D]
	(No symbol) [0x00007FF64911F41C]
	(No symbol) [0x00007FF649111B1C]
	(No symbol) [0x00007FF64914716F]
	(No symbol) [0x00007FF6491119E6]
	(No symbol) [0x00007FF649147340]
	(No symbol) [0x00007FF64916F07F]
	(No symbol) [0x00007FF649146F03]
	(No symbol) [0x00007FF649110328]
	(No symbol) [0x00007FF649111093]
	GetHandleVerifier [0x00007FF6495B7B6D+2931725]
	GetHandleVerifier [0x00007FF6495B2132+2908626]
	GetHandleVerifier [0x00007FF6495D00F3+3031443]
	GetHandleVerifier [0x00007FF6493191EA+184970]
	GetHandleVerifier [0x00007FF64932086F+215311]
	GetHandleVerifier [0x00007FF649306EC4+110436]
	GetHandleVerifier [0x00007FF649307072+110866]
	GetHandleVerifier [0x00007FF6492ED479+5401]
	BaseThreadInitThunk [0x00007FFCAAD3E8D7+23]
	RtlUserThreadStart [0x00007FFCAC3F14FC+44]

[2025-04-24 21:06:49] Message: no such element: Unable to locate element: {"method":"css selector","selector":"h2.ui-search-item__title"}
  (Session info: chrome=135.0.7049.115); For documentation on this error, please visit: https://www.selenium.dev/documentation/webdriver/troubleshooting/errors#no-such-element-exception
Stacktrace:
	GetHandleVerifier [0x00007FF6492FEFA5+77893]
	GetHandleVerifier [0x00007FF6492FF000+77984]
	(No symbol) [0x00007FF6490C91BA]
	(No symbol) [0x00007FF64911F16D]
	(No symbol) [0x00007FF64911F41C]
	(No symbol) [0x00007FF649111B1C]
	(No symbol) [0x00007FF64914716F]
	(No symbol) [0x00007FF6491119E6]
	(No symbol) [0x00007FF649147340]
	(No symbol) [0x00007FF64916F07F]
	(No symbol) [0x00007FF649146F03]
	(No symbol) [0x00007FF649110328]
	(No symbol) [0x00007FF649111093]
	GetHandleVerifier [0x00007FF6495B7B6D+2931725]
	GetHandleVerifier [0x00007FF6495B2132+2908626]
	GetHandleVerifier [0x00007FF6495D00F3+3031443]
	GetHandleVerifier [0x00007FF6493191EA+184970]
	GetHandleVerifier [0x00007FF64932086F+215311]
	GetHandleVerifier [0x00007FF649306EC4+110436]
	GetHandleVerifier [0x00007FF649307072+110866]
	GetHandleVerifier [0x00007FF6492ED479+5401]
	BaseThreadInitThunk [0x00007FFCAAD3E8D7+23]
	RtlUserThreadStart [0x00007FFCAC3F14FC+44]

[2025-04-24 21:06:49] Message: no such element: Unable to locate element: {"method":"css selector","selector":"h2.ui-search-item__title"}
  (Session info: chrome=135.0.7049.115); For documentation on this error, please visit: https://www.selenium.dev/documentation/webdriver/troubleshooting/errors#no-such-element-exception
Stacktrace:
	GetHandleVerifier [0x00007FF6492FEFA5+77893]
	GetHandleVerifier [0x00007FF6492FF000+77984]
	(No symbol) [0x00007FF6490C91BA]
	(No symbol) [0x00007FF64911F16D]
	(No symbol) [0x00007FF64911F41C]
	(No symbol) [0x00007FF649111B1C]
	(No symbol) [0x00007FF64914716F]
	(No symbol) [0x00007FF6491119E6]
	(No symbol) [0x00007FF649147340]
	(No symbol) [0x00007FF64916F07F]
	(No symbol) [0x00007FF649146F03]
	(No symbol) [0x00007FF649110328]
	(No symbol) [0x00007FF649111093]
	GetHandleVerifier [0x00007FF6495B7B6D+2931725]
	GetHandleVerifier [0x00007FF6495B2132+2908626]
	GetHandleVerifier [0x00007FF6495D00F3+3031443]
	GetHandleVerifier [0x00007FF6493191EA+184970]
	GetHandleVerifier [0x00007FF64932086F+215311]
	GetHandleVerifier [0x00007FF649306EC4+110436]
	GetHandleVerifier [0x00007FF649307072+110866]
	GetHandleVerifier [0x00007FF6492ED479+5401]
	BaseThreadInitThunk [0x00007FFCAAD3E8D7+23]
	RtlUserThreadStart [0x00007FFCAC3F14FC+44]

[2025-04-24 21:06:49] Message: no such element: Unable to locate element: {"method":"css selector","selector":"h2.ui-search-item__title"}
  (Session info: chrome=135.0.7049.115); For documentation on this error, please visit: https://www.selenium.dev/documentation/webdriver/troubleshooting/errors#no-such-element-exception
Stacktrace:
	GetHandleVerifier [0x00007FF6492FEFA5+77893]
	GetHandleVerifier [0x00007FF6492FF000+77984]
	(No symbol) [0x00007FF6490C91BA]
	(No symbol) [0x00007FF64911F16D]
	(No symbol) [0x00007FF64911F41C]
	(No symbol) [0x00007FF649111B1C]
	(No symbol) [0x00007FF64914716F]
	(No symbol) [0x00007FF6491119E6]
	(No symbol) [0x00007FF649147340]
	(No symbol) [0x00007FF64916F07F]
	(No symbol) [0x00007FF649146F03]
	(No symbol) [0x00007FF649110328]
	(No symbol) [0x00007FF649111093]
	GetHandleVerifier [0x00007FF6495B7B6D+2931725]
	GetHandleVerifier [0x00007FF6495B2132+2908626]
	GetHandleVerifier [0x00007FF6495D00F3+3031443]
	GetHandleVerifier [0x00007FF6493191EA+184970]
	GetHandleVerifier [0x00007FF64932086F+215311]
	GetHandleVerifier [0x00007FF649306EC4+110436]
	GetHandleVerifier [0x00007FF649307072+110866]
	GetHandleVerifier [0x00007FF6492ED479+5401]
	BaseThreadInitThunk [0x00007FFCAAD3E8D7+23]
	RtlUserThreadStart [0x00007FFCAC3F14FC+44]

[2025-04-24 21:06:49] Message: no such element: Unable to locate element: {"method":"css selector","selector":"h2.ui-search-item__title"}
  (Session info: chrome=135.0.7049.115); For documentation on this error, please visit: https://www.selenium.dev/documentation/webdriver/troubleshooting/errors#no-such-element-exception
Stacktrace:
	GetHandleVerifier [0x00007FF6492FEFA5+77893]
	GetHandleVerifier [0x00007FF6492FF000+77984]
	(No symbol) [0x00007FF6490C91BA]
	(No symbol) [0x00007FF64911F16D]
	(No symbol) [0x00007FF64911F41C]
	(No symbol) [0x00007FF649111B1C]
	(No symbol) [0x00007FF64914716F]
	(No symbol) [0x00007FF6491119E6]
	(No symbol) [0x00007FF649147340]
	(No symbol) [0x00007FF64916F07F]
	(No symbol) [0x00007FF649146F03]
	(No symbol) [0x00007FF649110328]
	(No symbol) [0x00007FF649111093]
	GetHandleVerifier [0x00007FF6495B7B6D+2931725]
	GetHandleVerifier [0x00007FF6495B2132+2908626]
	GetHandleVerifier [0x00007FF6495D00F3+3031443]
	GetHandleVerifier [0x00007FF6493191EA+184970]
	GetHandleVerifier [0x00007FF64932086F+215311]
	GetHandleVerifier [0x00007FF649306EC4+110436]
	GetHandleVerifier [0x00007FF649307072+110866]
	GetHandleVerifier [0x00007FF6492ED479+5401]
	BaseThreadInitThunk [0x00007FFCAAD3E8D7+23]
	RtlUserThreadStart [0x00007FFCAC3F14FC+44]

[2025-04-24 21:06:49] Message: no such element: Unable to locate element: {"method":"css selector","selector":"h2.ui-search-item__title"}
  (Session info: chrome=135.0.7049.115); For documentation on this error, please visit: https://www.selenium.dev/documentation/webdriver/troubleshooting/errors#no-such-element-exception
Stacktrace:
	GetHandleVerifier [0x00007FF6492FEFA5+77893]
	GetHandleVerifier [0x00007FF6492FF000+77984]
	(No symbol) [0x00007FF6490C91BA]
	(No symbol) [0x00007FF64911F16D]
	(No symbol) [0x00007FF64911F41C]
	(No symbol) [0x00007FF649111B1C]
	(No symbol) [0x00007FF64914716F]
	(No symbol) [0x00007FF6491119E6]
	(No symbol) [0x00007FF649147340]
	(No symbol) [0x00007FF64916F07F]
	(No symbol) [0x00007FF649146F03]
	(No symbol) [0x00007FF649110328]
	(No symbol) [0x00007FF649111093]
	GetHandleVerifier [0x00007FF6495B7B6D+2931725]
	GetHandleVerifier [0x00007FF6495B2132+2908626]
	GetHandleVerifier [0x00007FF6495D00F3+3031443]
	GetHandleVerifier [0x00007FF6493191EA+184970]
	GetHandleVerifier [0x00007FF64932086F+215311]
	GetHandleVerifier [0x00007FF649306EC4+110436]
	GetHandleVerifier [0x00007FF649307072+110866]
	GetHandleVerifier [0x00007FF6492ED479+5401]
	BaseThreadInitThunk [0x00007FFCAAD3E8D7+23]
	RtlUserThreadStart [0x00007FFCAC3F14FC+44]

[2025-04-24 21:06:49] Message: stale element reference: stale element not found in the current frame
  (Session info: chrome=135.0.7049.115); For documentation on this error, please visit: https://www.selenium.dev/documentation/webdriver/troubleshooting/errors#stale-element-reference-exception
Stacktrace:
	GetHandleVerifier [0x00007FF6492FEFA5+77893]
	GetHandleVerifier [0x00007FF6492FF000+77984]
	(No symbol) [0x00007FF6490C91BA]
	(No symbol) [0x00007FF6490D0AEC]
	(No symbol) [0x00007FF6490D3B5C]
	(No symbol) [0x00007FF6490D3C2F]
	(No symbol) [0x00007FF64911EA17]
	(No symbol) [0x00007FF64911F41C]
	(No symbol) [0x00007FF649111B1C]
	(No symbol) [0x00007FF64914716F]
	(No symbol) [0x00007FF6491119E6]
	(No symbol) [0x00007FF649147340]
	(No symbol) [0x00007FF64916F07F]
	(No symbol) [0x00007FF649146F03]
	(No symbol) [0x00007FF649110328]
	(No symbol) [0x00007FF649111093]
	GetHandleVerifier [0x00007FF6495B7B6D+2931725]
	GetHandleVerifier [0x00007FF6495B2132+2908626]
	GetHandleVerifier [0x00007FF6495D00F3+3031443]
	GetHandleVerifier [0x00007FF6493191EA+184970]
	GetHandleVerifier [0x00007FF64932086F+215311]
	GetHandleVerifier [0x00007FF649306EC4+110436]
	GetHandleVerifier [0x00007FF649307072+110866]
	GetHandleVerifier [0x00007FF6492ED479+5401]
	BaseThreadInitThunk [0x00007FFCAAD3E8D7+23]
	RtlUserThreadStart [0x00007FFCAC3F14FC+44]

[2025-04-24 21:06:49] Message: stale element reference: stale element not found in the current frame
  (Session info: chrome=135.0.7049.115); For documentation on this error, please visit: https://www.selenium.dev/documentation/webdriver/troubleshooting/errors#stale-element-reference-exception
Stacktrace:
	GetHandleVerifier [0x00007FF6492FEFA5+77893]
	GetHandleVerifier [0x00007FF6492FF000+77984]
	(No symbol) [0x00007FF6490C91BA]
	(No symbol) [0x00007FF6490D0AEC]
	(No symbol) [0x00007FF6490D3B5C]
	(No symbol) [0x00007FF6490D3C2F]
	(No symbol) [0x00007FF64911EA17]
	(No symbol) [0x00007FF64911F41C]
	(No symbol) [0x00007FF649111B1C]
	(No symbol) [0x00007FF64914716F]
	(No symbol) [0x00007FF6491119E6]
	(No symbol) [0x00007FF649147340]
	(No symbol) [0x00007FF64916F07F]
	(No symbol) [0x00007FF649146F03]
	(No symbol) [0x00007FF649110328]
	(No symbol) [0x00007FF649111093]
	GetHandleVerifier [0x00007FF6495B7B6D+2931725]
	GetHandleVerifier [0x00007FF6495B2132+2908626]
	GetHandleVerifier [0x00007FF6495D00F3+3031443]
	GetHandleVerifier [0x00007FF6493191EA+184970]
	GetHandleVerifier [0x00007FF64932086F+215311]
	GetHandleVerifier [0x00007FF649306EC4+110436]
	GetHandleVerifier [0x00007FF649307072+110866]
	GetHandleVerifier [0x00007FF6492ED479+5401]
	BaseThreadInitThunk [0x00007FFCAAD3E8D7+23]
	RtlUserThreadStart [0x00007FFCAC3F14FC+44]

[2025-04-24 21:06:49] Message: stale element reference: stale element not found in the current frame
  (Session info: chrome=135.0.7049.115); For documentation on this error, please visit: https://www.selenium.dev/documentation/webdriver/troubleshooting/errors#stale-element-reference-exception
Stacktrace:
	GetHandleVerifier [0x00007FF6492FEFA5+77893]
	GetHandleVerifier [0x00007FF6492FF000+77984]
	(No symbol) [0x00007FF6490C91BA]
	(No symbol) [0x00007FF6490D0AEC]
	(No symbol) [0x00007FF6490D3B5C]
	(No symbol) [0x00007FF6490D3C2F]
	(No symbol) [0x00007FF64911EA17]
	(No symbol) [0x00007FF64911F41C]
	(No symbol) [0x00007FF649111B1C]
	(No symbol) [0x00007FF64914716F]
	(No symbol) [0x00007FF6491119E6]
	(No symbol) [0x00007FF649147340]
	(No symbol) [0x00007FF64916F07F]
	(No symbol) [0x00007FF649146F03]
	(No symbol) [0x00007FF649110328]
	(No symbol) [0x00007FF649111093]
	GetHandleVerifier [0x00007FF6495B7B6D+2931725]
	GetHandleVerifier [0x00007FF6495B2132+2908626]
	GetHandleVerifier [0x00007FF6495D00F3+3031443]
	GetHandleVerifier [0x00007FF6493191EA+184970]
	GetHandleVerifier [0x00007FF64932086F+215311]
	GetHandleVerifier [0x00007FF649306EC4+110436]
	GetHandleVerifier [0x00007FF649307072+110866]
	GetHandleVerifier [0x00007FF6492ED479+5401]
	BaseThreadInitThunk [0x00007FFCAAD3E8D7+23]
	RtlUserThreadStart [0x00007FFCAC3F14FC+44]

[2025-04-24 21:06:49] Message: stale element reference: stale element not found in the current frame
  (Session info: chrome=135.0.7049.115); For documentation on this error, please visit: https://www.selenium.dev/documentation/webdriver/troubleshooting/errors#stale-element-reference-exception
Stacktrace:
	GetHandleVerifier [0x00007FF6492FEFA5+77893]
	GetHandleVerifier [0x00007FF6492FF000+77984]
	(No symbol) [0x00007FF6490C91BA]
	(No symbol) [0x00007FF6490D0AEC]
	(No symbol) [0x00007FF6490D3B5C]
	(No symbol) [0x00007FF6490D3C2F]
	(No symbol) [0x00007FF64911EA17]
	(No symbol) [0x00007FF64911F41C]
	(No symbol) [0x00007FF649111B1C]
	(No symbol) [0x00007FF64914716F]
	(No symbol) [0x00007FF6491119E6]
	(No symbol) [0x00007FF649147340]
	(No symbol) [0x00007FF64916F07F]
	(No symbol) [0x00007FF649146F03]
	(No symbol) [0x00007FF649110328]
	(No symbol) [0x00007FF649111093]
	GetHandleVerifier [0x00007FF6495B7B6D+2931725]
	GetHandleVerifier [0x00007FF6495B2132+2908626]
	GetHandleVerifier [0x00007FF6495D00F3+3031443]
	GetHandleVerifier [0x00007FF6493191EA+184970]
	GetHandleVerifier [0x00007FF64932086F+215311]
	GetHandleVerifier [0x00007FF649306EC4+110436]
	GetHandleVerifier [0x00007FF649307072+110866]
	GetHandleVerifier [0x00007FF6492ED479+5401]
	BaseThreadInitThunk [0x00007FFCAAD3E8D7+23]
	RtlUserThreadStart [0x00007FFCAC3F14FC+44]

[2025-04-24 21:06:49] Message: stale element reference: stale element not found in the current frame
  (Session info: chrome=135.0.7049.115); For documentation on this error, please visit: https://www.selenium.dev/documentation/webdriver/troubleshooting/errors#stale-element-reference-exception
Stacktrace:
	GetHandleVerifier [0x00007FF6492FEFA5+77893]
	GetHandleVerifier [0x00007FF6492FF000+77984]
	(No symbol) [0x00007FF6490C91BA]
	(No symbol) [0x00007FF6490D0AEC]
	(No symbol) [0x00007FF6490D3B5C]
	(No symbol) [0x00007FF6490D3C2F]
	(No symbol) [0x00007FF64911EA17]
	(No symbol) [0x00007FF64911F41C]
	(No symbol) [0x00007FF649111B1C]
	(No symbol) [0x00007FF64914716F]
	(No symbol) [0x00007FF6491119E6]
	(No symbol) [0x00007FF649147340]
	(No symbol) [0x00007FF64916F07F]
	(No symbol) [0x00007FF649146F03]
	(No symbol) [0x00007FF649110328]
	(No symbol) [0x00007FF649111093]
	GetHandleVerifier [0x00007FF6495B7B6D+2931725]
	GetHandleVerifier [0x00007FF6495B2132+2908626]
	GetHandleVerifier [0x00007FF6495D00F3+3031443]
	GetHandleVerifier [0x00007FF6493191EA+184970]
	GetHandleVerifier [0x00007FF64932086F+215311]
	GetHandleVerifier [0x00007FF649306EC4+110436]
	GetHandleVerifier [0x00007FF649307072+110866]
	GetHandleVerifier [0x00007FF6492ED479+5401]
	BaseThreadInitThunk [0x00007FFCAAD3E8D7+23]
	RtlUserThreadStart [0x00007FFCAC3F14FC+44]

[2025-04-24 21:06:49] Message: stale element reference: stale element not found in the current frame
  (Session info: chrome=135.0.7049.115); For documentation on this error, please visit: https://www.selenium.dev/documentation/webdriver/troubleshooting/errors#stale-element-reference-exception
Stacktrace:
	GetHandleVerifier [0x00007FF6492FEFA5+77893]
	GetHandleVerifier [0x00007FF6492FF000+77984]
	(No symbol) [0x00007FF6490C91BA]
	(No symbol) [0x00007FF6490D0AEC]
	(No symbol) [0x00007FF6490D3B5C]
	(No symbol) [0x00007FF6490D3C2F]
	(No symbol) [0x00007FF64911EA17]
	(No symbol) [0x00007FF64911F41C]
	(No symbol) [0x00007FF649111B1C]
	(No symbol) [0x00007FF64914716F]
	(No symbol) [0x00007FF6491119E6]
	(No symbol) [0x00007FF649147340]
	(No symbol) [0x00007FF64916F07F]
	(No symbol) [0x00007FF649146F03]
	(No symbol) [0x00007FF649110328]
	(No symbol) [0x00007FF649111093]
	GetHandleVerifier [0x00007FF6495B7B6D+2931725]
	GetHandleVerifier [0x00007FF6495B2132+2908626]
	GetHandleVerifier [0x00007FF6495D00F3+3031443]
	GetHandleVerifier [0x00007FF6493191EA+184970]
	GetHandleVerifier [0x00007FF64932086F+215311]
	GetHandleVerifier [0x00007FF649306EC4+110436]
	GetHandleVerifier [0x00007FF649307072+110866]
	GetHandleVerifier [0x00007FF6492ED479+5401]
	BaseThreadInitThunk [0x00007FFCAAD3E8D7+23]
	RtlUserThreadStart [0x00007FFCAC3F14FC+44]

[2025-04-24 21:06:49] Message: stale element reference: stale element not found in the current frame
  (Session info: chrome=135.0.7049.115); For documentation on this error, please visit: https://www.selenium.dev/documentation/webdriver/troubleshooting/errors#stale-element-reference-exception
Stacktrace:
	GetHandleVerifier [0x00007FF6492FEFA5+77893]
	GetHandleVerifier [0x00007FF6492FF000+77984]
	(No symbol) [0x00007FF6490C91BA]
	(No symbol) [0x00007FF6490D0AEC]
	(No symbol) [0x00007FF6490D3B5C]
	(No symbol) [0x00007FF6490D3C2F]
	(No symbol) [0x00007FF64911EA17]
	(No symbol) [0x00007FF64911F41C]
	(No symbol) [0x00007FF649111B1C]
	(No symbol) [0x00007FF64914716F]
	(No symbol) [0x00007FF6491119E6]
	(No symbol) [0x00007FF649147340]
	(No symbol) [0x00007FF64916F07F]
	(No symbol) [0x00007FF649146F03]
	(No symbol) [0x00007FF649110328]
	(No symbol) [0x00007FF649111093]
	GetHandleVerifier [0x00007FF6495B7B6D+2931725]
	GetHandleVerifier [0x00007FF6495B2132+2908626]
	GetHandleVerifier [0x00007FF6495D00F3+3031443]
	GetHandleVerifier [0x00007FF6493191EA+184970]
	GetHandleVerifier [0x00007FF64932086F+215311]
	GetHandleVerifier [0x00007FF649306EC4+110436]
	GetHandleVerifier [0x00007FF649307072+110866]
	GetHandleVerifier [0x00007FF6492ED479+5401]
	BaseThreadInitThunk [0x00007FFCAAD3E8D7+23]
	RtlUserThreadStart [0x00007FFCAC3F14FC+44]

[2025-04-24 21:06:49] Message: stale element reference: stale element not found in the current frame
  (Session info: chrome=135.0.7049.115); For documentation on this error, please visit: https://www.selenium.dev/documentation/webdriver/troubleshooting/errors#stale-element-reference-exception
Stacktrace:
	GetHandleVerifier [0x00007FF6492FEFA5+77893]
	GetHandleVerifier [0x00007FF6492FF000+77984]
	(No symbol) [0x00007FF6490C91BA]
	(No symbol) [0x00007FF6490D0AEC]
	(No symbol) [0x00007FF6490D3B5C]
	(No symbol) [0x00007FF6490D3C2F]
	(No symbol) [0x00007FF64911EA17]
	(No symbol) [0x00007FF64911F41C]
	(No symbol) [0x00007FF649111B1C]
	(No symbol) [0x00007FF64914716F]
	(No symbol) [0x00007FF6491119E6]
	(No symbol) [0x00007FF649147340]
	(No symbol) [0x00007FF64916F07F]
	(No symbol) [0x00007FF649146F03]
	(No symbol) [0x00007FF649110328]
	(No symbol) [0x00007FF649111093]
	GetHandleVerifier [0x00007FF6495B7B6D+2931725]
	GetHandleVerifier [0x00007FF6495B2132+2908626]
	GetHandleVerifier [0x00007FF6495D00F3+3031443]
	GetHandleVerifier [0x00007FF6493191EA+184970]
	GetHandleVerifier [0x00007FF64932086F+215311]
	GetHandleVerifier [0x00007FF649306EC4+110436]
	GetHandleVerifier [0x00007FF649307072+110866]
	GetHandleVerifier [0x00007FF6492ED479+5401]
	BaseThreadInitThunk [0x00007FFCAAD3E8D7+23]
	RtlUserThreadStart [0x00007FFCAC3F14FC+44]

[2025-04-24 21:06:49] Message: stale element reference: stale element not found in the current frame
  (Session info: chrome=135.0.7049.115); For documentation on this error, please visit: https://www.selenium.dev/documentation/webdriver/troubleshooting/errors#stale-element-reference-exception
Stacktrace:
	GetHandleVerifier [0x00007FF6492FEFA5+77893]
	GetHandleVerifier [0x00007FF6492FF000+77984]
	(No symbol) [0x00007FF6490C91BA]
	(No symbol) [0x00007FF6490D0AEC]
	(No symbol) [0x00007FF6490D3B5C]
	(No symbol) [0x00007FF6490D3C2F]
	(No symbol) [0x00007FF64911EA17]
	(No symbol) [0x00007FF64911F41C]
	(No symbol) [0x00007FF649111B1C]
	(No symbol) [0x00007FF64914716F]
	(No symbol) [0x00007FF6491119E6]
	(No symbol) [0x00007FF649147340]
	(No symbol) [0x00007FF64916F07F]
	(No symbol) [0x00007FF649146F03]
	(No symbol) [0x00007FF649110328]
	(No symbol) [0x00007FF649111093]
	GetHandleVerifier [0x00007FF6495B7B6D+2931725]
	GetHandleVerifier [0x00007FF6495B2132+2908626]
	GetHandleVerifier [0x00007FF6495D00F3+3031443]
	GetHandleVerifier [0x00007FF6493191EA+184970]
	GetHandleVerifier [0x00007FF64932086F+215311]
	GetHandleVerifier [0x00007FF649306EC4+110436]
	GetHandleVerifier [0x00007FF649307072+110866]
	GetHandleVerifier [0x00007FF6492ED479+5401]
	BaseThreadInitThunk [0x00007FFCAAD3E8D7+23]
	RtlUserThreadStart [0x00007FFCAC3F14FC+44]

[2025-04-24 21:06:49] Message: stale element reference: stale element not found in the current frame
  (Session info: chrome=135.0.7049.115); For documentation on this error, please visit: https://www.selenium.dev/documentation/webdriver/troubleshooting/errors#stale-element-reference-exception
Stacktrace:
	GetHandleVerifier [0x00007FF6492FEFA5+77893]
	GetHandleVerifier [0x00007FF6492FF000+77984]
	(No symbol) [0x00007FF6490C91BA]
	(No symbol) [0x00007FF6490D0AEC]
	(No symbol) [0x00007FF6490D3B5C]
	(No symbol) [0x00007FF6490D3C2F]
	(No symbol) [0x00007FF64911EA17]
	(No symbol) [0x00007FF64911F41C]
	(No symbol) [0x00007FF649111B1C]
	(No symbol) [0x00007FF64914716F]
	(No symbol) [0x00007FF6491119E6]
	(No symbol) [0x00007FF649147340]
	(No symbol) [0x00007FF64916F07F]
	(No symbol) [0x00007FF649146F03]
	(No symbol) [0x00007FF649110328]
	(No symbol) [0x00007FF649111093]
	GetHandleVerifier [0x00007FF6495B7B6D+2931725]
	GetHandleVerifier [0x00007FF6495B2132+2908626]
	GetHandleVerifier [0x00007FF6495D00F3+3031443]
	GetHandleVerifier [0x00007FF6493191EA+184970]
	GetHandleVerifier [0x00007FF64932086F+215311]
	GetHandleVerifier [0x00007FF649306EC4+110436]
	GetHandleVerifier [0x00007FF649307072+110866]
	GetHandleVerifier [0x00007FF6492ED479+5401]
	BaseThreadInitThunk [0x00007FFCAAD3E8D7+23]
	RtlUserThreadStart [0x00007FFCAC3F14FC+44]

[2025-04-24 21:06:49] Message: stale element reference: stale element not found in the current frame
  (Session info: chrome=135.0.7049.115); For documentation on this error, please visit: https://www.selenium.dev/documentation/webdriver/troubleshooting/errors#stale-element-reference-exception
Stacktrace:
	GetHandleVerifier [0x00007FF6492FEFA5+77893]
	GetHandleVerifier [0x00007FF6492FF000+77984]
	(No symbol) [0x00007FF6490C91BA]
	(No symbol) [0x00007FF6490D0AEC]
	(No symbol) [0x00007FF6490D3B5C]
	(No symbol) [0x00007FF6490D3C2F]
	(No symbol) [0x00007FF64911EA17]
	(No symbol) [0x00007FF64911F41C]
	(No symbol) [0x00007FF649111B1C]
	(No symbol) [0x00007FF64914716F]
	(No symbol) [0x00007FF6491119E6]
	(No symbol) [0x00007FF649147340]
	(No symbol) [0x00007FF64916F07F]
	(No symbol) [0x00007FF649146F03]
	(No symbol) [0x00007FF649110328]
	(No symbol) [0x00007FF649111093]
	GetHandleVerifier [0x00007FF6495B7B6D+2931725]
	GetHandleVerifier [0x00007FF6495B2132+2908626]
	GetHandleVerifier [0x00007FF6495D00F3+3031443]
	GetHandleVerifier [0x00007FF6493191EA+184970]
	GetHandleVerifier [0x00007FF64932086F+215311]
	GetHandleVerifier [0x00007FF649306EC4+110436]
	GetHandleVerifier [0x00007FF649307072+110866]
	GetHandleVerifier [0x00007FF6492ED479+5401]
	BaseThreadInitThunk [0x00007FFCAAD3E8D7+23]
	RtlUserThreadStart [0x00007FFCAC3F14FC+44]

[2025-04-24 21:06:49] Message: stale element reference: stale element not found in the current frame
  (Session info: chrome=135.0.7049.115); For documentation on this error, please visit: https://www.selenium.dev/documentation/webdriver/troubleshooting/errors#stale-element-reference-exception
Stacktrace:
	GetHandleVerifier [0x00007FF6492FEFA5+77893]
	GetHandleVerifier [0x00007FF6492FF000+77984]
	(No symbol) [0x00007FF6490C91BA]
	(No symbol) [0x00007FF6490D0AEC]
	(No symbol) [0x00007FF6490D3B5C]
	(No symbol) [0x00007FF6490D3C2F]
	(No symbol) [0x00007FF64911EA17]
	(No symbol) [0x00007FF64911F41C]
	(No symbol) [0x00007FF649111B1C]
	(No symbol) [0x00007FF64914716F]
	(No symbol) [0x00007FF6491119E6]
	(No symbol) [0x00007FF649147340]
	(No symbol) [0x00007FF64916F07F]
	(No symbol) [0x00007FF649146F03]
	(No symbol) [0x00007FF649110328]
	(No symbol) [0x00007FF649111093]
	GetHandleVerifier [0x00007FF6495B7B6D+2931725]
	GetHandleVerifier [0x00007FF6495B2132+2908626]
	GetHandleVerifier [0x00007FF6495D00F3+3031443]
	GetHandleVerifier [0x00007FF6493191EA+184970]
	GetHandleVerifier [0x00007FF64932086F+215311]
	GetHandleVerifier [0x00007FF649306EC4+110436]
	GetHandleVerifier [0x00007FF649307072+110866]
	GetHandleVerifier [0x00007FF6492ED479+5401]
	BaseThreadInitThunk [0x00007FFCAAD3E8D7+23]
	RtlUserThreadStart [0x00007FFCAC3F14FC+44]

[2025-04-24 21:06:49] Message: stale element reference: stale element not found in the current frame
  (Session info: chrome=135.0.7049.115); For documentation on this error, please visit: https://www.selenium.dev/documentation/webdriver/troubleshooting/errors#stale-element-reference-exception
Stacktrace:
	GetHandleVerifier [0x00007FF6492FEFA5+77893]
	GetHandleVerifier [0x00007FF6492FF000+77984]
	(No symbol) [0x00007FF6490C91BA]
	(No symbol) [0x00007FF6490D0AEC]
	(No symbol) [0x00007FF6490D3B5C]
	(No symbol) [0x00007FF6490D3C2F]
	(No symbol) [0x00007FF64911EA17]
	(No symbol) [0x00007FF64911F41C]
	(No symbol) [0x00007FF649111B1C]
	(No symbol) [0x00007FF64914716F]
	(No symbol) [0x00007FF6491119E6]
	(No symbol) [0x00007FF649147340]
	(No symbol) [0x00007FF64916F07F]
	(No symbol) [0x00007FF649146F03]
	(No symbol) [0x00007FF649110328]
	(No symbol) [0x00007FF649111093]
	GetHandleVerifier [0x00007FF6495B7B6D+2931725]
	GetHandleVerifier [0x00007FF6495B2132+2908626]
	GetHandleVerifier [0x00007FF6495D00F3+3031443]
	GetHandleVerifier [0x00007FF6493191EA+184970]
	GetHandleVerifier [0x00007FF64932086F+215311]
	GetHandleVerifier [0x00007FF649306EC4+110436]
	GetHandleVerifier [0x00007FF649307072+110866]
	GetHandleVerifier [0x00007FF6492ED479+5401]
	BaseThreadInitThunk [0x00007FFCAAD3E8D7+23]
	RtlUserThreadStart [0x00007FFCAC3F14FC+44]

[2025-04-24 21:06:49] Message: stale element reference: stale element not found in the current frame
  (Session info: chrome=135.0.7049.115); For documentation on this error, please visit: https://www.selenium.dev/documentation/webdriver/troubleshooting/errors#stale-element-reference-exception
Stacktrace:
	GetHandleVerifier [0x00007FF6492FEFA5+77893]
	GetHandleVerifier [0x00007FF6492FF000+77984]
	(No symbol) [0x00007FF6490C91BA]
	(No symbol) [0x00007FF6490D0AEC]
	(No symbol) [0x00007FF6490D3B5C]
	(No symbol) [0x00007FF6490D3C2F]
	(No symbol) [0x00007FF64911EA17]
	(No symbol) [0x00007FF64911F41C]
	(No symbol) [0x00007FF649111B1C]
	(No symbol) [0x00007FF64914716F]
	(No symbol) [0x00007FF6491119E6]
	(No symbol) [0x00007FF649147340]
	(No symbol) [0x00007FF64916F07F]
	(No symbol) [0x00007FF649146F03]
	(No symbol) [0x00007FF649110328]
	(No symbol) [0x00007FF649111093]
	GetHandleVerifier [0x00007FF6495B7B6D+2931725]
	GetHandleVerifier [0x00007FF6495B2132+2908626]
	GetHandleVerifier [0x00007FF6495D00F3+3031443]
	GetHandleVerifier [0x00007FF6493191EA+184970]
	GetHandleVerifier [0x00007FF64932086F+215311]
	GetHandleVerifier [0x00007FF649306EC4+110436]
	GetHandleVerifier [0x00007FF649307072+110866]
	GetHandleVerifier [0x00007FF6492ED479+5401]
	BaseThreadInitThunk [0x00007FFCAAD3E8D7+23]
	RtlUserThreadStart [0x00007FFCAC3F14FC+44]

[2025-04-24 21:06:49] Message: stale element reference: stale element not found in the current frame
  (Session info: chrome=135.0.7049.115); For documentation on this error, please visit: https://www.selenium.dev/documentation/webdriver/troubleshooting/errors#stale-element-reference-exception
Stacktrace:
	GetHandleVerifier [0x00007FF6492FEFA5+77893]
	GetHandleVerifier [0x00007FF6492FF000+77984]
	(No symbol) [0x00007FF6490C91BA]
	(No symbol) [0x00007FF6490D0AEC]
	(No symbol) [0x00007FF6490D3B5C]
	(No symbol) [0x00007FF6490D3C2F]
	(No symbol) [0x00007FF64911EA17]
	(No symbol) [0x00007FF64911F41C]
	(No symbol) [0x00007FF649111B1C]
	(No symbol) [0x00007FF64914716F]
	(No symbol) [0x00007FF6491119E6]
	(No symbol) [0x00007FF649147340]
	(No symbol) [0x00007FF64916F07F]
	(No symbol) [0x00007FF649146F03]
	(No symbol) [0x00007FF649110328]
	(No symbol) [0x00007FF649111093]
	GetHandleVerifier [0x00007FF6495B7B6D+2931725]
	GetHandleVerifier [0x00007FF6495B2132+2908626]
	GetHandleVerifier [0x00007FF6495D00F3+3031443]
	GetHandleVerifier [0x00007FF6493191EA+184970]
	GetHandleVerifier [0x00007FF64932086F+215311]
	GetHandleVerifier [0x00007FF649306EC4+110436]
	GetHandleVerifier [0x00007FF649307072+110866]
	GetHandleVerifier [0x00007FF6492ED479+5401]
	BaseThreadInitThunk [0x00007FFCAAD3E8D7+23]
	RtlUserThreadStart [0x00007FFCAC3F14FC+44]

[2025-04-24 21:06:49] Message: stale element reference: stale element not found in the current frame
  (Session info: chrome=135.0.7049.115); For documentation on this error, please visit: https://www.selenium.dev/documentation/webdriver/troubleshooting/errors#stale-element-reference-exception
Stacktrace:
	GetHandleVerifier [0x00007FF6492FEFA5+77893]
	GetHandleVerifier [0x00007FF6492FF000+77984]
	(No symbol) [0x00007FF6490C91BA]
	(No symbol) [0x00007FF6490D0AEC]
	(No symbol) [0x00007FF6490D3B5C]
	(No symbol) [0x00007FF6490D3C2F]
	(No symbol) [0x00007FF64911EA17]
	(No symbol) [0x00007FF64911F41C]
	(No symbol) [0x00007FF649111B1C]
	(No symbol) [0x00007FF64914716F]
	(No symbol) [0x00007FF6491119E6]
	(No symbol) [0x00007FF649147340]
	(No symbol) [0x00007FF64916F07F]
	(No symbol) [0x00007FF649146F03]
	(No symbol) [0x00007FF649110328]
	(No symbol) [0x00007FF649111093]
	GetHandleVerifier [0x00007FF6495B7B6D+2931725]
	GetHandleVerifier [0x00007FF6495B2132+2908626]
	GetHandleVerifier [0x00007FF6495D00F3+3031443]
	GetHandleVerifier [0x00007FF6493191EA+184970]
	GetHandleVerifier [0x00007FF64932086F+215311]
	GetHandleVerifier [0x00007FF649306EC4+110436]
	GetHandleVerifier [0x00007FF649307072+110866]
	GetHandleVerifier [0x00007FF6492ED479+5401]
	BaseThreadInitThunk [0x00007FFCAAD3E8D7+23]
	RtlUserThreadStart [0x00007FFCAC3F14FC+44]

[2025-04-24 21:06:49] Message: stale element reference: stale element not found in the current frame
  (Session info: chrome=135.0.7049.115); For documentation on this error, please visit: https://www.selenium.dev/documentation/webdriver/troubleshooting/errors#stale-element-reference-exception
Stacktrace:
	GetHandleVerifier [0x00007FF6492FEFA5+77893]
	GetHandleVerifier [0x00007FF6492FF000+77984]
	(No symbol) [0x00007FF6490C91BA]
	(No symbol) [0x00007FF6490D0AEC]
	(No symbol) [0x00007FF6490D3B5C]
	(No symbol) [0x00007FF6490D3C2F]
	(No symbol) [0x00007FF64911EA17]
	(No symbol) [0x00007FF64911F41C]
	(No symbol) [0x00007FF649111B1C]
	(No symbol) [0x00007FF64914716F]
	(No symbol) [0x00007FF6491119E6]
	(No symbol) [0x00007FF649147340]
	(No symbol) [0x00007FF64916F07F]
	(No symbol) [0x00007FF649146F03]
	(No symbol) [0x00007FF649110328]
	(No symbol) [0x00007FF649111093]
	GetHandleVerifier [0x00007FF6495B7B6D+2931725]
	GetHandleVerifier [0x00007FF6495B2132+2908626]
	GetHandleVerifier [0x00007FF6495D00F3+3031443]
	GetHandleVerifier [0x00007FF6493191EA+184970]
	GetHandleVerifier [0x00007FF64932086F+215311]
	GetHandleVerifier [0x00007FF649306EC4+110436]
	GetHandleVerifier [0x00007FF649307072+110866]
	GetHandleVerifier [0x00007FF6492ED479+5401]
	BaseThreadInitThunk [0x00007FFCAAD3E8D7+23]
	RtlUserThreadStart [0x00007FFCAC3F14FC+44]

[2025-04-24 21:06:49] Message: stale element reference: stale element not found in the current frame
  (Session info: chrome=135.0.7049.115); For documentation on this error, please visit: https://www.selenium.dev/documentation/webdriver/troubleshooting/errors#stale-element-reference-exception
Stacktrace:
	GetHandleVerifier [0x00007FF6492FEFA5+77893]
	GetHandleVerifier [0x00007FF6492FF000+77984]
	(No symbol) [0x00007FF6490C91BA]
	(No symbol) [0x00007FF6490D0AEC]
	(No symbol) [0x00007FF6490D3B5C]
	(No symbol) [0x00007FF6490D3C2F]
	(No symbol) [0x00007FF64911EA17]
	(No symbol) [0x00007FF64911F41C]
	(No symbol) [0x00007FF649111B1C]
	(No symbol) [0x00007FF64914716F]
	(No symbol) [0x00007FF6491119E6]
	(No symbol) [0x00007FF649147340]
	(No symbol) [0x00007FF64916F07F]
	(No symbol) [0x00007FF649146F03]
	(No symbol) [0x00007FF649110328]
	(No symbol) [0x00007FF649111093]
	GetHandleVerifier [0x00007FF6495B7B6D+2931725]
	GetHandleVerifier [0x00007FF6495B2132+2908626]
	GetHandleVerifier [0x00007FF6495D00F3+3031443]
	GetHandleVerifier [0x00007FF6493191EA+184970]
	GetHandleVerifier [0x00007FF64932086F+215311]
	GetHandleVerifier [0x00007FF649306EC4+110436]
	GetHandleVerifier [0x00007FF649307072+110866]
	GetHandleVerifier [0x00007FF6492ED479+5401]
	BaseThreadInitThunk [0x00007FFCAAD3E8D7+23]
	RtlUserThreadStart [0x00007FFCAC3F14FC+44]

[2025-04-24 21:06:49] Message: stale element reference: stale element not found in the current frame
  (Session info: chrome=135.0.7049.115); For documentation on this error, please visit: https://www.selenium.dev/documentation/webdriver/troubleshooting/errors#stale-element-reference-exception
Stacktrace:
	GetHandleVerifier [0x00007FF6492FEFA5+77893]
	GetHandleVerifier [0x00007FF6492FF000+77984]
	(No symbol) [0x00007FF6490C91BA]
	(No symbol) [0x00007FF6490D0AEC]
	(No symbol) [0x00007FF6490D3B5C]
	(No symbol) [0x00007FF6490D3C2F]
	(No symbol) [0x00007FF64911EA17]
	(No symbol) [0x00007FF64911F41C]
	(No symbol) [0x00007FF649111B1C]
	(No symbol) [0x00007FF64914716F]
	(No symbol) [0x00007FF6491119E6]
	(No symbol) [0x00007FF649147340]
	(No symbol) [0x00007FF64916F07F]
	(No symbol) [0x00007FF649146F03]
	(No symbol) [0x00007FF649110328]
	(No symbol) [0x00007FF649111093]
	GetHandleVerifier [0x00007FF6495B7B6D+2931725]
	GetHandleVerifier [0x00007FF6495B2132+2908626]
	GetHandleVerifier [0x00007FF6495D00F3+3031443]
	GetHandleVerifier [0x00007FF6493191EA+184970]
	GetHandleVerifier [0x00007FF64932086F+215311]
	GetHandleVerifier [0x00007FF649306EC4+110436]
	GetHandleVerifier [0x00007FF649307072+110866]
	GetHandleVerifier [0x00007FF6492ED479+5401]
	BaseThreadInitThunk [0x00007FFCAAD3E8D7+23]
	RtlUserThreadStart [0x00007FFCAC3F14FC+44]

[2025-04-24 21:06:49] Message: stale element reference: stale element not found in the current frame
  (Session info: chrome=135.0.7049.115); For documentation on this error, please visit: https://www.selenium.dev/documentation/webdriver/troubleshooting/errors#stale-element-reference-exception
Stacktrace:
	GetHandleVerifier [0x00007FF6492FEFA5+77893]
	GetHandleVerifier [0x00007FF6492FF000+77984]
	(No symbol) [0x00007FF6490C91BA]
	(No symbol) [0x00007FF6490D0AEC]
	(No symbol) [0x00007FF6490D3B5C]
	(No symbol) [0x00007FF6490D3C2F]
	(No symbol) [0x00007FF64911EA17]
	(No symbol) [0x00007FF64911F41C]
	(No symbol) [0x00007FF649111B1C]
	(No symbol) [0x00007FF64914716F]
	(No symbol) [0x00007FF6491119E6]
	(No symbol) [0x00007FF649147340]
	(No symbol) [0x00007FF64916F07F]
	(No symbol) [0x00007FF649146F03]
	(No symbol) [0x00007FF649110328]
	(No symbol) [0x00007FF649111093]
	GetHandleVerifier [0x00007FF6495B7B6D+2931725]
	GetHandleVerifier [0x00007FF6495B2132+2908626]
	GetHandleVerifier [0x00007FF6495D00F3+3031443]
	GetHandleVerifier [0x00007FF6493191EA+184970]
	GetHandleVerifier [0x00007FF64932086F+215311]
	GetHandleVerifier [0x00007FF649306EC4+110436]
	GetHandleVerifier [0x00007FF649307072+110866]
	GetHandleVerifier [0x00007FF6492ED479+5401]
	BaseThreadInitThunk [0x00007FFCAAD3E8D7+23]
	RtlUserThreadStart [0x00007FFCAC3F14FC+44]

[2025-04-24 21:06:49] Message: stale element reference: stale element not found in the current frame
  (Session info: chrome=135.0.7049.115); For documentation on this error, please visit: https://www.selenium.dev/documentation/webdriver/troubleshooting/errors#stale-element-reference-exception
Stacktrace:
	GetHandleVerifier [0x00007FF6492FEFA5+77893]
	GetHandleVerifier [0x00007FF6492FF000+77984]
	(No symbol) [0x00007FF6490C91BA]
	(No symbol) [0x00007FF6490D0AEC]
	(No symbol) [0x00007FF6490D3B5C]
	(No symbol) [0x00007FF6490D3C2F]
	(No symbol) [0x00007FF64911EA17]
	(No symbol) [0x00007FF64911F41C]
	(No symbol) [0x00007FF649111B1C]
	(No symbol) [0x00007FF64914716F]
	(No symbol) [0x00007FF6491119E6]
	(No symbol) [0x00007FF649147340]
	(No symbol) [0x00007FF64916F07F]
	(No symbol) [0x00007FF649146F03]
	(No symbol) [0x00007FF649110328]
	(No symbol) [0x00007FF649111093]
	GetHandleVerifier [0x00007FF6495B7B6D+2931725]
	GetHandleVerifier [0x00007FF6495B2132+2908626]
	GetHandleVerifier [0x00007FF6495D00F3+3031443]
	GetHandleVerifier [0x00007FF6493191EA+184970]
	GetHandleVerifier [0x00007FF64932086F+215311]
	GetHandleVerifier [0x00007FF649306EC4+110436]
	GetHandleVerifier [0x00007FF649307072+110866]
	GetHandleVerifier [0x00007FF6492ED479+5401]
	BaseThreadInitThunk [0x00007FFCAAD3E8D7+23]
	RtlUserThreadStart [0x00007FFCAC3F14FC+44]

[2025-04-24 21:06:49] Message: stale element reference: stale element not found in the current frame
  (Session info: chrome=135.0.7049.115); For documentation on this error, please visit: https://www.selenium.dev/documentation/webdriver/troubleshooting/errors#stale-element-reference-exception
Stacktrace:
	GetHandleVerifier [0x00007FF6492FEFA5+77893]
	GetHandleVerifier [0x00007FF6492FF000+77984]
	(No symbol) [0x00007FF6490C91BA]
	(No symbol) [0x00007FF6490D0AEC]
	(No symbol) [0x00007FF6490D3B5C]
	(No symbol) [0x00007FF6490D3C2F]
	(No symbol) [0x00007FF64911EA17]
	(No symbol) [0x00007FF64911F41C]
	(No symbol) [0x00007FF649111B1C]
	(No symbol) [0x00007FF64914716F]
	(No symbol) [0x00007FF6491119E6]
	(No symbol) [0x00007FF649147340]
	(No symbol) [0x00007FF64916F07F]
	(No symbol) [0x00007FF649146F03]
	(No symbol) [0x00007FF649110328]
	(No symbol) [0x00007FF649111093]
	GetHandleVerifier [0x00007FF6495B7B6D+2931725]
	GetHandleVerifier [0x00007FF6495B2132+2908626]
	GetHandleVerifier [0x00007FF6495D00F3+3031443]
	GetHandleVerifier [0x00007FF6493191EA+184970]
	GetHandleVerifier [0x00007FF64932086F+215311]
	GetHandleVerifier [0x00007FF649306EC4+110436]
	GetHandleVerifier [0x00007FF649307072+110866]
	GetHandleVerifier [0x00007FF6492ED479+5401]
	BaseThreadInitThunk [0x00007FFCAAD3E8D7+23]
	RtlUserThreadStart [0x00007FFCAC3F14FC+44]

[2025-04-24 21:06:49] Message: stale element reference: stale element not found in the current frame
  (Session info: chrome=135.0.7049.115); For documentation on this error, please visit: https://www.selenium.dev/documentation/webdriver/troubleshooting/errors#stale-element-reference-exception
Stacktrace:
	GetHandleVerifier [0x00007FF6492FEFA5+77893]
	GetHandleVerifier [0x00007FF6492FF000+77984]
	(No symbol) [0x00007FF6490C91BA]
	(No symbol) [0x00007FF6490D0AEC]
	(No symbol) [0x00007FF6490D3B5C]
	(No symbol) [0x00007FF6490D3C2F]
	(No symbol) [0x00007FF64911EA17]
	(No symbol) [0x00007FF64911F41C]
	(No symbol) [0x00007FF649111B1C]
	(No symbol) [0x00007FF64914716F]
	(No symbol) [0x00007FF6491119E6]
	(No symbol) [0x00007FF649147340]
	(No symbol) [0x00007FF64916F07F]
	(No symbol) [0x00007FF649146F03]
	(No symbol) [0x00007FF649110328]
	(No symbol) [0x00007FF649111093]
	GetHandleVerifier [0x00007FF6495B7B6D+2931725]
	GetHandleVerifier [0x00007FF6495B2132+2908626]
	GetHandleVerifier [0x00007FF6495D00F3+3031443]
	GetHandleVerifier [0x00007FF6493191EA+184970]
	GetHandleVerifier [0x00007FF64932086F+215311]
	GetHandleVerifier [0x00007FF649306EC4+110436]
	GetHandleVerifier [0x00007FF649307072+110866]
	GetHandleVerifier [0x00007FF6492ED479+5401]
	BaseThreadInitThunk [0x00007FFCAAD3E8D7+23]
	RtlUserThreadStart [0x00007FFCAC3F14FC+44]

[2025-04-24 21:06:49] Message: stale element reference: stale element not found in the current frame
  (Session info: chrome=135.0.7049.115); For documentation on this error, please visit: https://www.selenium.dev/documentation/webdriver/troubleshooting/errors#stale-element-reference-exception
Stacktrace:
	GetHandleVerifier [0x00007FF6492FEFA5+77893]
	GetHandleVerifier [0x00007FF6492FF000+77984]
	(No symbol) [0x00007FF6490C91BA]
	(No symbol) [0x00007FF6490D0AEC]
	(No symbol) [0x00007FF6490D3B5C]
	(No symbol) [0x00007FF6490D3C2F]
	(No symbol) [0x00007FF64911EA17]
	(No symbol) [0x00007FF64911F41C]
	(No symbol) [0x00007FF649111B1C]
	(No symbol) [0x00007FF64914716F]
	(No symbol) [0x00007FF6491119E6]
	(No symbol) [0x00007FF649147340]
	(No symbol) [0x00007FF64916F07F]
	(No symbol) [0x00007FF649146F03]
	(No symbol) [0x00007FF649110328]
	(No symbol) [0x00007FF649111093]
	GetHandleVerifier [0x00007FF6495B7B6D+2931725]
	GetHandleVerifier [0x00007FF6495B2132+2908626]
	GetHandleVerifier [0x00007FF6495D00F3+3031443]
	GetHandleVerifier [0x00007FF6493191EA+184970]
	GetHandleVerifier [0x00007FF64932086F+215311]
	GetHandleVerifier [0x00007FF649306EC4+110436]
	GetHandleVerifier [0x00007FF649307072+110866]
	GetHandleVerifier [0x00007FF6492ED479+5401]
	BaseThreadInitThunk [0x00007FFCAAD3E8D7+23]
	RtlUserThreadStart [0x00007FFCAC3F14FC+44]

[2025-04-24 21:06:49] Message: stale element reference: stale element not found in the current frame
  (Session info: chrome=135.0.7049.115); For documentation on this error, please visit: https://www.selenium.dev/documentation/webdriver/troubleshooting/errors#stale-element-reference-exception
Stacktrace:
	GetHandleVerifier [0x00007FF6492FEFA5+77893]
	GetHandleVerifier [0x00007FF6492FF000+77984]
	(No symbol) [0x00007FF6490C91BA]
	(No symbol) [0x00007FF6490D0AEC]
	(No symbol) [0x00007FF6490D3B5C]
	(No symbol) [0x00007FF6490D3C2F]
	(No symbol) [0x00007FF64911EA17]
	(No symbol) [0x00007FF64911F41C]
	(No symbol) [0x00007FF649111B1C]
	(No symbol) [0x00007FF64914716F]
	(No symbol) [0x00007FF6491119E6]
	(No symbol) [0x00007FF649147340]
	(No symbol) [0x00007FF64916F07F]
	(No symbol) [0x00007FF649146F03]
	(No symbol) [0x00007FF649110328]
	(No symbol) [0x00007FF649111093]
	GetHandleVerifier [0x00007FF6495B7B6D+2931725]
	GetHandleVerifier [0x00007FF6495B2132+2908626]
	GetHandleVerifier [0x00007FF6495D00F3+3031443]
	GetHandleVerifier [0x00007FF6493191EA+184970]
	GetHandleVerifier [0x00007FF64932086F+215311]
	GetHandleVerifier [0x00007FF649306EC4+110436]
	GetHandleVerifier [0x00007FF649307072+110866]
	GetHandleVerifier [0x00007FF6492ED479+5401]
	BaseThreadInitThunk [0x00007FFCAAD3E8D7+23]
	RtlUserThreadStart [0x00007FFCAC3F14FC+44]

[2025-04-24 21:06:49] Message: stale element reference: stale element not found in the current frame
  (Session info: chrome=135.0.7049.115); For documentation on this error, please visit: https://www.selenium.dev/documentation/webdriver/troubleshooting/errors#stale-element-reference-exception
Stacktrace:
	GetHandleVerifier [0x00007FF6492FEFA5+77893]
	GetHandleVerifier [0x00007FF6492FF000+77984]
	(No symbol) [0x00007FF6490C91BA]
	(No symbol) [0x00007FF6490D0AEC]
	(No symbol) [0x00007FF6490D3B5C]
	(No symbol) [0x00007FF6490D3C2F]
	(No symbol) [0x00007FF64911EA17]
	(No symbol) [0x00007FF64911F41C]
	(No symbol) [0x00007FF649111B1C]
	(No symbol) [0x00007FF64914716F]
	(No symbol) [0x00007FF6491119E6]
	(No symbol) [0x00007FF649147340]
	(No symbol) [0x00007FF64916F07F]
	(No symbol) [0x00007FF649146F03]
	(No symbol) [0x00007FF649110328]
	(No symbol) [0x00007FF649111093]
	GetHandleVerifier [0x00007FF6495B7B6D+2931725]
	GetHandleVerifier [0x00007FF6495B2132+2908626]
	GetHandleVerifier [0x00007FF6495D00F3+3031443]
	GetHandleVerifier [0x00007FF6493191EA+184970]
	GetHandleVerifier [0x00007FF64932086F+215311]
	GetHandleVerifier [0x00007FF649306EC4+110436]
	GetHandleVerifier [0x00007FF649307072+110866]
	GetHandleVerifier [0x00007FF6492ED479+5401]
	BaseThreadInitThunk [0x00007FFCAAD3E8D7+23]
	RtlUserThreadStart [0x00007FFCAC3F14FC+44]

[2025-04-24 21:06:49] Message: stale element reference: stale element not found in the current frame
  (Session info: chrome=135.0.7049.115); For documentation on this error, please visit: https://www.selenium.dev/documentation/webdriver/troubleshooting/errors#stale-element-reference-exception
Stacktrace:
	GetHandleVerifier [0x00007FF6492FEFA5+77893]
	GetHandleVerifier [0x00007FF6492FF000+77984]
	(No symbol) [0x00007FF6490C91BA]
	(No symbol) [0x00007FF6490D0AEC]
	(No symbol) [0x00007FF6490D3B5C]
	(No symbol) [0x00007FF6490D3C2F]
	(No symbol) [0x00007FF64911EA17]
	(No symbol) [0x00007FF64911F41C]
	(No symbol) [0x00007FF649111B1C]
	(No symbol) [0x00007FF64914716F]
	(No symbol) [0x00007FF6491119E6]
	(No symbol) [0x00007FF649147340]
	(No symbol) [0x00007FF64916F07F]
	(No symbol) [0x00007FF649146F03]
	(No symbol) [0x00007FF649110328]
	(No symbol) [0x00007FF649111093]
	GetHandleVerifier [0x00007FF6495B7B6D+2931725]
	GetHandleVerifier [0x00007FF6495B2132+2908626]
	GetHandleVerifier [0x00007FF6495D00F3+3031443]
	GetHandleVerifier [0x00007FF6493191EA+184970]
	GetHandleVerifier [0x00007FF64932086F+215311]
	GetHandleVerifier [0x00007FF649306EC4+110436]
	GetHandleVerifier [0x00007FF649307072+110866]
	GetHandleVerifier [0x00007FF6492ED479+5401]
	BaseThreadInitThunk [0x00007FFCAAD3E8D7+23]
	RtlUserThreadStart [0x00007FFCAC3F14FC+44]

[2025-04-24 21:06:49] Message: stale element reference: stale element not found in the current frame
  (Session info: chrome=135.0.7049.115); For documentation on this error, please visit: https://www.selenium.dev/documentation/webdriver/troubleshooting/errors#stale-element-reference-exception
Stacktrace:
	GetHandleVerifier [0x00007FF6492FEFA5+77893]
	GetHandleVerifier [0x00007FF6492FF000+77984]
	(No symbol) [0x00007FF6490C91BA]
	(No symbol) [0x00007FF6490D0AEC]
	(No symbol) [0x00007FF6490D3B5C]
	(No symbol) [0x00007FF6490D3C2F]
	(No symbol) [0x00007FF64911EA17]
	(No symbol) [0x00007FF64911F41C]
	(No symbol) [0x00007FF649111B1C]
	(No symbol) [0x00007FF64914716F]
	(No symbol) [0x00007FF6491119E6]
	(No symbol) [0x00007FF649147340]
	(No symbol) [0x00007FF64916F07F]
	(No symbol) [0x00007FF649146F03]
	(No symbol) [0x00007FF649110328]
	(No symbol) [0x00007FF649111093]
	GetHandleVerifier [0x00007FF6495B7B6D+2931725]
	GetHandleVerifier [0x00007FF6495B2132+2908626]
	GetHandleVerifier [0x00007FF6495D00F3+3031443]
	GetHandleVerifier [0x00007FF6493191EA+184970]
	GetHandleVerifier [0x00007FF64932086F+215311]
	GetHandleVerifier [0x00007FF649306EC4+110436]
	GetHandleVerifier [0x00007FF649307072+110866]
	GetHandleVerifier [0x00007FF6492ED479+5401]
	BaseThreadInitThunk [0x00007FFCAAD3E8D7+23]
	RtlUserThreadStart [0x00007FFCAC3F14FC+44]

[2025-04-24 21:06:49] Message: stale element reference: stale element not found in the current frame
  (Session info: chrome=135.0.7049.115); For documentation on this error, please visit: https://www.selenium.dev/documentation/webdriver/troubleshooting/errors#stale-element-reference-exception
Stacktrace:
	GetHandleVerifier [0x00007FF6492FEFA5+77893]
	GetHandleVerifier [0x00007FF6492FF000+77984]
	(No symbol) [0x00007FF6490C91BA]
	(No symbol) [0x00007FF6490D0AEC]
	(No symbol) [0x00007FF6490D3B5C]
	(No symbol) [0x00007FF6490D3C2F]
	(No symbol) [0x00007FF64911EA17]
	(No symbol) [0x00007FF64911F41C]
	(No symbol) [0x00007FF649111B1C]
	(No symbol) [0x00007FF64914716F]
	(No symbol) [0x00007FF6491119E6]
	(No symbol) [0x00007FF649147340]
	(No symbol) [0x00007FF64916F07F]
	(No symbol) [0x00007FF649146F03]
	(No symbol) [0x00007FF649110328]
	(No symbol) [0x00007FF649111093]
	GetHandleVerifier [0x00007FF6495B7B6D+2931725]
	GetHandleVerifier [0x00007FF6495B2132+2908626]
	GetHandleVerifier [0x00007FF6495D00F3+3031443]
	GetHandleVerifier [0x00007FF6493191EA+184970]
	GetHandleVerifier [0x00007FF64932086F+215311]
	GetHandleVerifier [0x00007FF649306EC4+110436]
	GetHandleVerifier [0x00007FF649307072+110866]
	GetHandleVerifier [0x00007FF6492ED479+5401]
	BaseThreadInitThunk [0x00007FFCAAD3E8D7+23]
	RtlUserThreadStart [0x00007FFCAC3F14FC+44]

[2025-04-24 21:06:49] Message: stale element reference: stale element not found in the current frame
  (Session info: chrome=135.0.7049.115); For documentation on this error, please visit: https://www.selenium.dev/documentation/webdriver/troubleshooting/errors#stale-element-reference-exception
Stacktrace:
	GetHandleVerifier [0x00007FF6492FEFA5+77893]
	GetHandleVerifier [0x00007FF6492FF000+77984]
	(No symbol) [0x00007FF6490C91BA]
	(No symbol) [0x00007FF6490D0AEC]
	(No symbol) [0x00007FF6490D3B5C]
	(No symbol) [0x00007FF6490D3C2F]
	(No symbol) [0x00007FF64911EA17]
	(No symbol) [0x00007FF64911F41C]
	(No symbol) [0x00007FF649111B1C]
	(No symbol) [0x00007FF64914716F]
	(No symbol) [0x00007FF6491119E6]
	(No symbol) [0x00007FF649147340]
	(No symbol) [0x00007FF64916F07F]
	(No symbol) [0x00007FF649146F03]
	(No symbol) [0x00007FF649110328]
	(No symbol) [0x00007FF649111093]
	GetHandleVerifier [0x00007FF6495B7B6D+2931725]
	GetHandleVerifier [0x00007FF6495B2132+2908626]
	GetHandleVerifier [0x00007FF6495D00F3+3031443]
	GetHandleVerifier [0x00007FF6493191EA+184970]
	GetHandleVerifier [0x00007FF64932086F+215311]
	GetHandleVerifier [0x00007FF649306EC4+110436]
	GetHandleVerifier [0x00007FF649307072+110866]
	GetHandleVerifier [0x00007FF6492ED479+5401]
	BaseThreadInitThunk [0x00007FFCAAD3E8D7+23]
	RtlUserThreadStart [0x00007FFCAC3F14FC+44]

[2025-04-24 21:06:49] Message: stale element reference: stale element not found in the current frame
  (Session info: chrome=135.0.7049.115); For documentation on this error, please visit: https://www.selenium.dev/documentation/webdriver/troubleshooting/errors#stale-element-reference-exception
Stacktrace:
	GetHandleVerifier [0x00007FF6492FEFA5+77893]
	GetHandleVerifier [0x00007FF6492FF000+77984]
	(No symbol) [0x00007FF6490C91BA]
	(No symbol) [0x00007FF6490D0AEC]
	(No symbol) [0x00007FF6490D3B5C]
	(No symbol) [0x00007FF6490D3C2F]
	(No symbol) [0x00007FF64911EA17]
	(No symbol) [0x00007FF64911F41C]
	(No symbol) [0x00007FF649111B1C]
	(No symbol) [0x00007FF64914716F]
	(No symbol) [0x00007FF6491119E6]
	(No symbol) [0x00007FF649147340]
	(No symbol) [0x00007FF64916F07F]
	(No symbol) [0x00007FF649146F03]
	(No symbol) [0x00007FF649110328]
	(No symbol) [0x00007FF649111093]
	GetHandleVerifier [0x00007FF6495B7B6D+2931725]
	GetHandleVerifier [0x00007FF6495B2132+2908626]
	GetHandleVerifier [0x00007FF6495D00F3+3031443]
	GetHandleVerifier [0x00007FF6493191EA+184970]
	GetHandleVerifier [0x00007FF64932086F+215311]
	GetHandleVerifier [0x00007FF649306EC4+110436]
	GetHandleVerifier [0x00007FF649307072+110866]
	GetHandleVerifier [0x00007FF6492ED479+5401]
	BaseThreadInitThunk [0x00007FFCAAD3E8D7+23]
	RtlUserThreadStart [0x00007FFCAC3F14FC+44]

[2025-04-24 21:06:49] Message: stale element reference: stale element not found in the current frame
  (Session info: chrome=135.0.7049.115); For documentation on this error, please visit: https://www.selenium.dev/documentation/webdriver/troubleshooting/errors#stale-element-reference-exception
Stacktrace:
	GetHandleVerifier [0x00007FF6492FEFA5+77893]
	GetHandleVerifier [0x00007FF6492FF000+77984]
	(No symbol) [0x00007FF6490C91BA]
	(No symbol) [0x00007FF6490D0AEC]
	(No symbol) [0x00007FF6490D3B5C]
	(No symbol) [0x00007FF6490D3C2F]
	(No symbol) [0x00007FF64911EA17]
	(No symbol) [0x00007FF64911F41C]
	(No symbol) [0x00007FF649111B1C]
	(No symbol) [0x00007FF64914716F]
	(No symbol) [0x00007FF6491119E6]
	(No symbol) [0x00007FF649147340]
	(No symbol) [0x00007FF64916F07F]
	(No symbol) [0x00007FF649146F03]
	(No symbol) [0x00007FF649110328]
	(No symbol) [0x00007FF649111093]
	GetHandleVerifier [0x00007FF6495B7B6D+2931725]
	GetHandleVerifier [0x00007FF6495B2132+2908626]
	GetHandleVerifier [0x00007FF6495D00F3+3031443]
	GetHandleVerifier [0x00007FF6493191EA+184970]
	GetHandleVerifier [0x00007FF64932086F+215311]
	GetHandleVerifier [0x00007FF649306EC4+110436]
	GetHandleVerifier [0x00007FF649307072+110866]
	GetHandleVerifier [0x00007FF6492ED479+5401]
	BaseThreadInitThunk [0x00007FFCAAD3E8D7+23]
	RtlUserThreadStart [0x00007FFCAC3F14FC+44]

[2025-04-24 21:06:49] Message: stale element reference: stale element not found in the current frame
  (Session info: chrome=135.0.7049.115); For documentation on this error, please visit: https://www.selenium.dev/documentation/webdriver/troubleshooting/errors#stale-element-reference-exception
Stacktrace:
	GetHandleVerifier [0x00007FF6492FEFA5+77893]
	GetHandleVerifier [0x00007FF6492FF000+77984]
	(No symbol) [0x00007FF6490C91BA]
	(No symbol) [0x00007FF6490D0AEC]
	(No symbol) [0x00007FF6490D3B5C]
	(No symbol) [0x00007FF6490D3C2F]
	(No symbol) [0x00007FF64911EA17]
	(No symbol) [0x00007FF64911F41C]
	(No symbol) [0x00007FF649111B1C]
	(No symbol) [0x00007FF64914716F]
	(No symbol) [0x00007FF6491119E6]
	(No symbol) [0x00007FF649147340]
	(No symbol) [0x00007FF64916F07F]
	(No symbol) [0x00007FF649146F03]
	(No symbol) [0x00007FF649110328]
	(No symbol) [0x00007FF649111093]
	GetHandleVerifier [0x00007FF6495B7B6D+2931725]
	GetHandleVerifier [0x00007FF6495B2132+2908626]
	GetHandleVerifier [0x00007FF6495D00F3+3031443]
	GetHandleVerifier [0x00007FF6493191EA+184970]
	GetHandleVerifier [0x00007FF64932086F+215311]
	GetHandleVerifier [0x00007FF649306EC4+110436]
	GetHandleVerifier [0x00007FF649307072+110866]
	GetHandleVerifier [0x00007FF6492ED479+5401]
	BaseThreadInitThunk [0x00007FFCAAD3E8D7+23]
	RtlUserThreadStart [0x00007FFCAC3F14FC+44]

[2025-04-24 21:06:49] Message: stale element reference: stale element not found in the current frame
  (Session info: chrome=135.0.7049.115); For documentation on this error, please visit: https://www.selenium.dev/documentation/webdriver/troubleshooting/errors#stale-element-reference-exception
Stacktrace:
	GetHandleVerifier [0x00007FF6492FEFA5+77893]
	GetHandleVerifier [0x00007FF6492FF000+77984]
	(No symbol) [0x00007FF6490C91BA]
	(No symbol) [0x00007FF6490D0AEC]
	(No symbol) [0x00007FF6490D3B5C]
	(No symbol) [0x00007FF6490D3C2F]
	(No symbol) [0x00007FF64911EA17]
	(No symbol) [0x00007FF64911F41C]
	(No symbol) [0x00007FF649111B1C]
	(No symbol) [0x00007FF64914716F]
	(No symbol) [0x00007FF6491119E6]
	(No symbol) [0x00007FF649147340]
	(No symbol) [0x00007FF64916F07F]
	(No symbol) [0x00007FF649146F03]
	(No symbol) [0x00007FF649110328]
	(No symbol) [0x00007FF649111093]
	GetHandleVerifier [0x00007FF6495B7B6D+2931725]
	GetHandleVerifier [0x00007FF6495B2132+2908626]
	GetHandleVerifier [0x00007FF6495D00F3+3031443]
	GetHandleVerifier [0x00007FF6493191EA+184970]
	GetHandleVerifier [0x00007FF64932086F+215311]
	GetHandleVerifier [0x00007FF649306EC4+110436]
	GetHandleVerifier [0x00007FF649307072+110866]
	GetHandleVerifier [0x00007FF6492ED479+5401]
	BaseThreadInitThunk [0x00007FFCAAD3E8D7+23]
	RtlUserThreadStart [0x00007FFCAC3F14FC+44]

[2025-04-24 21:06:49] Message: stale element reference: stale element not found in the current frame
  (Session info: chrome=135.0.7049.115); For documentation on this error, please visit: https://www.selenium.dev/documentation/webdriver/troubleshooting/errors#stale-element-reference-exception
Stacktrace:
	GetHandleVerifier [0x00007FF6492FEFA5+77893]
	GetHandleVerifier [0x00007FF6492FF000+77984]
	(No symbol) [0x00007FF6490C91BA]
	(No symbol) [0x00007FF6490D0AEC]
	(No symbol) [0x00007FF6490D3B5C]
	(No symbol) [0x00007FF6490D3C2F]
	(No symbol) [0x00007FF64911EA17]
	(No symbol) [0x00007FF64911F41C]
	(No symbol) [0x00007FF649111B1C]
	(No symbol) [0x00007FF64914716F]
	(No symbol) [0x00007FF6491119E6]
	(No symbol) [0x00007FF649147340]
	(No symbol) [0x00007FF64916F07F]
	(No symbol) [0x00007FF649146F03]
	(No symbol) [0x00007FF649110328]
	(No symbol) [0x00007FF649111093]
	GetHandleVerifier [0x00007FF6495B7B6D+2931725]
	GetHandleVerifier [0x00007FF6495B2132+2908626]
	GetHandleVerifier [0x00007FF6495D00F3+3031443]
	GetHandleVerifier [0x00007FF6493191EA+184970]
	GetHandleVerifier [0x00007FF64932086F+215311]
	GetHandleVerifier [0x00007FF649306EC4+110436]
	GetHandleVerifier [0x00007FF649307072+110866]
	GetHandleVerifier [0x00007FF6492ED479+5401]
	BaseThreadInitThunk [0x00007FFCAAD3E8D7+23]
	RtlUserThreadStart [0x00007FFCAC3F14FC+44]

[2025-04-24 21:06:49] Message: stale element reference: stale element not found in the current frame
  (Session info: chrome=135.0.7049.115); For documentation on this error, please visit: https://www.selenium.dev/documentation/webdriver/troubleshooting/errors#stale-element-reference-exception
Stacktrace:
	GetHandleVerifier [0x00007FF6492FEFA5+77893]
	GetHandleVerifier [0x00007FF6492FF000+77984]
	(No symbol) [0x00007FF6490C91BA]
	(No symbol) [0x00007FF6490D0AEC]
	(No symbol) [0x00007FF6490D3B5C]
	(No symbol) [0x00007FF6490D3C2F]
	(No symbol) [0x00007FF64911EA17]
	(No symbol) [0x00007FF64911F41C]
	(No symbol) [0x00007FF649111B1C]
	(No symbol) [0x00007FF64914716F]
	(No symbol) [0x00007FF6491119E6]
	(No symbol) [0x00007FF649147340]
	(No symbol) [0x00007FF64916F07F]
	(No symbol) [0x00007FF649146F03]
	(No symbol) [0x00007FF649110328]
	(No symbol) [0x00007FF649111093]
	GetHandleVerifier [0x00007FF6495B7B6D+2931725]
	GetHandleVerifier [0x00007FF6495B2132+2908626]
	GetHandleVerifier [0x00007FF6495D00F3+3031443]
	GetHandleVerifier [0x00007FF6493191EA+184970]
	GetHandleVerifier [0x00007FF64932086F+215311]
	GetHandleVerifier [0x00007FF649306EC4+110436]
	GetHandleVerifier [0x00007FF649307072+110866]
	GetHandleVerifier [0x00007FF6492ED479+5401]
	BaseThreadInitThunk [0x00007FFCAAD3E8D7+23]
	RtlUserThreadStart [0x00007FFCAC3F14FC+44]

[2025-04-24 21:06:49] Message: stale element reference: stale element not found in the current frame
  (Session info: chrome=135.0.7049.115); For documentation on this error, please visit: https://www.selenium.dev/documentation/webdriver/troubleshooting/errors#stale-element-reference-exception
Stacktrace:
	GetHandleVerifier [0x00007FF6492FEFA5+77893]
	GetHandleVerifier [0x00007FF6492FF000+77984]
	(No symbol) [0x00007FF6490C91BA]
	(No symbol) [0x00007FF6490D0AEC]
	(No symbol) [0x00007FF6490D3B5C]
	(No symbol) [0x00007FF6490D3C2F]
	(No symbol) [0x00007FF64911EA17]
	(No symbol) [0x00007FF64911F41C]
	(No symbol) [0x00007FF649111B1C]
	(No symbol) [0x00007FF64914716F]
	(No symbol) [0x00007FF6491119E6]
	(No symbol) [0x00007FF649147340]
	(No symbol) [0x00007FF64916F07F]
	(No symbol) [0x00007FF649146F03]
	(No symbol) [0x00007FF649110328]
	(No symbol) [0x00007FF649111093]
	GetHandleVerifier [0x00007FF6495B7B6D+2931725]
	GetHandleVerifier [0x00007FF6495B2132+2908626]
	GetHandleVerifier [0x00007FF6495D00F3+3031443]
	GetHandleVerifier [0x00007FF6493191EA+184970]
	GetHandleVerifier [0x00007FF64932086F+215311]
	GetHandleVerifier [0x00007FF649306EC4+110436]
	GetHandleVerifier [0x00007FF649307072+110866]
	GetHandleVerifier [0x00007FF6492ED479+5401]
	BaseThreadInitThunk [0x00007FFCAAD3E8D7+23]
	RtlUserThreadStart [0x00007FFCAC3F14FC+44]

[2025-04-24 21:06:49] Message: stale element reference: stale element not found in the current frame
  (Session info: chrome=135.0.7049.115); For documentation on this error, please visit: https://www.selenium.dev/documentation/webdriver/troubleshooting/errors#stale-element-reference-exception
Stacktrace:
	GetHandleVerifier [0x00007FF6492FEFA5+77893]
	GetHandleVerifier [0x00007FF6492FF000+77984]
	(No symbol) [0x00007FF6490C91BA]
	(No symbol) [0x00007FF6490D0AEC]
	(No symbol) [0x00007FF6490D3B5C]
	(No symbol) [0x00007FF6490D3C2F]
	(No symbol) [0x00007FF64911EA17]
	(No symbol) [0x00007FF64911F41C]
	(No symbol) [0x00007FF649111B1C]
	(No symbol) [0x00007FF64914716F]
	(No symbol) [0x00007FF6491119E6]
	(No symbol) [0x00007FF649147340]
	(No symbol) [0x00007FF64916F07F]
	(No symbol) [0x00007FF649146F03]
	(No symbol) [0x00007FF649110328]
	(No symbol) [0x00007FF649111093]
	GetHandleVerifier [0x00007FF6495B7B6D+2931725]
	GetHandleVerifier [0x00007FF6495B2132+2908626]
	GetHandleVerifier [0x00007FF6495D00F3+3031443]
	GetHandleVerifier [0x00007FF6493191EA+184970]
	GetHandleVerifier [0x00007FF64932086F+215311]
	GetHandleVerifier [0x00007FF649306EC4+110436]
	GetHandleVerifier [0x00007FF649307072+110866]
	GetHandleVerifier [0x00007FF6492ED479+5401]
	BaseThreadInitThunk [0x00007FFCAAD3E8D7+23]
	RtlUserThreadStart [0x00007FFCAC3F14FC+44]

[2025-04-24 21:06:50] Message: stale element reference: stale element not found in the current frame
  (Session info: chrome=135.0.7049.115); For documentation on this error, please visit: https://www.selenium.dev/documentation/webdriver/troubleshooting/errors#stale-element-reference-exception
Stacktrace:
	GetHandleVerifier [0x00007FF6492FEFA5+77893]
	GetHandleVerifier [0x00007FF6492FF000+77984]
	(No symbol) [0x00007FF6490C91BA]
	(No symbol) [0x00007FF6490D0AEC]
	(No symbol) [0x00007FF6490D3B5C]
	(No symbol) [0x00007FF6490D3C2F]
	(No symbol) [0x00007FF64911EA17]
	(No symbol) [0x00007FF64911F41C]
	(No symbol) [0x00007FF649111B1C]
	(No symbol) [0x00007FF64914716F]
	(No symbol) [0x00007FF6491119E6]
	(No symbol) [0x00007FF649147340]
	(No symbol) [0x00007FF64916F07F]
	(No symbol) [0x00007FF649146F03]
	(No symbol) [0x00007FF649110328]
	(No symbol) [0x00007FF649111093]
	GetHandleVerifier [0x00007FF6495B7B6D+2931725]
	GetHandleVerifier [0x00007FF6495B2132+2908626]
	GetHandleVerifier [0x00007FF6495D00F3+3031443]
	GetHandleVerifier [0x00007FF6493191EA+184970]
	GetHandleVerifier [0x00007FF64932086F+215311]
	GetHandleVerifier [0x00007FF649306EC4+110436]
	GetHandleVerifier [0x00007FF649307072+110866]
	GetHandleVerifier [0x00007FF6492ED479+5401]
	BaseThreadInitThunk [0x00007FFCAAD3E8D7+23]
	RtlUserThreadStart [0x00007FFCAC3F14FC+44]

[2025-04-24 21:06:50] Message: stale element reference: stale element not found in the current frame
  (Session info: chrome=135.0.7049.115); For documentation on this error, please visit: https://www.selenium.dev/documentation/webdriver/troubleshooting/errors#stale-element-reference-exception
Stacktrace:
	GetHandleVerifier [0x00007FF6492FEFA5+77893]
	GetHandleVerifier [0x00007FF6492FF000+77984]
	(No symbol) [0x00007FF6490C91BA]
	(No symbol) [0x00007FF6490D0AEC]
	(No symbol) [0x00007FF6490D3B5C]
	(No symbol) [0x00007FF6490D3C2F]
	(No symbol) [0x00007FF64911EA17]
	(No symbol) [0x00007FF64911F41C]
	(No symbol) [0x00007FF649111B1C]
	(No symbol) [0x00007FF64914716F]
	(No symbol) [0x00007FF6491119E6]
	(No symbol) [0x00007FF649147340]
	(No symbol) [0x00007FF64916F07F]
	(No symbol) [0x00007FF649146F03]
	(No symbol) [0x00007FF649110328]
	(No symbol) [0x00007FF649111093]
	GetHandleVerifier [0x00007FF6495B7B6D+2931725]
	GetHandleVerifier [0x00007FF6495B2132+2908626]
	GetHandleVerifier [0x00007FF6495D00F3+3031443]
	GetHandleVerifier [0x00007FF6493191EA+184970]
	GetHandleVerifier [0x00007FF64932086F+215311]
	GetHandleVerifier [0x00007FF649306EC4+110436]
	GetHandleVerifier [0x00007FF649307072+110866]
	GetHandleVerifier [0x00007FF6492ED479+5401]
	BaseThreadInitThunk [0x00007FFCAAD3E8D7+23]
	RtlUserThreadStart [0x00007FFCAC3F14FC+44]

[2025-04-24 21:09:53] Message: no such element: Unable to locate element: {"method":"xpath","selector":"..//following-sibling::div[contains(@class,'andes-money-amount')]"}
  (Session info: chrome=135.0.7049.115); For documentation on this error, please visit: https://www.selenium.dev/documentation/webdriver/troubleshooting/errors#no-such-element-exception
Stacktrace:
	GetHandleVerifier [0x00007FF6492FEFA5+77893]
	GetHandleVerifier [0x00007FF6492FF000+77984]
	(No symbol) [0x00007FF6490C91BA]
	(No symbol) [0x00007FF64911F16D]
	(No symbol) [0x00007FF64911F41C]
	(No symbol) [0x00007FF649111B1C]
	(No symbol) [0x00007FF64914716F]
	(No symbol) [0x00007FF6491119E6]
	(No symbol) [0x00007FF649147340]
	(No symbol) [0x00007FF64916F07F]
	(No symbol) [0x00007FF649146F03]
	(No symbol) [0x00007FF649110328]
	(No symbol) [0x00007FF649111093]
	GetHandleVerifier [0x00007FF6495B7B6D+2931725]
	GetHandleVerifier [0x00007FF6495B2132+2908626]
	GetHandleVerifier [0x00007FF6495D00F3+3031443]
	GetHandleVerifier [0x00007FF6493191EA+184970]
	GetHandleVerifier [0x00007FF64932086F+215311]
	GetHandleVerifier [0x00007FF649306EC4+110436]
	GetHandleVerifier [0x00007FF649307072+110866]
	GetHandleVerifier [0x00007FF6492ED479+5401]
	BaseThreadInitThunk [0x00007FFCAAD3E8D7+23]
	RtlUserThreadStart [0x00007FFCAC3F14FC+44]

[2025-04-24 21:09:53] Message: no such element: Unable to locate element: {"method":"xpath","selector":"..//following-sibling::div[contains(@class,'andes-money-amount')]"}
  (Session info: chrome=135.0.7049.115); For documentation on this error, please visit: https://www.selenium.dev/documentation/webdriver/troubleshooting/errors#no-such-element-exception
Stacktrace:
	GetHandleVerifier [0x00007FF6492FEFA5+77893]
	GetHandleVerifier [0x00007FF6492FF000+77984]
	(No symbol) [0x00007FF6490C91BA]
	(No symbol) [0x00007FF64911F16D]
	(No symbol) [0x00007FF64911F41C]
	(No symbol) [0x00007FF649111B1C]
	(No symbol) [0x00007FF64914716F]
	(No symbol) [0x00007FF6491119E6]
	(No symbol) [0x00007FF649147340]
	(No symbol) [0x00007FF64916F07F]
	(No symbol) [0x00007FF649146F03]
	(No symbol) [0x00007FF649110328]
	(No symbol) [0x00007FF649111093]
	GetHandleVerifier [0x00007FF6495B7B6D+2931725]
	GetHandleVerifier [0x00007FF6495B2132+2908626]
	GetHandleVerifier [0x00007FF6495D00F3+3031443]
	GetHandleVerifier [0x00007FF6493191EA+184970]
	GetHandleVerifier [0x00007FF64932086F+215311]
	GetHandleVerifier [0x00007FF649306EC4+110436]
	GetHandleVerifier [0x00007FF649307072+110866]
	GetHandleVerifier [0x00007FF6492ED479+5401]
	BaseThreadInitThunk [0x00007FFCAAD3E8D7+23]
	RtlUserThreadStart [0x00007FFCAC3F14FC+44]

[2025-04-24 21:09:54] Message: no such element: Unable to locate element: {"method":"xpath","selector":"..//following-sibling::div[contains(@class,'andes-money-amount')]"}
  (Session info: chrome=135.0.7049.115); For documentation on this error, please visit: https://www.selenium.dev/documentation/webdriver/troubleshooting/errors#no-such-element-exception
Stacktrace:
	GetHandleVerifier [0x00007FF6492FEFA5+77893]
	GetHandleVerifier [0x00007FF6492FF000+77984]
	(No symbol) [0x00007FF6490C91BA]
	(No symbol) [0x00007FF64911F16D]
	(No symbol) [0x00007FF64911F41C]
	(No symbol) [0x00007FF649111B1C]
	(No symbol) [0x00007FF64914716F]
	(No symbol) [0x00007FF6491119E6]
	(No symbol) [0x00007FF649147340]
	(No symbol) [0x00007FF64916F07F]
	(No symbol) [0x00007FF649146F03]
	(No symbol) [0x00007FF649110328]
	(No symbol) [0x00007FF649111093]
	GetHandleVerifier [0x00007FF6495B7B6D+2931725]
	GetHandleVerifier [0x00007FF6495B2132+2908626]
	GetHandleVerifier [0x00007FF6495D00F3+3031443]
	GetHandleVerifier [0x00007FF6493191EA+184970]
	GetHandleVerifier [0x00007FF64932086F+215311]
	GetHandleVerifier [0x00007FF649306EC4+110436]
	GetHandleVerifier [0x00007FF649307072+110866]
	GetHandleVerifier [0x00007FF6492ED479+5401]
	BaseThreadInitThunk [0x00007FFCAAD3E8D7+23]
	RtlUserThreadStart [0x00007FFCAC3F14FC+44]

[2025-04-24 21:09:54] Message: stale element reference: stale element not found in the current frame
  (Session info: chrome=135.0.7049.115); For documentation on this error, please visit: https://www.selenium.dev/documentation/webdriver/troubleshooting/errors#stale-element-reference-exception
Stacktrace:
	GetHandleVerifier [0x00007FF6492FEFA5+77893]
	GetHandleVerifier [0x00007FF6492FF000+77984]
	(No symbol) [0x00007FF6490C91BA]
	(No symbol) [0x00007FF6490D0AEC]
	(No symbol) [0x00007FF6490D3B5C]
	(No symbol) [0x00007FF6490D3C2F]
	(No symbol) [0x00007FF64911EA17]
	(No symbol) [0x00007FF64911F41C]
	(No symbol) [0x00007FF649111B1C]
	(No symbol) [0x00007FF64914716F]
	(No symbol) [0x00007FF6491119E6]
	(No symbol) [0x00007FF649147340]
	(No symbol) [0x00007FF64916F07F]
	(No symbol) [0x00007FF649146F03]
	(No symbol) [0x00007FF649110328]
	(No symbol) [0x00007FF649111093]
	GetHandleVerifier [0x00007FF6495B7B6D+2931725]
	GetHandleVerifier [0x00007FF6495B2132+2908626]
	GetHandleVerifier [0x00007FF6495D00F3+3031443]
	GetHandleVerifier [0x00007FF6493191EA+184970]
	GetHandleVerifier [0x00007FF64932086F+215311]
	GetHandleVerifier [0x00007FF649306EC4+110436]
	GetHandleVerifier [0x00007FF649307072+110866]
	GetHandleVerifier [0x00007FF6492ED479+5401]
	BaseThreadInitThunk [0x00007FFCAAD3E8D7+23]
	RtlUserThreadStart [0x00007FFCAC3F14FC+44]

[2025-04-24 21:09:54] Message: stale element reference: stale element not found in the current frame
  (Session info: chrome=135.0.7049.115); For documentation on this error, please visit: https://www.selenium.dev/documentation/webdriver/troubleshooting/errors#stale-element-reference-exception
Stacktrace:
	GetHandleVerifier [0x00007FF6492FEFA5+77893]
	GetHandleVerifier [0x00007FF6492FF000+77984]
	(No symbol) [0x00007FF6490C91BA]
	(No symbol) [0x00007FF6490D0AEC]
	(No symbol) [0x00007FF6490D3B5C]
	(No symbol) [0x00007FF6490D3C2F]
	(No symbol) [0x00007FF64911EA17]
	(No symbol) [0x00007FF64911F41C]
	(No symbol) [0x00007FF649111B1C]
	(No symbol) [0x00007FF64914716F]
	(No symbol) [0x00007FF6491119E6]
	(No symbol) [0x00007FF649147340]
	(No symbol) [0x00007FF64916F07F]
	(No symbol) [0x00007FF649146F03]
	(No symbol) [0x00007FF649110328]
	(No symbol) [0x00007FF649111093]
	GetHandleVerifier [0x00007FF6495B7B6D+2931725]
	GetHandleVerifier [0x00007FF6495B2132+2908626]
	GetHandleVerifier [0x00007FF6495D00F3+3031443]
	GetHandleVerifier [0x00007FF6493191EA+184970]
	GetHandleVerifier [0x00007FF64932086F+215311]
	GetHandleVerifier [0x00007FF649306EC4+110436]
	GetHandleVerifier [0x00007FF649307072+110866]
	GetHandleVerifier [0x00007FF6492ED479+5401]
	BaseThreadInitThunk [0x00007FFCAAD3E8D7+23]
	RtlUserThreadStart [0x00007FFCAC3F14FC+44]

[2025-04-24 21:09:54] Message: stale element reference: stale element not found in the current frame
  (Session info: chrome=135.0.7049.115); For documentation on this error, please visit: https://www.selenium.dev/documentation/webdriver/troubleshooting/errors#stale-element-reference-exception
Stacktrace:
	GetHandleVerifier [0x00007FF6492FEFA5+77893]
	GetHandleVerifier [0x00007FF6492FF000+77984]
	(No symbol) [0x00007FF6490C91BA]
	(No symbol) [0x00007FF6490D0AEC]
	(No symbol) [0x00007FF6490D3B5C]
	(No symbol) [0x00007FF6490D3C2F]
	(No symbol) [0x00007FF64911EA17]
	(No symbol) [0x00007FF64911F41C]
	(No symbol) [0x00007FF649111B1C]
	(No symbol) [0x00007FF64914716F]
	(No symbol) [0x00007FF6491119E6]
	(No symbol) [0x00007FF649147340]
	(No symbol) [0x00007FF64916F07F]
	(No symbol) [0x00007FF649146F03]
	(No symbol) [0x00007FF649110328]
	(No symbol) [0x00007FF649111093]
	GetHandleVerifier [0x00007FF6495B7B6D+2931725]
	GetHandleVerifier [0x00007FF6495B2132+2908626]
	GetHandleVerifier [0x00007FF6495D00F3+3031443]
	GetHandleVerifier [0x00007FF6493191EA+184970]
	GetHandleVerifier [0x00007FF64932086F+215311]
	GetHandleVerifier [0x00007FF649306EC4+110436]
	GetHandleVerifier [0x00007FF649307072+110866]
	GetHandleVerifier [0x00007FF6492ED479+5401]
	BaseThreadInitThunk [0x00007FFCAAD3E8D7+23]
	RtlUserThreadStart [0x00007FFCAC3F14FC+44]

[2025-04-24 21:09:54] Message: stale element reference: stale element not found in the current frame
  (Session info: chrome=135.0.7049.115); For documentation on this error, please visit: https://www.selenium.dev/documentation/webdriver/troubleshooting/errors#stale-element-reference-exception
Stacktrace:
	GetHandleVerifier [0x00007FF6492FEFA5+77893]
	GetHandleVerifier [0x00007FF6492FF000+77984]
	(No symbol) [0x00007FF6490C91BA]
	(No symbol) [0x00007FF6490D0AEC]
	(No symbol) [0x00007FF6490D3B5C]
	(No symbol) [0x00007FF6490D3C2F]
	(No symbol) [0x00007FF64911EA17]
	(No symbol) [0x00007FF64911F41C]
	(No symbol) [0x00007FF649111B1C]
	(No symbol) [0x00007FF64914716F]
	(No symbol) [0x00007FF6491119E6]
	(No symbol) [0x00007FF649147340]
	(No symbol) [0x00007FF64916F07F]
	(No symbol) [0x00007FF649146F03]
	(No symbol) [0x00007FF649110328]
	(No symbol) [0x00007FF649111093]
	GetHandleVerifier [0x00007FF6495B7B6D+2931725]
	GetHandleVerifier [0x00007FF6495B2132+2908626]
	GetHandleVerifier [0x00007FF6495D00F3+3031443]
	GetHandleVerifier [0x00007FF6493191EA+184970]
	GetHandleVerifier [0x00007FF64932086F+215311]
	GetHandleVerifier [0x00007FF649306EC4+110436]
	GetHandleVerifier [0x00007FF649307072+110866]
	GetHandleVerifier [0x00007FF6492ED479+5401]
	BaseThreadInitThunk [0x00007FFCAAD3E8D7+23]
	RtlUserThreadStart [0x00007FFCAC3F14FC+44]

[2025-04-24 21:09:54] Message: stale element reference: stale element not found in the current frame
  (Session info: chrome=135.0.7049.115); For documentation on this error, please visit: https://www.selenium.dev/documentation/webdriver/troubleshooting/errors#stale-element-reference-exception
Stacktrace:
	GetHandleVerifier [0x00007FF6492FEFA5+77893]
	GetHandleVerifier [0x00007FF6492FF000+77984]
	(No symbol) [0x00007FF6490C91BA]
	(No symbol) [0x00007FF6490D0AEC]
	(No symbol) [0x00007FF6490D3B5C]
	(No symbol) [0x00007FF6490D3C2F]
	(No symbol) [0x00007FF64911EA17]
	(No symbol) [0x00007FF64911F41C]
	(No symbol) [0x00007FF649111B1C]
	(No symbol) [0x00007FF64914716F]
	(No symbol) [0x00007FF6491119E6]
	(No symbol) [0x00007FF649147340]
	(No symbol) [0x00007FF64916F07F]
	(No symbol) [0x00007FF649146F03]
	(No symbol) [0x00007FF649110328]
	(No symbol) [0x00007FF649111093]
	GetHandleVerifier [0x00007FF6495B7B6D+2931725]
	GetHandleVerifier [0x00007FF6495B2132+2908626]
	GetHandleVerifier [0x00007FF6495D00F3+3031443]
	GetHandleVerifier [0x00007FF6493191EA+184970]
	GetHandleVerifier [0x00007FF64932086F+215311]
	GetHandleVerifier [0x00007FF649306EC4+110436]
	GetHandleVerifier [0x00007FF649307072+110866]
	GetHandleVerifier [0x00007FF6492ED479+5401]
	BaseThreadInitThunk [0x00007FFCAAD3E8D7+23]
	RtlUserThreadStart [0x00007FFCAC3F14FC+44]

[2025-04-24 21:09:54] Message: stale element reference: stale element not found in the current frame
  (Session info: chrome=135.0.7049.115); For documentation on this error, please visit: https://www.selenium.dev/documentation/webdriver/troubleshooting/errors#stale-element-reference-exception
Stacktrace:
	GetHandleVerifier [0x00007FF6492FEFA5+77893]
	GetHandleVerifier [0x00007FF6492FF000+77984]
	(No symbol) [0x00007FF6490C91BA]
	(No symbol) [0x00007FF6490D0AEC]
	(No symbol) [0x00007FF6490D3B5C]
	(No symbol) [0x00007FF6490D3C2F]
	(No symbol) [0x00007FF64911EA17]
	(No symbol) [0x00007FF64911F41C]
	(No symbol) [0x00007FF649111B1C]
	(No symbol) [0x00007FF64914716F]
	(No symbol) [0x00007FF6491119E6]
	(No symbol) [0x00007FF649147340]
	(No symbol) [0x00007FF64916F07F]
	(No symbol) [0x00007FF649146F03]
	(No symbol) [0x00007FF649110328]
	(No symbol) [0x00007FF649111093]
	GetHandleVerifier [0x00007FF6495B7B6D+2931725]
	GetHandleVerifier [0x00007FF6495B2132+2908626]
	GetHandleVerifier [0x00007FF6495D00F3+3031443]
	GetHandleVerifier [0x00007FF6493191EA+184970]
	GetHandleVerifier [0x00007FF64932086F+215311]
	GetHandleVerifier [0x00007FF649306EC4+110436]
	GetHandleVerifier [0x00007FF649307072+110866]
	GetHandleVerifier [0x00007FF6492ED479+5401]
	BaseThreadInitThunk [0x00007FFCAAD3E8D7+23]
	RtlUserThreadStart [0x00007FFCAC3F14FC+44]

[2025-04-24 21:09:54] Message: stale element reference: stale element not found in the current frame
  (Session info: chrome=135.0.7049.115); For documentation on this error, please visit: https://www.selenium.dev/documentation/webdriver/troubleshooting/errors#stale-element-reference-exception
Stacktrace:
	GetHandleVerifier [0x00007FF6492FEFA5+77893]
	GetHandleVerifier [0x00007FF6492FF000+77984]
	(No symbol) [0x00007FF6490C91BA]
	(No symbol) [0x00007FF6490D0AEC]
	(No symbol) [0x00007FF6490D3B5C]
	(No symbol) [0x00007FF6490D3C2F]
	(No symbol) [0x00007FF64911EA17]
	(No symbol) [0x00007FF64911F41C]
	(No symbol) [0x00007FF649111B1C]
	(No symbol) [0x00007FF64914716F]
	(No symbol) [0x00007FF6491119E6]
	(No symbol) [0x00007FF649147340]
	(No symbol) [0x00007FF64916F07F]
	(No symbol) [0x00007FF649146F03]
	(No symbol) [0x00007FF649110328]
	(No symbol) [0x00007FF649111093]
	GetHandleVerifier [0x00007FF6495B7B6D+2931725]
	GetHandleVerifier [0x00007FF6495B2132+2908626]
	GetHandleVerifier [0x00007FF6495D00F3+3031443]
	GetHandleVerifier [0x00007FF6493191EA+184970]
	GetHandleVerifier [0x00007FF64932086F+215311]
	GetHandleVerifier [0x00007FF649306EC4+110436]
	GetHandleVerifier [0x00007FF649307072+110866]
	GetHandleVerifier [0x00007FF6492ED479+5401]
	BaseThreadInitThunk [0x00007FFCAAD3E8D7+23]
	RtlUserThreadStart [0x00007FFCAC3F14FC+44]

[2025-04-24 21:09:54] Message: stale element reference: stale element not found in the current frame
  (Session info: chrome=135.0.7049.115); For documentation on this error, please visit: https://www.selenium.dev/documentation/webdriver/troubleshooting/errors#stale-element-reference-exception
Stacktrace:
	GetHandleVerifier [0x00007FF6492FEFA5+77893]
	GetHandleVerifier [0x00007FF6492FF000+77984]
	(No symbol) [0x00007FF6490C91BA]
	(No symbol) [0x00007FF6490D0AEC]
	(No symbol) [0x00007FF6490D3B5C]
	(No symbol) [0x00007FF6490D3C2F]
	(No symbol) [0x00007FF64911EA17]
	(No symbol) [0x00007FF64911F41C]
	(No symbol) [0x00007FF649111B1C]
	(No symbol) [0x00007FF64914716F]
	(No symbol) [0x00007FF6491119E6]
	(No symbol) [0x00007FF649147340]
	(No symbol) [0x00007FF64916F07F]
	(No symbol) [0x00007FF649146F03]
	(No symbol) [0x00007FF649110328]
	(No symbol) [0x00007FF649111093]
	GetHandleVerifier [0x00007FF6495B7B6D+2931725]
	GetHandleVerifier [0x00007FF6495B2132+2908626]
	GetHandleVerifier [0x00007FF6495D00F3+3031443]
	GetHandleVerifier [0x00007FF6493191EA+184970]
	GetHandleVerifier [0x00007FF64932086F+215311]
	GetHandleVerifier [0x00007FF649306EC4+110436]
	GetHandleVerifier [0x00007FF649307072+110866]
	GetHandleVerifier [0x00007FF6492ED479+5401]
	BaseThreadInitThunk [0x00007FFCAAD3E8D7+23]
	RtlUserThreadStart [0x00007FFCAC3F14FC+44]

[2025-04-24 21:09:54] Message: stale element reference: stale element not found in the current frame
  (Session info: chrome=135.0.7049.115); For documentation on this error, please visit: https://www.selenium.dev/documentation/webdriver/troubleshooting/errors#stale-element-reference-exception
Stacktrace:
	GetHandleVerifier [0x00007FF6492FEFA5+77893]
	GetHandleVerifier [0x00007FF6492FF000+77984]
	(No symbol) [0x00007FF6490C91BA]
	(No symbol) [0x00007FF6490D0AEC]
	(No symbol) [0x00007FF6490D3B5C]
	(No symbol) [0x00007FF6490D3C2F]
	(No symbol) [0x00007FF64911EA17]
	(No symbol) [0x00007FF64911F41C]
	(No symbol) [0x00007FF649111B1C]
	(No symbol) [0x00007FF64914716F]
	(No symbol) [0x00007FF6491119E6]
	(No symbol) [0x00007FF649147340]
	(No symbol) [0x00007FF64916F07F]
	(No symbol) [0x00007FF649146F03]
	(No symbol) [0x00007FF649110328]
	(No symbol) [0x00007FF649111093]
	GetHandleVerifier [0x00007FF6495B7B6D+2931725]
	GetHandleVerifier [0x00007FF6495B2132+2908626]
	GetHandleVerifier [0x00007FF6495D00F3+3031443]
	GetHandleVerifier [0x00007FF6493191EA+184970]
	GetHandleVerifier [0x00007FF64932086F+215311]
	GetHandleVerifier [0x00007FF649306EC4+110436]
	GetHandleVerifier [0x00007FF649307072+110866]
	GetHandleVerifier [0x00007FF6492ED479+5401]
	BaseThreadInitThunk [0x00007FFCAAD3E8D7+23]
	RtlUserThreadStart [0x00007FFCAC3F14FC+44]

[2025-04-24 21:09:54] Message: stale element reference: stale element not found in the current frame
  (Session info: chrome=135.0.7049.115); For documentation on this error, please visit: https://www.selenium.dev/documentation/webdriver/troubleshooting/errors#stale-element-reference-exception
Stacktrace:
	GetHandleVerifier [0x00007FF6492FEFA5+77893]
	GetHandleVerifier [0x00007FF6492FF000+77984]
	(No symbol) [0x00007FF6490C91BA]
	(No symbol) [0x00007FF6490D0AEC]
	(No symbol) [0x00007FF6490D3B5C]
	(No symbol) [0x00007FF6490D3C2F]
	(No symbol) [0x00007FF64911EA17]
	(No symbol) [0x00007FF64911F41C]
	(No symbol) [0x00007FF649111B1C]
	(No symbol) [0x00007FF64914716F]
	(No symbol) [0x00007FF6491119E6]
	(No symbol) [0x00007FF649147340]
	(No symbol) [0x00007FF64916F07F]
	(No symbol) [0x00007FF649146F03]
	(No symbol) [0x00007FF649110328]
	(No symbol) [0x00007FF649111093]
	GetHandleVerifier [0x00007FF6495B7B6D+2931725]
	GetHandleVerifier [0x00007FF6495B2132+2908626]
	GetHandleVerifier [0x00007FF6495D00F3+3031443]
	GetHandleVerifier [0x00007FF6493191EA+184970]
	GetHandleVerifier [0x00007FF64932086F+215311]
	GetHandleVerifier [0x00007FF649306EC4+110436]
	GetHandleVerifier [0x00007FF649307072+110866]
	GetHandleVerifier [0x00007FF6492ED479+5401]
	BaseThreadInitThunk [0x00007FFCAAD3E8D7+23]
	RtlUserThreadStart [0x00007FFCAC3F14FC+44]

[2025-04-24 21:09:54] Message: stale element reference: stale element not found in the current frame
  (Session info: chrome=135.0.7049.115); For documentation on this error, please visit: https://www.selenium.dev/documentation/webdriver/troubleshooting/errors#stale-element-reference-exception
Stacktrace:
	GetHandleVerifier [0x00007FF6492FEFA5+77893]
	GetHandleVerifier [0x00007FF6492FF000+77984]
	(No symbol) [0x00007FF6490C91BA]
	(No symbol) [0x00007FF6490D0AEC]
	(No symbol) [0x00007FF6490D3B5C]
	(No symbol) [0x00007FF6490D3C2F]
	(No symbol) [0x00007FF64911EA17]
	(No symbol) [0x00007FF64911F41C]
	(No symbol) [0x00007FF649111B1C]
	(No symbol) [0x00007FF64914716F]
	(No symbol) [0x00007FF6491119E6]
	(No symbol) [0x00007FF649147340]
	(No symbol) [0x00007FF64916F07F]
	(No symbol) [0x00007FF649146F03]
	(No symbol) [0x00007FF649110328]
	(No symbol) [0x00007FF649111093]
	GetHandleVerifier [0x00007FF6495B7B6D+2931725]
	GetHandleVerifier [0x00007FF6495B2132+2908626]
	GetHandleVerifier [0x00007FF6495D00F3+3031443]
	GetHandleVerifier [0x00007FF6493191EA+184970]
	GetHandleVerifier [0x00007FF64932086F+215311]
	GetHandleVerifier [0x00007FF649306EC4+110436]
	GetHandleVerifier [0x00007FF649307072+110866]
	GetHandleVerifier [0x00007FF6492ED479+5401]
	BaseThreadInitThunk [0x00007FFCAAD3E8D7+23]
	RtlUserThreadStart [0x00007FFCAC3F14FC+44]

[2025-04-24 21:09:54] Message: stale element reference: stale element not found in the current frame
  (Session info: chrome=135.0.7049.115); For documentation on this error, please visit: https://www.selenium.dev/documentation/webdriver/troubleshooting/errors#stale-element-reference-exception
Stacktrace:
	GetHandleVerifier [0x00007FF6492FEFA5+77893]
	GetHandleVerifier [0x00007FF6492FF000+77984]
	(No symbol) [0x00007FF6490C91BA]
	(No symbol) [0x00007FF6490D0AEC]
	(No symbol) [0x00007FF6490D3B5C]
	(No symbol) [0x00007FF6490D3C2F]
	(No symbol) [0x00007FF64911EA17]
	(No symbol) [0x00007FF64911F41C]
	(No symbol) [0x00007FF649111B1C]
	(No symbol) [0x00007FF64914716F]
	(No symbol) [0x00007FF6491119E6]
	(No symbol) [0x00007FF649147340]
	(No symbol) [0x00007FF64916F07F]
	(No symbol) [0x00007FF649146F03]
	(No symbol) [0x00007FF649110328]
	(No symbol) [0x00007FF649111093]
	GetHandleVerifier [0x00007FF6495B7B6D+2931725]
	GetHandleVerifier [0x00007FF6495B2132+2908626]
	GetHandleVerifier [0x00007FF6495D00F3+3031443]
	GetHandleVerifier [0x00007FF6493191EA+184970]
	GetHandleVerifier [0x00007FF64932086F+215311]
	GetHandleVerifier [0x00007FF649306EC4+110436]
	GetHandleVerifier [0x00007FF649307072+110866]
	GetHandleVerifier [0x00007FF6492ED479+5401]
	BaseThreadInitThunk [0x00007FFCAAD3E8D7+23]
	RtlUserThreadStart [0x00007FFCAC3F14FC+44]

[2025-04-24 21:09:54] Message: stale element reference: stale element not found in the current frame
  (Session info: chrome=135.0.7049.115); For documentation on this error, please visit: https://www.selenium.dev/documentation/webdriver/troubleshooting/errors#stale-element-reference-exception
Stacktrace:
	GetHandleVerifier [0x00007FF6492FEFA5+77893]
	GetHandleVerifier [0x00007FF6492FF000+77984]
	(No symbol) [0x00007FF6490C91BA]
	(No symbol) [0x00007FF6490D0AEC]
	(No symbol) [0x00007FF6490D3B5C]
	(No symbol) [0x00007FF6490D3C2F]
	(No symbol) [0x00007FF64911EA17]
	(No symbol) [0x00007FF64911F41C]
	(No symbol) [0x00007FF649111B1C]
	(No symbol) [0x00007FF64914716F]
	(No symbol) [0x00007FF6491119E6]
	(No symbol) [0x00007FF649147340]
	(No symbol) [0x00007FF64916F07F]
	(No symbol) [0x00007FF649146F03]
	(No symbol) [0x00007FF649110328]
	(No symbol) [0x00007FF649111093]
	GetHandleVerifier [0x00007FF6495B7B6D+2931725]
	GetHandleVerifier [0x00007FF6495B2132+2908626]
	GetHandleVerifier [0x00007FF6495D00F3+3031443]
	GetHandleVerifier [0x00007FF6493191EA+184970]
	GetHandleVerifier [0x00007FF64932086F+215311]
	GetHandleVerifier [0x00007FF649306EC4+110436]
	GetHandleVerifier [0x00007FF649307072+110866]
	GetHandleVerifier [0x00007FF6492ED479+5401]
	BaseThreadInitThunk [0x00007FFCAAD3E8D7+23]
	RtlUserThreadStart [0x00007FFCAC3F14FC+44]

[2025-04-24 21:09:54] Message: stale element reference: stale element not found in the current frame
  (Session info: chrome=135.0.7049.115); For documentation on this error, please visit: https://www.selenium.dev/documentation/webdriver/troubleshooting/errors#stale-element-reference-exception
Stacktrace:
	GetHandleVerifier [0x00007FF6492FEFA5+77893]
	GetHandleVerifier [0x00007FF6492FF000+77984]
	(No symbol) [0x00007FF6490C91BA]
	(No symbol) [0x00007FF6490D0AEC]
	(No symbol) [0x00007FF6490D3B5C]
	(No symbol) [0x00007FF6490D3C2F]
	(No symbol) [0x00007FF64911EA17]
	(No symbol) [0x00007FF64911F41C]
	(No symbol) [0x00007FF649111B1C]
	(No symbol) [0x00007FF64914716F]
	(No symbol) [0x00007FF6491119E6]
	(No symbol) [0x00007FF649147340]
	(No symbol) [0x00007FF64916F07F]
	(No symbol) [0x00007FF649146F03]
	(No symbol) [0x00007FF649110328]
	(No symbol) [0x00007FF649111093]
	GetHandleVerifier [0x00007FF6495B7B6D+2931725]
	GetHandleVerifier [0x00007FF6495B2132+2908626]
	GetHandleVerifier [0x00007FF6495D00F3+3031443]
	GetHandleVerifier [0x00007FF6493191EA+184970]
	GetHandleVerifier [0x00007FF64932086F+215311]
	GetHandleVerifier [0x00007FF649306EC4+110436]
	GetHandleVerifier [0x00007FF649307072+110866]
	GetHandleVerifier [0x00007FF6492ED479+5401]
	BaseThreadInitThunk [0x00007FFCAAD3E8D7+23]
	RtlUserThreadStart [0x00007FFCAC3F14FC+44]

[2025-04-24 21:09:54] Message: stale element reference: stale element not found in the current frame
  (Session info: chrome=135.0.7049.115); For documentation on this error, please visit: https://www.selenium.dev/documentation/webdriver/troubleshooting/errors#stale-element-reference-exception
Stacktrace:
	GetHandleVerifier [0x00007FF6492FEFA5+77893]
	GetHandleVerifier [0x00007FF6492FF000+77984]
	(No symbol) [0x00007FF6490C91BA]
	(No symbol) [0x00007FF6490D0AEC]
	(No symbol) [0x00007FF6490D3B5C]
	(No symbol) [0x00007FF6490D3C2F]
	(No symbol) [0x00007FF64911EA17]
	(No symbol) [0x00007FF64911F41C]
	(No symbol) [0x00007FF649111B1C]
	(No symbol) [0x00007FF64914716F]
	(No symbol) [0x00007FF6491119E6]
	(No symbol) [0x00007FF649147340]
	(No symbol) [0x00007FF64916F07F]
	(No symbol) [0x00007FF649146F03]
	(No symbol) [0x00007FF649110328]
	(No symbol) [0x00007FF649111093]
	GetHandleVerifier [0x00007FF6495B7B6D+2931725]
	GetHandleVerifier [0x00007FF6495B2132+2908626]
	GetHandleVerifier [0x00007FF6495D00F3+3031443]
	GetHandleVerifier [0x00007FF6493191EA+184970]
	GetHandleVerifier [0x00007FF64932086F+215311]
	GetHandleVerifier [0x00007FF649306EC4+110436]
	GetHandleVerifier [0x00007FF649307072+110866]
	GetHandleVerifier [0x00007FF6492ED479+5401]
	BaseThreadInitThunk [0x00007FFCAAD3E8D7+23]
	RtlUserThreadStart [0x00007FFCAC3F14FC+44]

[2025-04-24 21:09:54] Message: stale element reference: stale element not found in the current frame
  (Session info: chrome=135.0.7049.115); For documentation on this error, please visit: https://www.selenium.dev/documentation/webdriver/troubleshooting/errors#stale-element-reference-exception
Stacktrace:
	GetHandleVerifier [0x00007FF6492FEFA5+77893]
	GetHandleVerifier [0x00007FF6492FF000+77984]
	(No symbol) [0x00007FF6490C91BA]
	(No symbol) [0x00007FF6490D0AEC]
	(No symbol) [0x00007FF6490D3B5C]
	(No symbol) [0x00007FF6490D3C2F]
	(No symbol) [0x00007FF64911EA17]
	(No symbol) [0x00007FF64911F41C]
	(No symbol) [0x00007FF649111B1C]
	(No symbol) [0x00007FF64914716F]
	(No symbol) [0x00007FF6491119E6]
	(No symbol) [0x00007FF649147340]
	(No symbol) [0x00007FF64916F07F]
	(No symbol) [0x00007FF649146F03]
	(No symbol) [0x00007FF649110328]
	(No symbol) [0x00007FF649111093]
	GetHandleVerifier [0x00007FF6495B7B6D+2931725]
	GetHandleVerifier [0x00007FF6495B2132+2908626]
	GetHandleVerifier [0x00007FF6495D00F3+3031443]
	GetHandleVerifier [0x00007FF6493191EA+184970]
	GetHandleVerifier [0x00007FF64932086F+215311]
	GetHandleVerifier [0x00007FF649306EC4+110436]
	GetHandleVerifier [0x00007FF649307072+110866]
	GetHandleVerifier [0x00007FF6492ED479+5401]
	BaseThreadInitThunk [0x00007FFCAAD3E8D7+23]
	RtlUserThreadStart [0x00007FFCAC3F14FC+44]

[2025-04-24 21:09:54] Message: stale element reference: stale element not found in the current frame
  (Session info: chrome=135.0.7049.115); For documentation on this error, please visit: https://www.selenium.dev/documentation/webdriver/troubleshooting/errors#stale-element-reference-exception
Stacktrace:
	GetHandleVerifier [0x00007FF6492FEFA5+77893]
	GetHandleVerifier [0x00007FF6492FF000+77984]
	(No symbol) [0x00007FF6490C91BA]
	(No symbol) [0x00007FF6490D0AEC]
	(No symbol) [0x00007FF6490D3B5C]
	(No symbol) [0x00007FF6490D3C2F]
	(No symbol) [0x00007FF64911EA17]
	(No symbol) [0x00007FF64911F41C]
	(No symbol) [0x00007FF649111B1C]
	(No symbol) [0x00007FF64914716F]
	(No symbol) [0x00007FF6491119E6]
	(No symbol) [0x00007FF649147340]
	(No symbol) [0x00007FF64916F07F]
	(No symbol) [0x00007FF649146F03]
	(No symbol) [0x00007FF649110328]
	(No symbol) [0x00007FF649111093]
	GetHandleVerifier [0x00007FF6495B7B6D+2931725]
	GetHandleVerifier [0x00007FF6495B2132+2908626]
	GetHandleVerifier [0x00007FF6495D00F3+3031443]
	GetHandleVerifier [0x00007FF6493191EA+184970]
	GetHandleVerifier [0x00007FF64932086F+215311]
	GetHandleVerifier [0x00007FF649306EC4+110436]
	GetHandleVerifier [0x00007FF649307072+110866]
	GetHandleVerifier [0x00007FF6492ED479+5401]
	BaseThreadInitThunk [0x00007FFCAAD3E8D7+23]
	RtlUserThreadStart [0x00007FFCAC3F14FC+44]

[2025-04-24 21:09:54] Message: stale element reference: stale element not found in the current frame
  (Session info: chrome=135.0.7049.115); For documentation on this error, please visit: https://www.selenium.dev/documentation/webdriver/troubleshooting/errors#stale-element-reference-exception
Stacktrace:
	GetHandleVerifier [0x00007FF6492FEFA5+77893]
	GetHandleVerifier [0x00007FF6492FF000+77984]
	(No symbol) [0x00007FF6490C91BA]
	(No symbol) [0x00007FF6490D0AEC]
	(No symbol) [0x00007FF6490D3B5C]
	(No symbol) [0x00007FF6490D3C2F]
	(No symbol) [0x00007FF64911EA17]
	(No symbol) [0x00007FF64911F41C]
	(No symbol) [0x00007FF649111B1C]
	(No symbol) [0x00007FF64914716F]
	(No symbol) [0x00007FF6491119E6]
	(No symbol) [0x00007FF649147340]
	(No symbol) [0x00007FF64916F07F]
	(No symbol) [0x00007FF649146F03]
	(No symbol) [0x00007FF649110328]
	(No symbol) [0x00007FF649111093]
	GetHandleVerifier [0x00007FF6495B7B6D+2931725]
	GetHandleVerifier [0x00007FF6495B2132+2908626]
	GetHandleVerifier [0x00007FF6495D00F3+3031443]
	GetHandleVerifier [0x00007FF6493191EA+184970]
	GetHandleVerifier [0x00007FF64932086F+215311]
	GetHandleVerifier [0x00007FF649306EC4+110436]
	GetHandleVerifier [0x00007FF649307072+110866]
	GetHandleVerifier [0x00007FF6492ED479+5401]
	BaseThreadInitThunk [0x00007FFCAAD3E8D7+23]
	RtlUserThreadStart [0x00007FFCAC3F14FC+44]

[2025-04-24 21:09:54] Message: stale element reference: stale element not found in the current frame
  (Session info: chrome=135.0.7049.115); For documentation on this error, please visit: https://www.selenium.dev/documentation/webdriver/troubleshooting/errors#stale-element-reference-exception
Stacktrace:
	GetHandleVerifier [0x00007FF6492FEFA5+77893]
	GetHandleVerifier [0x00007FF6492FF000+77984]
	(No symbol) [0x00007FF6490C91BA]
	(No symbol) [0x00007FF6490D0AEC]
	(No symbol) [0x00007FF6490D3B5C]
	(No symbol) [0x00007FF6490D3C2F]
	(No symbol) [0x00007FF64911EA17]
	(No symbol) [0x00007FF64911F41C]
	(No symbol) [0x00007FF649111B1C]
	(No symbol) [0x00007FF64914716F]
	(No symbol) [0x00007FF6491119E6]
	(No symbol) [0x00007FF649147340]
	(No symbol) [0x00007FF64916F07F]
	(No symbol) [0x00007FF649146F03]
	(No symbol) [0x00007FF649110328]
	(No symbol) [0x00007FF649111093]
	GetHandleVerifier [0x00007FF6495B7B6D+2931725]
	GetHandleVerifier [0x00007FF6495B2132+2908626]
	GetHandleVerifier [0x00007FF6495D00F3+3031443]
	GetHandleVerifier [0x00007FF6493191EA+184970]
	GetHandleVerifier [0x00007FF64932086F+215311]
	GetHandleVerifier [0x00007FF649306EC4+110436]
	GetHandleVerifier [0x00007FF649307072+110866]
	GetHandleVerifier [0x00007FF6492ED479+5401]
	BaseThreadInitThunk [0x00007FFCAAD3E8D7+23]
	RtlUserThreadStart [0x00007FFCAC3F14FC+44]

[2025-04-24 21:09:54] Message: stale element reference: stale element not found in the current frame
  (Session info: chrome=135.0.7049.115); For documentation on this error, please visit: https://www.selenium.dev/documentation/webdriver/troubleshooting/errors#stale-element-reference-exception
Stacktrace:
	GetHandleVerifier [0x00007FF6492FEFA5+77893]
	GetHandleVerifier [0x00007FF6492FF000+77984]
	(No symbol) [0x00007FF6490C91BA]
	(No symbol) [0x00007FF6490D0AEC]
	(No symbol) [0x00007FF6490D3B5C]
	(No symbol) [0x00007FF6490D3C2F]
	(No symbol) [0x00007FF64911EA17]
	(No symbol) [0x00007FF64911F41C]
	(No symbol) [0x00007FF649111B1C]
	(No symbol) [0x00007FF64914716F]
	(No symbol) [0x00007FF6491119E6]
	(No symbol) [0x00007FF649147340]
	(No symbol) [0x00007FF64916F07F]
	(No symbol) [0x00007FF649146F03]
	(No symbol) [0x00007FF649110328]
	(No symbol) [0x00007FF649111093]
	GetHandleVerifier [0x00007FF6495B7B6D+2931725]
	GetHandleVerifier [0x00007FF6495B2132+2908626]
	GetHandleVerifier [0x00007FF6495D00F3+3031443]
	GetHandleVerifier [0x00007FF6493191EA+184970]
	GetHandleVerifier [0x00007FF64932086F+215311]
	GetHandleVerifier [0x00007FF649306EC4+110436]
	GetHandleVerifier [0x00007FF649307072+110866]
	GetHandleVerifier [0x00007FF6492ED479+5401]
	BaseThreadInitThunk [0x00007FFCAAD3E8D7+23]
	RtlUserThreadStart [0x00007FFCAC3F14FC+44]

[2025-04-24 21:09:54] Message: stale element reference: stale element not found in the current frame
  (Session info: chrome=135.0.7049.115); For documentation on this error, please visit: https://www.selenium.dev/documentation/webdriver/troubleshooting/errors#stale-element-reference-exception
Stacktrace:
	GetHandleVerifier [0x00007FF6492FEFA5+77893]
	GetHandleVerifier [0x00007FF6492FF000+77984]
	(No symbol) [0x00007FF6490C91BA]
	(No symbol) [0x00007FF6490D0AEC]
	(No symbol) [0x00007FF6490D3B5C]
	(No symbol) [0x00007FF6490D3C2F]
	(No symbol) [0x00007FF64911EA17]
	(No symbol) [0x00007FF64911F41C]
	(No symbol) [0x00007FF649111B1C]
	(No symbol) [0x00007FF64914716F]
	(No symbol) [0x00007FF6491119E6]
	(No symbol) [0x00007FF649147340]
	(No symbol) [0x00007FF64916F07F]
	(No symbol) [0x00007FF649146F03]
	(No symbol) [0x00007FF649110328]
	(No symbol) [0x00007FF649111093]
	GetHandleVerifier [0x00007FF6495B7B6D+2931725]
	GetHandleVerifier [0x00007FF6495B2132+2908626]
	GetHandleVerifier [0x00007FF6495D00F3+3031443]
	GetHandleVerifier [0x00007FF6493191EA+184970]
	GetHandleVerifier [0x00007FF64932086F+215311]
	GetHandleVerifier [0x00007FF649306EC4+110436]
	GetHandleVerifier [0x00007FF649307072+110866]
	GetHandleVerifier [0x00007FF6492ED479+5401]
	BaseThreadInitThunk [0x00007FFCAAD3E8D7+23]
	RtlUserThreadStart [0x00007FFCAC3F14FC+44]

[2025-04-24 21:09:54] Message: stale element reference: stale element not found in the current frame
  (Session info: chrome=135.0.7049.115); For documentation on this error, please visit: https://www.selenium.dev/documentation/webdriver/troubleshooting/errors#stale-element-reference-exception
Stacktrace:
	GetHandleVerifier [0x00007FF6492FEFA5+77893]
	GetHandleVerifier [0x00007FF6492FF000+77984]
	(No symbol) [0x00007FF6490C91BA]
	(No symbol) [0x00007FF6490D0AEC]
	(No symbol) [0x00007FF6490D3B5C]
	(No symbol) [0x00007FF6490D3C2F]
	(No symbol) [0x00007FF64911EA17]
	(No symbol) [0x00007FF64911F41C]
	(No symbol) [0x00007FF649111B1C]
	(No symbol) [0x00007FF64914716F]
	(No symbol) [0x00007FF6491119E6]
	(No symbol) [0x00007FF649147340]
	(No symbol) [0x00007FF64916F07F]
	(No symbol) [0x00007FF649146F03]
	(No symbol) [0x00007FF649110328]
	(No symbol) [0x00007FF649111093]
	GetHandleVerifier [0x00007FF6495B7B6D+2931725]
	GetHandleVerifier [0x00007FF6495B2132+2908626]
	GetHandleVerifier [0x00007FF6495D00F3+3031443]
	GetHandleVerifier [0x00007FF6493191EA+184970]
	GetHandleVerifier [0x00007FF64932086F+215311]
	GetHandleVerifier [0x00007FF649306EC4+110436]
	GetHandleVerifier [0x00007FF649307072+110866]
	GetHandleVerifier [0x00007FF6492ED479+5401]
	BaseThreadInitThunk [0x00007FFCAAD3E8D7+23]
	RtlUserThreadStart [0x00007FFCAC3F14FC+44]

[2025-04-24 21:09:54] Message: stale element reference: stale element not found in the current frame
  (Session info: chrome=135.0.7049.115); For documentation on this error, please visit: https://www.selenium.dev/documentation/webdriver/troubleshooting/errors#stale-element-reference-exception
Stacktrace:
	GetHandleVerifier [0x00007FF6492FEFA5+77893]
	GetHandleVerifier [0x00007FF6492FF000+77984]
	(No symbol) [0x00007FF6490C91BA]
	(No symbol) [0x00007FF6490D0AEC]
	(No symbol) [0x00007FF6490D3B5C]
	(No symbol) [0x00007FF6490D3C2F]
	(No symbol) [0x00007FF64911EA17]
	(No symbol) [0x00007FF64911F41C]
	(No symbol) [0x00007FF649111B1C]
	(No symbol) [0x00007FF64914716F]
	(No symbol) [0x00007FF6491119E6]
	(No symbol) [0x00007FF649147340]
	(No symbol) [0x00007FF64916F07F]
	(No symbol) [0x00007FF649146F03]
	(No symbol) [0x00007FF649110328]
	(No symbol) [0x00007FF649111093]
	GetHandleVerifier [0x00007FF6495B7B6D+2931725]
	GetHandleVerifier [0x00007FF6495B2132+2908626]
	GetHandleVerifier [0x00007FF6495D00F3+3031443]
	GetHandleVerifier [0x00007FF6493191EA+184970]
	GetHandleVerifier [0x00007FF64932086F+215311]
	GetHandleVerifier [0x00007FF649306EC4+110436]
	GetHandleVerifier [0x00007FF649307072+110866]
	GetHandleVerifier [0x00007FF6492ED479+5401]
	BaseThreadInitThunk [0x00007FFCAAD3E8D7+23]
	RtlUserThreadStart [0x00007FFCAC3F14FC+44]

[2025-04-24 21:09:54] Message: stale element reference: stale element not found in the current frame
  (Session info: chrome=135.0.7049.115); For documentation on this error, please visit: https://www.selenium.dev/documentation/webdriver/troubleshooting/errors#stale-element-reference-exception
Stacktrace:
	GetHandleVerifier [0x00007FF6492FEFA5+77893]
	GetHandleVerifier [0x00007FF6492FF000+77984]
	(No symbol) [0x00007FF6490C91BA]
	(No symbol) [0x00007FF6490D0AEC]
	(No symbol) [0x00007FF6490D3B5C]
	(No symbol) [0x00007FF6490D3C2F]
	(No symbol) [0x00007FF64911EA17]
	(No symbol) [0x00007FF64911F41C]
	(No symbol) [0x00007FF649111B1C]
	(No symbol) [0x00007FF64914716F]
	(No symbol) [0x00007FF6491119E6]
	(No symbol) [0x00007FF649147340]
	(No symbol) [0x00007FF64916F07F]
	(No symbol) [0x00007FF649146F03]
	(No symbol) [0x00007FF649110328]
	(No symbol) [0x00007FF649111093]
	GetHandleVerifier [0x00007FF6495B7B6D+2931725]
	GetHandleVerifier [0x00007FF6495B2132+2908626]
	GetHandleVerifier [0x00007FF6495D00F3+3031443]
	GetHandleVerifier [0x00007FF6493191EA+184970]
	GetHandleVerifier [0x00007FF64932086F+215311]
	GetHandleVerifier [0x00007FF649306EC4+110436]
	GetHandleVerifier [0x00007FF649307072+110866]
	GetHandleVerifier [0x00007FF6492ED479+5401]
	BaseThreadInitThunk [0x00007FFCAAD3E8D7+23]
	RtlUserThreadStart [0x00007FFCAC3F14FC+44]

[2025-04-24 21:09:54] Message: stale element reference: stale element not found in the current frame
  (Session info: chrome=135.0.7049.115); For documentation on this error, please visit: https://www.selenium.dev/documentation/webdriver/troubleshooting/errors#stale-element-reference-exception
Stacktrace:
	GetHandleVerifier [0x00007FF6492FEFA5+77893]
	GetHandleVerifier [0x00007FF6492FF000+77984]
	(No symbol) [0x00007FF6490C91BA]
	(No symbol) [0x00007FF6490D0AEC]
	(No symbol) [0x00007FF6490D3B5C]
	(No symbol) [0x00007FF6490D3C2F]
	(No symbol) [0x00007FF64911EA17]
	(No symbol) [0x00007FF64911F41C]
	(No symbol) [0x00007FF649111B1C]
	(No symbol) [0x00007FF64914716F]
	(No symbol) [0x00007FF6491119E6]
	(No symbol) [0x00007FF649147340]
	(No symbol) [0x00007FF64916F07F]
	(No symbol) [0x00007FF649146F03]
	(No symbol) [0x00007FF649110328]
	(No symbol) [0x00007FF649111093]
	GetHandleVerifier [0x00007FF6495B7B6D+2931725]
	GetHandleVerifier [0x00007FF6495B2132+2908626]
	GetHandleVerifier [0x00007FF6495D00F3+3031443]
	GetHandleVerifier [0x00007FF6493191EA+184970]
	GetHandleVerifier [0x00007FF64932086F+215311]
	GetHandleVerifier [0x00007FF649306EC4+110436]
	GetHandleVerifier [0x00007FF649307072+110866]
	GetHandleVerifier [0x00007FF6492ED479+5401]
	BaseThreadInitThunk [0x00007FFCAAD3E8D7+23]
	RtlUserThreadStart [0x00007FFCAC3F14FC+44]

[2025-04-24 21:09:54] Message: stale element reference: stale element not found in the current frame
  (Session info: chrome=135.0.7049.115); For documentation on this error, please visit: https://www.selenium.dev/documentation/webdriver/troubleshooting/errors#stale-element-reference-exception
Stacktrace:
	GetHandleVerifier [0x00007FF6492FEFA5+77893]
	GetHandleVerifier [0x00007FF6492FF000+77984]
	(No symbol) [0x00007FF6490C91BA]
	(No symbol) [0x00007FF6490D0AEC]
	(No symbol) [0x00007FF6490D3B5C]
	(No symbol) [0x00007FF6490D3C2F]
	(No symbol) [0x00007FF64911EA17]
	(No symbol) [0x00007FF64911F41C]
	(No symbol) [0x00007FF649111B1C]
	(No symbol) [0x00007FF64914716F]
	(No symbol) [0x00007FF6491119E6]
	(No symbol) [0x00007FF649147340]
	(No symbol) [0x00007FF64916F07F]
	(No symbol) [0x00007FF649146F03]
	(No symbol) [0x00007FF649110328]
	(No symbol) [0x00007FF649111093]
	GetHandleVerifier [0x00007FF6495B7B6D+2931725]
	GetHandleVerifier [0x00007FF6495B2132+2908626]
	GetHandleVerifier [0x00007FF6495D00F3+3031443]
	GetHandleVerifier [0x00007FF6493191EA+184970]
	GetHandleVerifier [0x00007FF64932086F+215311]
	GetHandleVerifier [0x00007FF649306EC4+110436]
	GetHandleVerifier [0x00007FF649307072+110866]
	GetHandleVerifier [0x00007FF6492ED479+5401]
	BaseThreadInitThunk [0x00007FFCAAD3E8D7+23]
	RtlUserThreadStart [0x00007FFCAC3F14FC+44]

[2025-04-24 21:09:54] Message: stale element reference: stale element not found in the current frame
  (Session info: chrome=135.0.7049.115); For documentation on this error, please visit: https://www.selenium.dev/documentation/webdriver/troubleshooting/errors#stale-element-reference-exception
Stacktrace:
	GetHandleVerifier [0x00007FF6492FEFA5+77893]
	GetHandleVerifier [0x00007FF6492FF000+77984]
	(No symbol) [0x00007FF6490C91BA]
	(No symbol) [0x00007FF6490D0AEC]
	(No symbol) [0x00007FF6490D3B5C]
	(No symbol) [0x00007FF6490D3C2F]
	(No symbol) [0x00007FF64911EA17]
	(No symbol) [0x00007FF64911F41C]
	(No symbol) [0x00007FF649111B1C]
	(No symbol) [0x00007FF64914716F]
	(No symbol) [0x00007FF6491119E6]
	(No symbol) [0x00007FF649147340]
	(No symbol) [0x00007FF64916F07F]
	(No symbol) [0x00007FF649146F03]
	(No symbol) [0x00007FF649110328]
	(No symbol) [0x00007FF649111093]
	GetHandleVerifier [0x00007FF6495B7B6D+2931725]
	GetHandleVerifier [0x00007FF6495B2132+2908626]
	GetHandleVerifier [0x00007FF6495D00F3+3031443]
	GetHandleVerifier [0x00007FF6493191EA+184970]
	GetHandleVerifier [0x00007FF64932086F+215311]
	GetHandleVerifier [0x00007FF649306EC4+110436]
	GetHandleVerifier [0x00007FF649307072+110866]
	GetHandleVerifier [0x00007FF6492ED479+5401]
	BaseThreadInitThunk [0x00007FFCAAD3E8D7+23]
	RtlUserThreadStart [0x00007FFCAC3F14FC+44]

[2025-04-24 21:09:54] Message: stale element reference: stale element not found in the current frame
  (Session info: chrome=135.0.7049.115); For documentation on this error, please visit: https://www.selenium.dev/documentation/webdriver/troubleshooting/errors#stale-element-reference-exception
Stacktrace:
	GetHandleVerifier [0x00007FF6492FEFA5+77893]
	GetHandleVerifier [0x00007FF6492FF000+77984]
	(No symbol) [0x00007FF6490C91BA]
	(No symbol) [0x00007FF6490D0AEC]
	(No symbol) [0x00007FF6490D3B5C]
	(No symbol) [0x00007FF6490D3C2F]
	(No symbol) [0x00007FF64911EA17]
	(No symbol) [0x00007FF64911F41C]
	(No symbol) [0x00007FF649111B1C]
	(No symbol) [0x00007FF64914716F]
	(No symbol) [0x00007FF6491119E6]
	(No symbol) [0x00007FF649147340]
	(No symbol) [0x00007FF64916F07F]
	(No symbol) [0x00007FF649146F03]
	(No symbol) [0x00007FF649110328]
	(No symbol) [0x00007FF649111093]
	GetHandleVerifier [0x00007FF6495B7B6D+2931725]
	GetHandleVerifier [0x00007FF6495B2132+2908626]
	GetHandleVerifier [0x00007FF6495D00F3+3031443]
	GetHandleVerifier [0x00007FF6493191EA+184970]
	GetHandleVerifier [0x00007FF64932086F+215311]
	GetHandleVerifier [0x00007FF649306EC4+110436]
	GetHandleVerifier [0x00007FF649307072+110866]
	GetHandleVerifier [0x00007FF6492ED479+5401]
	BaseThreadInitThunk [0x00007FFCAAD3E8D7+23]
	RtlUserThreadStart [0x00007FFCAC3F14FC+44]

[2025-04-24 21:09:54] Message: stale element reference: stale element not found in the current frame
  (Session info: chrome=135.0.7049.115); For documentation on this error, please visit: https://www.selenium.dev/documentation/webdriver/troubleshooting/errors#stale-element-reference-exception
Stacktrace:
	GetHandleVerifier [0x00007FF6492FEFA5+77893]
	GetHandleVerifier [0x00007FF6492FF000+77984]
	(No symbol) [0x00007FF6490C91BA]
	(No symbol) [0x00007FF6490D0AEC]
	(No symbol) [0x00007FF6490D3B5C]
	(No symbol) [0x00007FF6490D3C2F]
	(No symbol) [0x00007FF64911EA17]
	(No symbol) [0x00007FF64911F41C]
	(No symbol) [0x00007FF649111B1C]
	(No symbol) [0x00007FF64914716F]
	(No symbol) [0x00007FF6491119E6]
	(No symbol) [0x00007FF649147340]
	(No symbol) [0x00007FF64916F07F]
	(No symbol) [0x00007FF649146F03]
	(No symbol) [0x00007FF649110328]
	(No symbol) [0x00007FF649111093]
	GetHandleVerifier [0x00007FF6495B7B6D+2931725]
	GetHandleVerifier [0x00007FF6495B2132+2908626]
	GetHandleVerifier [0x00007FF6495D00F3+3031443]
	GetHandleVerifier [0x00007FF6493191EA+184970]
	GetHandleVerifier [0x00007FF64932086F+215311]
	GetHandleVerifier [0x00007FF649306EC4+110436]
	GetHandleVerifier [0x00007FF649307072+110866]
	GetHandleVerifier [0x00007FF6492ED479+5401]
	BaseThreadInitThunk [0x00007FFCAAD3E8D7+23]
	RtlUserThreadStart [0x00007FFCAC3F14FC+44]

[2025-04-24 21:09:54] Message: stale element reference: stale element not found in the current frame
  (Session info: chrome=135.0.7049.115); For documentation on this error, please visit: https://www.selenium.dev/documentation/webdriver/troubleshooting/errors#stale-element-reference-exception
Stacktrace:
	GetHandleVerifier [0x00007FF6492FEFA5+77893]
	GetHandleVerifier [0x00007FF6492FF000+77984]
	(No symbol) [0x00007FF6490C91BA]
	(No symbol) [0x00007FF6490D0AEC]
	(No symbol) [0x00007FF6490D3B5C]
	(No symbol) [0x00007FF6490D3C2F]
	(No symbol) [0x00007FF64911EA17]
	(No symbol) [0x00007FF64911F41C]
	(No symbol) [0x00007FF649111B1C]
	(No symbol) [0x00007FF64914716F]
	(No symbol) [0x00007FF6491119E6]
	(No symbol) [0x00007FF649147340]
	(No symbol) [0x00007FF64916F07F]
	(No symbol) [0x00007FF649146F03]
	(No symbol) [0x00007FF649110328]
	(No symbol) [0x00007FF649111093]
	GetHandleVerifier [0x00007FF6495B7B6D+2931725]
	GetHandleVerifier [0x00007FF6495B2132+2908626]
	GetHandleVerifier [0x00007FF6495D00F3+3031443]
	GetHandleVerifier [0x00007FF6493191EA+184970]
	GetHandleVerifier [0x00007FF64932086F+215311]
	GetHandleVerifier [0x00007FF649306EC4+110436]
	GetHandleVerifier [0x00007FF649307072+110866]
	GetHandleVerifier [0x00007FF6492ED479+5401]
	BaseThreadInitThunk [0x00007FFCAAD3E8D7+23]
	RtlUserThreadStart [0x00007FFCAC3F14FC+44]

[2025-04-24 21:09:54] Message: stale element reference: stale element not found in the current frame
  (Session info: chrome=135.0.7049.115); For documentation on this error, please visit: https://www.selenium.dev/documentation/webdriver/troubleshooting/errors#stale-element-reference-exception
Stacktrace:
	GetHandleVerifier [0x00007FF6492FEFA5+77893]
	GetHandleVerifier [0x00007FF6492FF000+77984]
	(No symbol) [0x00007FF6490C91BA]
	(No symbol) [0x00007FF6490D0AEC]
	(No symbol) [0x00007FF6490D3B5C]
	(No symbol) [0x00007FF6490D3C2F]
	(No symbol) [0x00007FF64911EA17]
	(No symbol) [0x00007FF64911F41C]
	(No symbol) [0x00007FF649111B1C]
	(No symbol) [0x00007FF64914716F]
	(No symbol) [0x00007FF6491119E6]
	(No symbol) [0x00007FF649147340]
	(No symbol) [0x00007FF64916F07F]
	(No symbol) [0x00007FF649146F03]
	(No symbol) [0x00007FF649110328]
	(No symbol) [0x00007FF649111093]
	GetHandleVerifier [0x00007FF6495B7B6D+2931725]
	GetHandleVerifier [0x00007FF6495B2132+2908626]
	GetHandleVerifier [0x00007FF6495D00F3+3031443]
	GetHandleVerifier [0x00007FF6493191EA+184970]
	GetHandleVerifier [0x00007FF64932086F+215311]
	GetHandleVerifier [0x00007FF649306EC4+110436]
	GetHandleVerifier [0x00007FF649307072+110866]
	GetHandleVerifier [0x00007FF6492ED479+5401]
	BaseThreadInitThunk [0x00007FFCAAD3E8D7+23]
	RtlUserThreadStart [0x00007FFCAC3F14FC+44]

[2025-04-24 21:09:54] Message: stale element reference: stale element not found in the current frame
  (Session info: chrome=135.0.7049.115); For documentation on this error, please visit: https://www.selenium.dev/documentation/webdriver/troubleshooting/errors#stale-element-reference-exception
Stacktrace:
	GetHandleVerifier [0x00007FF6492FEFA5+77893]
	GetHandleVerifier [0x00007FF6492FF000+77984]
	(No symbol) [0x00007FF6490C91BA]
	(No symbol) [0x00007FF6490D0AEC]
	(No symbol) [0x00007FF6490D3B5C]
	(No symbol) [0x00007FF6490D3C2F]
	(No symbol) [0x00007FF64911EA17]
	(No symbol) [0x00007FF64911F41C]
	(No symbol) [0x00007FF649111B1C]
	(No symbol) [0x00007FF64914716F]
	(No symbol) [0x00007FF6491119E6]
	(No symbol) [0x00007FF649147340]
	(No symbol) [0x00007FF64916F07F]
	(No symbol) [0x00007FF649146F03]
	(No symbol) [0x00007FF649110328]
	(No symbol) [0x00007FF649111093]
	GetHandleVerifier [0x00007FF6495B7B6D+2931725]
	GetHandleVerifier [0x00007FF6495B2132+2908626]
	GetHandleVerifier [0x00007FF6495D00F3+3031443]
	GetHandleVerifier [0x00007FF6493191EA+184970]
	GetHandleVerifier [0x00007FF64932086F+215311]
	GetHandleVerifier [0x00007FF649306EC4+110436]
	GetHandleVerifier [0x00007FF649307072+110866]
	GetHandleVerifier [0x00007FF6492ED479+5401]
	BaseThreadInitThunk [0x00007FFCAAD3E8D7+23]
	RtlUserThreadStart [0x00007FFCAC3F14FC+44]

[2025-04-24 21:09:54] Message: stale element reference: stale element not found in the current frame
  (Session info: chrome=135.0.7049.115); For documentation on this error, please visit: https://www.selenium.dev/documentation/webdriver/troubleshooting/errors#stale-element-reference-exception
Stacktrace:
	GetHandleVerifier [0x00007FF6492FEFA5+77893]
	GetHandleVerifier [0x00007FF6492FF000+77984]
	(No symbol) [0x00007FF6490C91BA]
	(No symbol) [0x00007FF6490D0AEC]
	(No symbol) [0x00007FF6490D3B5C]
	(No symbol) [0x00007FF6490D3C2F]
	(No symbol) [0x00007FF64911EA17]
	(No symbol) [0x00007FF64911F41C]
	(No symbol) [0x00007FF649111B1C]
	(No symbol) [0x00007FF64914716F]
	(No symbol) [0x00007FF6491119E6]
	(No symbol) [0x00007FF649147340]
	(No symbol) [0x00007FF64916F07F]
	(No symbol) [0x00007FF649146F03]
	(No symbol) [0x00007FF649110328]
	(No symbol) [0x00007FF649111093]
	GetHandleVerifier [0x00007FF6495B7B6D+2931725]
	GetHandleVerifier [0x00007FF6495B2132+2908626]
	GetHandleVerifier [0x00007FF6495D00F3+3031443]
	GetHandleVerifier [0x00007FF6493191EA+184970]
	GetHandleVerifier [0x00007FF64932086F+215311]
	GetHandleVerifier [0x00007FF649306EC4+110436]
	GetHandleVerifier [0x00007FF649307072+110866]
	GetHandleVerifier [0x00007FF6492ED479+5401]
	BaseThreadInitThunk [0x00007FFCAAD3E8D7+23]
	RtlUserThreadStart [0x00007FFCAC3F14FC+44]

[2025-04-24 21:09:54] Message: stale element reference: stale element not found in the current frame
  (Session info: chrome=135.0.7049.115); For documentation on this error, please visit: https://www.selenium.dev/documentation/webdriver/troubleshooting/errors#stale-element-reference-exception
Stacktrace:
	GetHandleVerifier [0x00007FF6492FEFA5+77893]
	GetHandleVerifier [0x00007FF6492FF000+77984]
	(No symbol) [0x00007FF6490C91BA]
	(No symbol) [0x00007FF6490D0AEC]
	(No symbol) [0x00007FF6490D3B5C]
	(No symbol) [0x00007FF6490D3C2F]
	(No symbol) [0x00007FF64911EA17]
	(No symbol) [0x00007FF64911F41C]
	(No symbol) [0x00007FF649111B1C]
	(No symbol) [0x00007FF64914716F]
	(No symbol) [0x00007FF6491119E6]
	(No symbol) [0x00007FF649147340]
	(No symbol) [0x00007FF64916F07F]
	(No symbol) [0x00007FF649146F03]
	(No symbol) [0x00007FF649110328]
	(No symbol) [0x00007FF649111093]
	GetHandleVerifier [0x00007FF6495B7B6D+2931725]
	GetHandleVerifier [0x00007FF6495B2132+2908626]
	GetHandleVerifier [0x00007FF6495D00F3+3031443]
	GetHandleVerifier [0x00007FF6493191EA+184970]
	GetHandleVerifier [0x00007FF64932086F+215311]
	GetHandleVerifier [0x00007FF649306EC4+110436]
	GetHandleVerifier [0x00007FF649307072+110866]
	GetHandleVerifier [0x00007FF6492ED479+5401]
	BaseThreadInitThunk [0x00007FFCAAD3E8D7+23]
	RtlUserThreadStart [0x00007FFCAC3F14FC+44]

[2025-04-24 21:09:54] Message: stale element reference: stale element not found in the current frame
  (Session info: chrome=135.0.7049.115); For documentation on this error, please visit: https://www.selenium.dev/documentation/webdriver/troubleshooting/errors#stale-element-reference-exception
Stacktrace:
	GetHandleVerifier [0x00007FF6492FEFA5+77893]
	GetHandleVerifier [0x00007FF6492FF000+77984]
	(No symbol) [0x00007FF6490C91BA]
	(No symbol) [0x00007FF6490D0AEC]
	(No symbol) [0x00007FF6490D3B5C]
	(No symbol) [0x00007FF6490D3C2F]
	(No symbol) [0x00007FF64911EA17]
	(No symbol) [0x00007FF64911F41C]
	(No symbol) [0x00007FF649111B1C]
	(No symbol) [0x00007FF64914716F]
	(No symbol) [0x00007FF6491119E6]
	(No symbol) [0x00007FF649147340]
	(No symbol) [0x00007FF64916F07F]
	(No symbol) [0x00007FF649146F03]
	(No symbol) [0x00007FF649110328]
	(No symbol) [0x00007FF649111093]
	GetHandleVerifier [0x00007FF6495B7B6D+2931725]
	GetHandleVerifier [0x00007FF6495B2132+2908626]
	GetHandleVerifier [0x00007FF6495D00F3+3031443]
	GetHandleVerifier [0x00007FF6493191EA+184970]
	GetHandleVerifier [0x00007FF64932086F+215311]
	GetHandleVerifier [0x00007FF649306EC4+110436]
	GetHandleVerifier [0x00007FF649307072+110866]
	GetHandleVerifier [0x00007FF6492ED479+5401]
	BaseThreadInitThunk [0x00007FFCAAD3E8D7+23]
	RtlUserThreadStart [0x00007FFCAC3F14FC+44]

[2025-04-24 21:09:54] Message: stale element reference: stale element not found in the current frame
  (Session info: chrome=135.0.7049.115); For documentation on this error, please visit: https://www.selenium.dev/documentation/webdriver/troubleshooting/errors#stale-element-reference-exception
Stacktrace:
	GetHandleVerifier [0x00007FF6492FEFA5+77893]
	GetHandleVerifier [0x00007FF6492FF000+77984]
	(No symbol) [0x00007FF6490C91BA]
	(No symbol) [0x00007FF6490D0AEC]
	(No symbol) [0x00007FF6490D3B5C]
	(No symbol) [0x00007FF6490D3C2F]
	(No symbol) [0x00007FF64911EA17]
	(No symbol) [0x00007FF64911F41C]
	(No symbol) [0x00007FF649111B1C]
	(No symbol) [0x00007FF64914716F]
	(No symbol) [0x00007FF6491119E6]
	(No symbol) [0x00007FF649147340]
	(No symbol) [0x00007FF64916F07F]
	(No symbol) [0x00007FF649146F03]
	(No symbol) [0x00007FF649110328]
	(No symbol) [0x00007FF649111093]
	GetHandleVerifier [0x00007FF6495B7B6D+2931725]
	GetHandleVerifier [0x00007FF6495B2132+2908626]
	GetHandleVerifier [0x00007FF6495D00F3+3031443]
	GetHandleVerifier [0x00007FF6493191EA+184970]
	GetHandleVerifier [0x00007FF64932086F+215311]
	GetHandleVerifier [0x00007FF649306EC4+110436]
	GetHandleVerifier [0x00007FF649307072+110866]
	GetHandleVerifier [0x00007FF6492ED479+5401]
	BaseThreadInitThunk [0x00007FFCAAD3E8D7+23]
	RtlUserThreadStart [0x00007FFCAC3F14FC+44]

[2025-04-24 21:09:54] Message: stale element reference: stale element not found in the current frame
  (Session info: chrome=135.0.7049.115); For documentation on this error, please visit: https://www.selenium.dev/documentation/webdriver/troubleshooting/errors#stale-element-reference-exception
Stacktrace:
	GetHandleVerifier [0x00007FF6492FEFA5+77893]
	GetHandleVerifier [0x00007FF6492FF000+77984]
	(No symbol) [0x00007FF6490C91BA]
	(No symbol) [0x00007FF6490D0AEC]
	(No symbol) [0x00007FF6490D3B5C]
	(No symbol) [0x00007FF6490D3C2F]
	(No symbol) [0x00007FF64911EA17]
	(No symbol) [0x00007FF64911F41C]
	(No symbol) [0x00007FF649111B1C]
	(No symbol) [0x00007FF64914716F]
	(No symbol) [0x00007FF6491119E6]
	(No symbol) [0x00007FF649147340]
	(No symbol) [0x00007FF64916F07F]
	(No symbol) [0x00007FF649146F03]
	(No symbol) [0x00007FF649110328]
	(No symbol) [0x00007FF649111093]
	GetHandleVerifier [0x00007FF6495B7B6D+2931725]
	GetHandleVerifier [0x00007FF6495B2132+2908626]
	GetHandleVerifier [0x00007FF6495D00F3+3031443]
	GetHandleVerifier [0x00007FF6493191EA+184970]
	GetHandleVerifier [0x00007FF64932086F+215311]
	GetHandleVerifier [0x00007FF649306EC4+110436]
	GetHandleVerifier [0x00007FF649307072+110866]
	GetHandleVerifier [0x00007FF6492ED479+5401]
	BaseThreadInitThunk [0x00007FFCAAD3E8D7+23]
	RtlUserThreadStart [0x00007FFCAC3F14FC+44]

[2025-04-24 21:09:54] Message: stale element reference: stale element not found in the current frame
  (Session info: chrome=135.0.7049.115); For documentation on this error, please visit: https://www.selenium.dev/documentation/webdriver/troubleshooting/errors#stale-element-reference-exception
Stacktrace:
	GetHandleVerifier [0x00007FF6492FEFA5+77893]
	GetHandleVerifier [0x00007FF6492FF000+77984]
	(No symbol) [0x00007FF6490C91BA]
	(No symbol) [0x00007FF6490D0AEC]
	(No symbol) [0x00007FF6490D3B5C]
	(No symbol) [0x00007FF6490D3C2F]
	(No symbol) [0x00007FF64911EA17]
	(No symbol) [0x00007FF64911F41C]
	(No symbol) [0x00007FF649111B1C]
	(No symbol) [0x00007FF64914716F]
	(No symbol) [0x00007FF6491119E6]
	(No symbol) [0x00007FF649147340]
	(No symbol) [0x00007FF64916F07F]
	(No symbol) [0x00007FF649146F03]
	(No symbol) [0x00007FF649110328]
	(No symbol) [0x00007FF649111093]
	GetHandleVerifier [0x00007FF6495B7B6D+2931725]
	GetHandleVerifier [0x00007FF6495B2132+2908626]
	GetHandleVerifier [0x00007FF6495D00F3+3031443]
	GetHandleVerifier [0x00007FF6493191EA+184970]
	GetHandleVerifier [0x00007FF64932086F+215311]
	GetHandleVerifier [0x00007FF649306EC4+110436]
	GetHandleVerifier [0x00007FF649307072+110866]
	GetHandleVerifier [0x00007FF6492ED479+5401]
	BaseThreadInitThunk [0x00007FFCAAD3E8D7+23]
	RtlUserThreadStart [0x00007FFCAC3F14FC+44]

[2025-04-24 21:09:54] Message: stale element reference: stale element not found in the current frame
  (Session info: chrome=135.0.7049.115); For documentation on this error, please visit: https://www.selenium.dev/documentation/webdriver/troubleshooting/errors#stale-element-reference-exception
Stacktrace:
	GetHandleVerifier [0x00007FF6492FEFA5+77893]
	GetHandleVerifier [0x00007FF6492FF000+77984]
	(No symbol) [0x00007FF6490C91BA]
	(No symbol) [0x00007FF6490D0AEC]
	(No symbol) [0x00007FF6490D3B5C]
	(No symbol) [0x00007FF6490D3C2F]
	(No symbol) [0x00007FF64911EA17]
	(No symbol) [0x00007FF64911F41C]
	(No symbol) [0x00007FF649111B1C]
	(No symbol) [0x00007FF64914716F]
	(No symbol) [0x00007FF6491119E6]
	(No symbol) [0x00007FF649147340]
	(No symbol) [0x00007FF64916F07F]
	(No symbol) [0x00007FF649146F03]
	(No symbol) [0x00007FF649110328]
	(No symbol) [0x00007FF649111093]
	GetHandleVerifier [0x00007FF6495B7B6D+2931725]
	GetHandleVerifier [0x00007FF6495B2132+2908626]
	GetHandleVerifier [0x00007FF6495D00F3+3031443]
	GetHandleVerifier [0x00007FF6493191EA+184970]
	GetHandleVerifier [0x00007FF64932086F+215311]
	GetHandleVerifier [0x00007FF649306EC4+110436]
	GetHandleVerifier [0x00007FF649307072+110866]
	GetHandleVerifier [0x00007FF6492ED479+5401]
	BaseThreadInitThunk [0x00007FFCAAD3E8D7+23]
	RtlUserThreadStart [0x00007FFCAC3F14FC+44]

[2025-04-24 21:09:54] Message: stale element reference: stale element not found in the current frame
  (Session info: chrome=135.0.7049.115); For documentation on this error, please visit: https://www.selenium.dev/documentation/webdriver/troubleshooting/errors#stale-element-reference-exception
Stacktrace:
	GetHandleVerifier [0x00007FF6492FEFA5+77893]
	GetHandleVerifier [0x00007FF6492FF000+77984]
	(No symbol) [0x00007FF6490C91BA]
	(No symbol) [0x00007FF6490D0AEC]
	(No symbol) [0x00007FF6490D3B5C]
	(No symbol) [0x00007FF6490D3C2F]
	(No symbol) [0x00007FF64911EA17]
	(No symbol) [0x00007FF64911F41C]
	(No symbol) [0x00007FF649111B1C]
	(No symbol) [0x00007FF64914716F]
	(No symbol) [0x00007FF6491119E6]
	(No symbol) [0x00007FF649147340]
	(No symbol) [0x00007FF64916F07F]
	(No symbol) [0x00007FF649146F03]
	(No symbol) [0x00007FF649110328]
	(No symbol) [0x00007FF649111093]
	GetHandleVerifier [0x00007FF6495B7B6D+2931725]
	GetHandleVerifier [0x00007FF6495B2132+2908626]
	GetHandleVerifier [0x00007FF6495D00F3+3031443]
	GetHandleVerifier [0x00007FF6493191EA+184970]
	GetHandleVerifier [0x00007FF64932086F+215311]
	GetHandleVerifier [0x00007FF649306EC4+110436]
	GetHandleVerifier [0x00007FF649307072+110866]
	GetHandleVerifier [0x00007FF6492ED479+5401]
	BaseThreadInitThunk [0x00007FFCAAD3E8D7+23]
	RtlUserThreadStart [0x00007FFCAC3F14FC+44]

[2025-04-24 21:09:54] Message: stale element reference: stale element not found in the current frame
  (Session info: chrome=135.0.7049.115); For documentation on this error, please visit: https://www.selenium.dev/documentation/webdriver/troubleshooting/errors#stale-element-reference-exception
Stacktrace:
	GetHandleVerifier [0x00007FF6492FEFA5+77893]
	GetHandleVerifier [0x00007FF6492FF000+77984]
	(No symbol) [0x00007FF6490C91BA]
	(No symbol) [0x00007FF6490D0AEC]
	(No symbol) [0x00007FF6490D3B5C]
	(No symbol) [0x00007FF6490D3C2F]
	(No symbol) [0x00007FF64911EA17]
	(No symbol) [0x00007FF64911F41C]
	(No symbol) [0x00007FF649111B1C]
	(No symbol) [0x00007FF64914716F]
	(No symbol) [0x00007FF6491119E6]
	(No symbol) [0x00007FF649147340]
	(No symbol) [0x00007FF64916F07F]
	(No symbol) [0x00007FF649146F03]
	(No symbol) [0x00007FF649110328]
	(No symbol) [0x00007FF649111093]
	GetHandleVerifier [0x00007FF6495B7B6D+2931725]
	GetHandleVerifier [0x00007FF6495B2132+2908626]
	GetHandleVerifier [0x00007FF6495D00F3+3031443]
	GetHandleVerifier [0x00007FF6493191EA+184970]
	GetHandleVerifier [0x00007FF64932086F+215311]
	GetHandleVerifier [0x00007FF649306EC4+110436]
	GetHandleVerifier [0x00007FF649307072+110866]
	GetHandleVerifier [0x00007FF6492ED479+5401]
	BaseThreadInitThunk [0x00007FFCAAD3E8D7+23]
	RtlUserThreadStart [0x00007FFCAC3F14FC+44]

[2025-04-24 21:09:54] Message: stale element reference: stale element not found in the current frame
  (Session info: chrome=135.0.7049.115); For documentation on this error, please visit: https://www.selenium.dev/documentation/webdriver/troubleshooting/errors#stale-element-reference-exception
Stacktrace:
	GetHandleVerifier [0x00007FF6492FEFA5+77893]
	GetHandleVerifier [0x00007FF6492FF000+77984]
	(No symbol) [0x00007FF6490C91BA]
	(No symbol) [0x00007FF6490D0AEC]
	(No symbol) [0x00007FF6490D3B5C]
	(No symbol) [0x00007FF6490D3C2F]
	(No symbol) [0x00007FF64911EA17]
	(No symbol) [0x00007FF64911F41C]
	(No symbol) [0x00007FF649111B1C]
	(No symbol) [0x00007FF64914716F]
	(No symbol) [0x00007FF6491119E6]
	(No symbol) [0x00007FF649147340]
	(No symbol) [0x00007FF64916F07F]
	(No symbol) [0x00007FF649146F03]
	(No symbol) [0x00007FF649110328]
	(No symbol) [0x00007FF649111093]
	GetHandleVerifier [0x00007FF6495B7B6D+2931725]
	GetHandleVerifier [0x00007FF6495B2132+2908626]
	GetHandleVerifier [0x00007FF6495D00F3+3031443]
	GetHandleVerifier [0x00007FF6493191EA+184970]
	GetHandleVerifier [0x00007FF64932086F+215311]
	GetHandleVerifier [0x00007FF649306EC4+110436]
	GetHandleVerifier [0x00007FF649307072+110866]
	GetHandleVerifier [0x00007FF6492ED479+5401]
	BaseThreadInitThunk [0x00007FFCAAD3E8D7+23]
	RtlUserThreadStart [0x00007FFCAC3F14FC+44]

[2025-04-24 21:09:54] Message: stale element reference: stale element not found in the current frame
  (Session info: chrome=135.0.7049.115); For documentation on this error, please visit: https://www.selenium.dev/documentation/webdriver/troubleshooting/errors#stale-element-reference-exception
Stacktrace:
	GetHandleVerifier [0x00007FF6492FEFA5+77893]
	GetHandleVerifier [0x00007FF6492FF000+77984]
	(No symbol) [0x00007FF6490C91BA]
	(No symbol) [0x00007FF6490D0AEC]
	(No symbol) [0x00007FF6490D3B5C]
	(No symbol) [0x00007FF6490D3C2F]
	(No symbol) [0x00007FF64911EA17]
	(No symbol) [0x00007FF64911F41C]
	(No symbol) [0x00007FF649111B1C]
	(No symbol) [0x00007FF64914716F]
	(No symbol) [0x00007FF6491119E6]
	(No symbol) [0x00007FF649147340]
	(No symbol) [0x00007FF64916F07F]
	(No symbol) [0x00007FF649146F03]
	(No symbol) [0x00007FF649110328]
	(No symbol) [0x00007FF649111093]
	GetHandleVerifier [0x00007FF6495B7B6D+2931725]
	GetHandleVerifier [0x00007FF6495B2132+2908626]
	GetHandleVerifier [0x00007FF6495D00F3+3031443]
	GetHandleVerifier [0x00007FF6493191EA+184970]
	GetHandleVerifier [0x00007FF64932086F+215311]
	GetHandleVerifier [0x00007FF649306EC4+110436]
	GetHandleVerifier [0x00007FF649307072+110866]
	GetHandleVerifier [0x00007FF6492ED479+5401]
	BaseThreadInitThunk [0x00007FFCAAD3E8D7+23]
	RtlUserThreadStart [0x00007FFCAC3F14FC+44]

[2025-04-24 21:09:54] Message: stale element reference: stale element not found in the current frame
  (Session info: chrome=135.0.7049.115); For documentation on this error, please visit: https://www.selenium.dev/documentation/webdriver/troubleshooting/errors#stale-element-reference-exception
Stacktrace:
	GetHandleVerifier [0x00007FF6492FEFA5+77893]
	GetHandleVerifier [0x00007FF6492FF000+77984]
	(No symbol) [0x00007FF6490C91BA]
	(No symbol) [0x00007FF6490D0AEC]
	(No symbol) [0x00007FF6490D3B5C]
	(No symbol) [0x00007FF6490D3C2F]
	(No symbol) [0x00007FF64911EA17]
	(No symbol) [0x00007FF64911F41C]
	(No symbol) [0x00007FF649111B1C]
	(No symbol) [0x00007FF64914716F]
	(No symbol) [0x00007FF6491119E6]
	(No symbol) [0x00007FF649147340]
	(No symbol) [0x00007FF64916F07F]
	(No symbol) [0x00007FF649146F03]
	(No symbol) [0x00007FF649110328]
	(No symbol) [0x00007FF649111093]
	GetHandleVerifier [0x00007FF6495B7B6D+2931725]
	GetHandleVerifier [0x00007FF6495B2132+2908626]
	GetHandleVerifier [0x00007FF6495D00F3+3031443]
	GetHandleVerifier [0x00007FF6493191EA+184970]
	GetHandleVerifier [0x00007FF64932086F+215311]
	GetHandleVerifier [0x00007FF649306EC4+110436]
	GetHandleVerifier [0x00007FF649307072+110866]
	GetHandleVerifier [0x00007FF6492ED479+5401]
	BaseThreadInitThunk [0x00007FFCAAD3E8D7+23]
	RtlUserThreadStart [0x00007FFCAC3F14FC+44]

[2025-04-24 21:09:54] Message: stale element reference: stale element not found in the current frame
  (Session info: chrome=135.0.7049.115); For documentation on this error, please visit: https://www.selenium.dev/documentation/webdriver/troubleshooting/errors#stale-element-reference-exception
Stacktrace:
	GetHandleVerifier [0x00007FF6492FEFA5+77893]
	GetHandleVerifier [0x00007FF6492FF000+77984]
	(No symbol) [0x00007FF6490C91BA]
	(No symbol) [0x00007FF6490D0AEC]
	(No symbol) [0x00007FF6490D3B5C]
	(No symbol) [0x00007FF6490D3C2F]
	(No symbol) [0x00007FF64911EA17]
	(No symbol) [0x00007FF64911F41C]
	(No symbol) [0x00007FF649111B1C]
	(No symbol) [0x00007FF64914716F]
	(No symbol) [0x00007FF6491119E6]
	(No symbol) [0x00007FF649147340]
	(No symbol) [0x00007FF64916F07F]
	(No symbol) [0x00007FF649146F03]
	(No symbol) [0x00007FF649110328]
	(No symbol) [0x00007FF649111093]
	GetHandleVerifier [0x00007FF6495B7B6D+2931725]
	GetHandleVerifier [0x00007FF6495B2132+2908626]
	GetHandleVerifier [0x00007FF6495D00F3+3031443]
	GetHandleVerifier [0x00007FF6493191EA+184970]
	GetHandleVerifier [0x00007FF64932086F+215311]
	GetHandleVerifier [0x00007FF649306EC4+110436]
	GetHandleVerifier [0x00007FF649307072+110866]
	GetHandleVerifier [0x00007FF6492ED479+5401]
	BaseThreadInitThunk [0x00007FFCAAD3E8D7+23]
	RtlUserThreadStart [0x00007FFCAC3F14FC+44]

[2025-04-24 21:09:54] Message: stale element reference: stale element not found in the current frame
  (Session info: chrome=135.0.7049.115); For documentation on this error, please visit: https://www.selenium.dev/documentation/webdriver/troubleshooting/errors#stale-element-reference-exception
Stacktrace:
	GetHandleVerifier [0x00007FF6492FEFA5+77893]
	GetHandleVerifier [0x00007FF6492FF000+77984]
	(No symbol) [0x00007FF6490C91BA]
	(No symbol) [0x00007FF6490D0AEC]
	(No symbol) [0x00007FF6490D3B5C]
	(No symbol) [0x00007FF6490D3C2F]
	(No symbol) [0x00007FF64911EA17]
	(No symbol) [0x00007FF64911F41C]
	(No symbol) [0x00007FF649111B1C]
	(No symbol) [0x00007FF64914716F]
	(No symbol) [0x00007FF6491119E6]
	(No symbol) [0x00007FF649147340]
	(No symbol) [0x00007FF64916F07F]
	(No symbol) [0x00007FF649146F03]
	(No symbol) [0x00007FF649110328]
	(No symbol) [0x00007FF649111093]
	GetHandleVerifier [0x00007FF6495B7B6D+2931725]
	GetHandleVerifier [0x00007FF6495B2132+2908626]
	GetHandleVerifier [0x00007FF6495D00F3+3031443]
	GetHandleVerifier [0x00007FF6493191EA+184970]
	GetHandleVerifier [0x00007FF64932086F+215311]
	GetHandleVerifier [0x00007FF649306EC4+110436]
	GetHandleVerifier [0x00007FF649307072+110866]
	GetHandleVerifier [0x00007FF6492ED479+5401]
	BaseThreadInitThunk [0x00007FFCAAD3E8D7+23]
	RtlUserThreadStart [0x00007FFCAC3F14FC+44]

[2025-04-24 21:09:54] Message: stale element reference: stale element not found in the current frame
  (Session info: chrome=135.0.7049.115); For documentation on this error, please visit: https://www.selenium.dev/documentation/webdriver/troubleshooting/errors#stale-element-reference-exception
Stacktrace:
	GetHandleVerifier [0x00007FF6492FEFA5+77893]
	GetHandleVerifier [0x00007FF6492FF000+77984]
	(No symbol) [0x00007FF6490C91BA]
	(No symbol) [0x00007FF6490D0AEC]
	(No symbol) [0x00007FF6490D3B5C]
	(No symbol) [0x00007FF6490D3C2F]
	(No symbol) [0x00007FF64911EA17]
	(No symbol) [0x00007FF64911F41C]
	(No symbol) [0x00007FF649111B1C]
	(No symbol) [0x00007FF64914716F]
	(No symbol) [0x00007FF6491119E6]
	(No symbol) [0x00007FF649147340]
	(No symbol) [0x00007FF64916F07F]
	(No symbol) [0x00007FF649146F03]
	(No symbol) [0x00007FF649110328]
	(No symbol) [0x00007FF649111093]
	GetHandleVerifier [0x00007FF6495B7B6D+2931725]
	GetHandleVerifier [0x00007FF6495B2132+2908626]
	GetHandleVerifier [0x00007FF6495D00F3+3031443]
	GetHandleVerifier [0x00007FF6493191EA+184970]
	GetHandleVerifier [0x00007FF64932086F+215311]
	GetHandleVerifier [0x00007FF649306EC4+110436]
	GetHandleVerifier [0x00007FF649307072+110866]
	GetHandleVerifier [0x00007FF6492ED479+5401]
	BaseThreadInitThunk [0x00007FFCAAD3E8D7+23]
	RtlUserThreadStart [0x00007FFCAC3F14FC+44]

[2025-04-24 21:11:17] Message: no such element: Unable to locate element: {"method":"css selector","selector":".ui-search-item__title"}
  (Session info: chrome=135.0.7049.115); For documentation on this error, please visit: https://www.selenium.dev/documentation/webdriver/troubleshooting/errors#no-such-element-exception
Stacktrace:
	GetHandleVerifier [0x00007FF6492FEFA5+77893]
	GetHandleVerifier [0x00007FF6492FF000+77984]
	(No symbol) [0x00007FF6490C91BA]
	(No symbol) [0x00007FF64911F16D]
	(No symbol) [0x00007FF64911F41C]
	(No symbol) [0x00007FF649111B1C]
	(No symbol) [0x00007FF64914716F]
	(No symbol) [0x00007FF6491119E6]
	(No symbol) [0x00007FF649147340]
	(No symbol) [0x00007FF64916F07F]
	(No symbol) [0x00007FF649146F03]
	(No symbol) [0x00007FF649110328]
	(No symbol) [0x00007FF649111093]
	GetHandleVerifier [0x00007FF6495B7B6D+2931725]
	GetHandleVerifier [0x00007FF6495B2132+2908626]
	GetHandleVerifier [0x00007FF6495D00F3+3031443]
	GetHandleVerifier [0x00007FF6493191EA+184970]
	GetHandleVerifier [0x00007FF64932086F+215311]
	GetHandleVerifier [0x00007FF649306EC4+110436]
	GetHandleVerifier [0x00007FF649307072+110866]
	GetHandleVerifier [0x00007FF6492ED479+5401]
	BaseThreadInitThunk [0x00007FFCAAD3E8D7+23]
	RtlUserThreadStart [0x00007FFCAC3F14FC+44]

[2025-04-24 21:11:17] Message: no such element: Unable to locate element: {"method":"css selector","selector":".ui-search-item__title"}
  (Session info: chrome=135.0.7049.115); For documentation on this error, please visit: https://www.selenium.dev/documentation/webdriver/troubleshooting/errors#no-such-element-exception
Stacktrace:
	GetHandleVerifier [0x00007FF6492FEFA5+77893]
	GetHandleVerifier [0x00007FF6492FF000+77984]
	(No symbol) [0x00007FF6490C91BA]
	(No symbol) [0x00007FF64911F16D]
	(No symbol) [0x00007FF64911F41C]
	(No symbol) [0x00007FF649111B1C]
	(No symbol) [0x00007FF64914716F]
	(No symbol) [0x00007FF6491119E6]
	(No symbol) [0x00007FF649147340]
	(No symbol) [0x00007FF64916F07F]
	(No symbol) [0x00007FF649146F03]
	(No symbol) [0x00007FF649110328]
	(No symbol) [0x00007FF649111093]
	GetHandleVerifier [0x00007FF6495B7B6D+2931725]
	GetHandleVerifier [0x00007FF6495B2132+2908626]
	GetHandleVerifier [0x00007FF6495D00F3+3031443]
	GetHandleVerifier [0x00007FF6493191EA+184970]
	GetHandleVerifier [0x00007FF64932086F+215311]
	GetHandleVerifier [0x00007FF649306EC4+110436]
	GetHandleVerifier [0x00007FF649307072+110866]
	GetHandleVerifier [0x00007FF6492ED479+5401]
	BaseThreadInitThunk [0x00007FFCAAD3E8D7+23]
	RtlUserThreadStart [0x00007FFCAC3F14FC+44]

[2025-04-24 21:11:17] Message: no such element: Unable to locate element: {"method":"css selector","selector":".ui-search-item__title"}
  (Session info: chrome=135.0.7049.115); For documentation on this error, please visit: https://www.selenium.dev/documentation/webdriver/troubleshooting/errors#no-such-element-exception
Stacktrace:
	GetHandleVerifier [0x00007FF6492FEFA5+77893]
	GetHandleVerifier [0x00007FF6492FF000+77984]
	(No symbol) [0x00007FF6490C91BA]
	(No symbol) [0x00007FF64911F16D]
	(No symbol) [0x00007FF64911F41C]
	(No symbol) [0x00007FF649111B1C]
	(No symbol) [0x00007FF64914716F]
	(No symbol) [0x00007FF6491119E6]
	(No symbol) [0x00007FF649147340]
	(No symbol) [0x00007FF64916F07F]
	(No symbol) [0x00007FF649146F03]
	(No symbol) [0x00007FF649110328]
	(No symbol) [0x00007FF649111093]
	GetHandleVerifier [0x00007FF6495B7B6D+2931725]
	GetHandleVerifier [0x00007FF6495B2132+2908626]
	GetHandleVerifier [0x00007FF6495D00F3+3031443]
	GetHandleVerifier [0x00007FF6493191EA+184970]
	GetHandleVerifier [0x00007FF64932086F+215311]
	GetHandleVerifier [0x00007FF649306EC4+110436]
	GetHandleVerifier [0x00007FF649307072+110866]
	GetHandleVerifier [0x00007FF6492ED479+5401]
	BaseThreadInitThunk [0x00007FFCAAD3E8D7+23]
	RtlUserThreadStart [0x00007FFCAC3F14FC+44]

[2025-04-24 21:11:17] Message: no such element: Unable to locate element: {"method":"css selector","selector":".ui-search-item__title"}
  (Session info: chrome=135.0.7049.115); For documentation on this error, please visit: https://www.selenium.dev/documentation/webdriver/troubleshooting/errors#no-such-element-exception
Stacktrace:
	GetHandleVerifier [0x00007FF6492FEFA5+77893]
	GetHandleVerifier [0x00007FF6492FF000+77984]
	(No symbol) [0x00007FF6490C91BA]
	(No symbol) [0x00007FF64911F16D]
	(No symbol) [0x00007FF64911F41C]
	(No symbol) [0x00007FF649111B1C]
	(No symbol) [0x00007FF64914716F]
	(No symbol) [0x00007FF6491119E6]
	(No symbol) [0x00007FF649147340]
	(No symbol) [0x00007FF64916F07F]
	(No symbol) [0x00007FF649146F03]
	(No symbol) [0x00007FF649110328]
	(No symbol) [0x00007FF649111093]
	GetHandleVerifier [0x00007FF6495B7B6D+2931725]
	GetHandleVerifier [0x00007FF6495B2132+2908626]
	GetHandleVerifier [0x00007FF6495D00F3+3031443]
	GetHandleVerifier [0x00007FF6493191EA+184970]
	GetHandleVerifier [0x00007FF64932086F+215311]
	GetHandleVerifier [0x00007FF649306EC4+110436]
	GetHandleVerifier [0x00007FF649307072+110866]
	GetHandleVerifier [0x00007FF6492ED479+5401]
	BaseThreadInitThunk [0x00007FFCAAD3E8D7+23]
	RtlUserThreadStart [0x00007FFCAC3F14FC+44]

[2025-04-24 21:11:17] Message: no such element: Unable to locate element: {"method":"css selector","selector":".ui-search-item__title"}
  (Session info: chrome=135.0.7049.115); For documentation on this error, please visit: https://www.selenium.dev/documentation/webdriver/troubleshooting/errors#no-such-element-exception
Stacktrace:
	GetHandleVerifier [0x00007FF6492FEFA5+77893]
	GetHandleVerifier [0x00007FF6492FF000+77984]
	(No symbol) [0x00007FF6490C91BA]
	(No symbol) [0x00007FF64911F16D]
	(No symbol) [0x00007FF64911F41C]
	(No symbol) [0x00007FF649111B1C]
	(No symbol) [0x00007FF64914716F]
	(No symbol) [0x00007FF6491119E6]
	(No symbol) [0x00007FF649147340]
	(No symbol) [0x00007FF64916F07F]
	(No symbol) [0x00007FF649146F03]
	(No symbol) [0x00007FF649110328]
	(No symbol) [0x00007FF649111093]
	GetHandleVerifier [0x00007FF6495B7B6D+2931725]
	GetHandleVerifier [0x00007FF6495B2132+2908626]
	GetHandleVerifier [0x00007FF6495D00F3+3031443]
	GetHandleVerifier [0x00007FF6493191EA+184970]
	GetHandleVerifier [0x00007FF64932086F+215311]
	GetHandleVerifier [0x00007FF649306EC4+110436]
	GetHandleVerifier [0x00007FF649307072+110866]
	GetHandleVerifier [0x00007FF6492ED479+5401]
	BaseThreadInitThunk [0x00007FFCAAD3E8D7+23]
	RtlUserThreadStart [0x00007FFCAC3F14FC+44]

[2025-04-24 21:11:17] Message: no such element: Unable to locate element: {"method":"css selector","selector":".ui-search-item__title"}
  (Session info: chrome=135.0.7049.115); For documentation on this error, please visit: https://www.selenium.dev/documentation/webdriver/troubleshooting/errors#no-such-element-exception
Stacktrace:
	GetHandleVerifier [0x00007FF6492FEFA5+77893]
	GetHandleVerifier [0x00007FF6492FF000+77984]
	(No symbol) [0x00007FF6490C91BA]
	(No symbol) [0x00007FF64911F16D]
	(No symbol) [0x00007FF64911F41C]
	(No symbol) [0x00007FF649111B1C]
	(No symbol) [0x00007FF64914716F]
	(No symbol) [0x00007FF6491119E6]
	(No symbol) [0x00007FF649147340]
	(No symbol) [0x00007FF64916F07F]
	(No symbol) [0x00007FF649146F03]
	(No symbol) [0x00007FF649110328]
	(No symbol) [0x00007FF649111093]
	GetHandleVerifier [0x00007FF6495B7B6D+2931725]
	GetHandleVerifier [0x00007FF6495B2132+2908626]
	GetHandleVerifier [0x00007FF6495D00F3+3031443]
	GetHandleVerifier [0x00007FF6493191EA+184970]
	GetHandleVerifier [0x00007FF64932086F+215311]
	GetHandleVerifier [0x00007FF649306EC4+110436]
	GetHandleVerifier [0x00007FF649307072+110866]
	GetHandleVerifier [0x00007FF6492ED479+5401]
	BaseThreadInitThunk [0x00007FFCAAD3E8D7+23]
	RtlUserThreadStart [0x00007FFCAC3F14FC+44]

[2025-04-24 21:11:17] Message: no such element: Unable to locate element: {"method":"css selector","selector":".ui-search-item__title"}
  (Session info: chrome=135.0.7049.115); For documentation on this error, please visit: https://www.selenium.dev/documentation/webdriver/troubleshooting/errors#no-such-element-exception
Stacktrace:
	GetHandleVerifier [0x00007FF6492FEFA5+77893]
	GetHandleVerifier [0x00007FF6492FF000+77984]
	(No symbol) [0x00007FF6490C91BA]
	(No symbol) [0x00007FF64911F16D]
	(No symbol) [0x00007FF64911F41C]
	(No symbol) [0x00007FF649111B1C]
	(No symbol) [0x00007FF64914716F]
	(No symbol) [0x00007FF6491119E6]
	(No symbol) [0x00007FF649147340]
	(No symbol) [0x00007FF64916F07F]
	(No symbol) [0x00007FF649146F03]
	(No symbol) [0x00007FF649110328]
	(No symbol) [0x00007FF649111093]
	GetHandleVerifier [0x00007FF6495B7B6D+2931725]
	GetHandleVerifier [0x00007FF6495B2132+2908626]
	GetHandleVerifier [0x00007FF6495D00F3+3031443]
	GetHandleVerifier [0x00007FF6493191EA+184970]
	GetHandleVerifier [0x00007FF64932086F+215311]
	GetHandleVerifier [0x00007FF649306EC4+110436]
	GetHandleVerifier [0x00007FF649307072+110866]
	GetHandleVerifier [0x00007FF6492ED479+5401]
	BaseThreadInitThunk [0x00007FFCAAD3E8D7+23]
	RtlUserThreadStart [0x00007FFCAC3F14FC+44]

[2025-04-24 21:11:17] Message: no such element: Unable to locate element: {"method":"css selector","selector":".ui-search-item__title"}
  (Session info: chrome=135.0.7049.115); For documentation on this error, please visit: https://www.selenium.dev/documentation/webdriver/troubleshooting/errors#no-such-element-exception
Stacktrace:
	GetHandleVerifier [0x00007FF6492FEFA5+77893]
	GetHandleVerifier [0x00007FF6492FF000+77984]
	(No symbol) [0x00007FF6490C91BA]
	(No symbol) [0x00007FF64911F16D]
	(No symbol) [0x00007FF64911F41C]
	(No symbol) [0x00007FF649111B1C]
	(No symbol) [0x00007FF64914716F]
	(No symbol) [0x00007FF6491119E6]
	(No symbol) [0x00007FF649147340]
	(No symbol) [0x00007FF64916F07F]
	(No symbol) [0x00007FF649146F03]
	(No symbol) [0x00007FF649110328]
	(No symbol) [0x00007FF649111093]
	GetHandleVerifier [0x00007FF6495B7B6D+2931725]
	GetHandleVerifier [0x00007FF6495B2132+2908626]
	GetHandleVerifier [0x00007FF6495D00F3+3031443]
	GetHandleVerifier [0x00007FF6493191EA+184970]
	GetHandleVerifier [0x00007FF64932086F+215311]
	GetHandleVerifier [0x00007FF649306EC4+110436]
	GetHandleVerifier [0x00007FF649307072+110866]
	GetHandleVerifier [0x00007FF6492ED479+5401]
	BaseThreadInitThunk [0x00007FFCAAD3E8D7+23]
	RtlUserThreadStart [0x00007FFCAC3F14FC+44]

[2025-04-24 21:11:17] Message: stale element reference: stale element not found in the current frame
  (Session info: chrome=135.0.7049.115); For documentation on this error, please visit: https://www.selenium.dev/documentation/webdriver/troubleshooting/errors#stale-element-reference-exception
Stacktrace:
	GetHandleVerifier [0x00007FF6492FEFA5+77893]
	GetHandleVerifier [0x00007FF6492FF000+77984]
	(No symbol) [0x00007FF6490C91BA]
	(No symbol) [0x00007FF6490D0AEC]
	(No symbol) [0x00007FF6490D3B5C]
	(No symbol) [0x00007FF6490D3C2F]
	(No symbol) [0x00007FF64911EA17]
	(No symbol) [0x00007FF64911F41C]
	(No symbol) [0x00007FF649111B1C]
	(No symbol) [0x00007FF64914716F]
	(No symbol) [0x00007FF6491119E6]
	(No symbol) [0x00007FF649147340]
	(No symbol) [0x00007FF64916F07F]
	(No symbol) [0x00007FF649146F03]
	(No symbol) [0x00007FF649110328]
	(No symbol) [0x00007FF649111093]
	GetHandleVerifier [0x00007FF6495B7B6D+2931725]
	GetHandleVerifier [0x00007FF6495B2132+2908626]
	GetHandleVerifier [0x00007FF6495D00F3+3031443]
	GetHandleVerifier [0x00007FF6493191EA+184970]
	GetHandleVerifier [0x00007FF64932086F+215311]
	GetHandleVerifier [0x00007FF649306EC4+110436]
	GetHandleVerifier [0x00007FF649307072+110866]
	GetHandleVerifier [0x00007FF6492ED479+5401]
	BaseThreadInitThunk [0x00007FFCAAD3E8D7+23]
	RtlUserThreadStart [0x00007FFCAC3F14FC+44]

[2025-04-24 21:11:17] Message: stale element reference: stale element not found in the current frame
  (Session info: chrome=135.0.7049.115); For documentation on this error, please visit: https://www.selenium.dev/documentation/webdriver/troubleshooting/errors#stale-element-reference-exception
Stacktrace:
	GetHandleVerifier [0x00007FF6492FEFA5+77893]
	GetHandleVerifier [0x00007FF6492FF000+77984]
	(No symbol) [0x00007FF6490C91BA]
	(No symbol) [0x00007FF6490D0AEC]
	(No symbol) [0x00007FF6490D3B5C]
	(No symbol) [0x00007FF6490D3C2F]
	(No symbol) [0x00007FF64911EA17]
	(No symbol) [0x00007FF64911F41C]
	(No symbol) [0x00007FF649111B1C]
	(No symbol) [0x00007FF64914716F]
	(No symbol) [0x00007FF6491119E6]
	(No symbol) [0x00007FF649147340]
	(No symbol) [0x00007FF64916F07F]
	(No symbol) [0x00007FF649146F03]
	(No symbol) [0x00007FF649110328]
	(No symbol) [0x00007FF649111093]
	GetHandleVerifier [0x00007FF6495B7B6D+2931725]
	GetHandleVerifier [0x00007FF6495B2132+2908626]
	GetHandleVerifier [0x00007FF6495D00F3+3031443]
	GetHandleVerifier [0x00007FF6493191EA+184970]
	GetHandleVerifier [0x00007FF64932086F+215311]
	GetHandleVerifier [0x00007FF649306EC4+110436]
	GetHandleVerifier [0x00007FF649307072+110866]
	GetHandleVerifier [0x00007FF6492ED479+5401]
	BaseThreadInitThunk [0x00007FFCAAD3E8D7+23]
	RtlUserThreadStart [0x00007FFCAC3F14FC+44]

[2025-04-24 21:11:17] Message: stale element reference: stale element not found in the current frame
  (Session info: chrome=135.0.7049.115); For documentation on this error, please visit: https://www.selenium.dev/documentation/webdriver/troubleshooting/errors#stale-element-reference-exception
Stacktrace:
	GetHandleVerifier [0x00007FF6492FEFA5+77893]
	GetHandleVerifier [0x00007FF6492FF000+77984]
	(No symbol) [0x00007FF6490C91BA]
	(No symbol) [0x00007FF6490D0AEC]
	(No symbol) [0x00007FF6490D3B5C]
	(No symbol) [0x00007FF6490D3C2F]
	(No symbol) [0x00007FF64911EA17]
	(No symbol) [0x00007FF64911F41C]
	(No symbol) [0x00007FF649111B1C]
	(No symbol) [0x00007FF64914716F]
	(No symbol) [0x00007FF6491119E6]
	(No symbol) [0x00007FF649147340]
	(No symbol) [0x00007FF64916F07F]
	(No symbol) [0x00007FF649146F03]
	(No symbol) [0x00007FF649110328]
	(No symbol) [0x00007FF649111093]
	GetHandleVerifier [0x00007FF6495B7B6D+2931725]
	GetHandleVerifier [0x00007FF6495B2132+2908626]
	GetHandleVerifier [0x00007FF6495D00F3+3031443]
	GetHandleVerifier [0x00007FF6493191EA+184970]
	GetHandleVerifier [0x00007FF64932086F+215311]
	GetHandleVerifier [0x00007FF649306EC4+110436]
	GetHandleVerifier [0x00007FF649307072+110866]
	GetHandleVerifier [0x00007FF6492ED479+5401]
	BaseThreadInitThunk [0x00007FFCAAD3E8D7+23]
	RtlUserThreadStart [0x00007FFCAC3F14FC+44]

[2025-04-24 21:11:17] Message: stale element reference: stale element not found in the current frame
  (Session info: chrome=135.0.7049.115); For documentation on this error, please visit: https://www.selenium.dev/documentation/webdriver/troubleshooting/errors#stale-element-reference-exception
Stacktrace:
	GetHandleVerifier [0x00007FF6492FEFA5+77893]
	GetHandleVerifier [0x00007FF6492FF000+77984]
	(No symbol) [0x00007FF6490C91BA]
	(No symbol) [0x00007FF6490D0AEC]
	(No symbol) [0x00007FF6490D3B5C]
	(No symbol) [0x00007FF6490D3C2F]
	(No symbol) [0x00007FF64911EA17]
	(No symbol) [0x00007FF64911F41C]
	(No symbol) [0x00007FF649111B1C]
	(No symbol) [0x00007FF64914716F]
	(No symbol) [0x00007FF6491119E6]
	(No symbol) [0x00007FF649147340]
	(No symbol) [0x00007FF64916F07F]
	(No symbol) [0x00007FF649146F03]
	(No symbol) [0x00007FF649110328]
	(No symbol) [0x00007FF649111093]
	GetHandleVerifier [0x00007FF6495B7B6D+2931725]
	GetHandleVerifier [0x00007FF6495B2132+2908626]
	GetHandleVerifier [0x00007FF6495D00F3+3031443]
	GetHandleVerifier [0x00007FF6493191EA+184970]
	GetHandleVerifier [0x00007FF64932086F+215311]
	GetHandleVerifier [0x00007FF649306EC4+110436]
	GetHandleVerifier [0x00007FF649307072+110866]
	GetHandleVerifier [0x00007FF6492ED479+5401]
	BaseThreadInitThunk [0x00007FFCAAD3E8D7+23]
	RtlUserThreadStart [0x00007FFCAC3F14FC+44]

[2025-04-24 21:11:17] Message: stale element reference: stale element not found in the current frame
  (Session info: chrome=135.0.7049.115); For documentation on this error, please visit: https://www.selenium.dev/documentation/webdriver/troubleshooting/errors#stale-element-reference-exception
Stacktrace:
	GetHandleVerifier [0x00007FF6492FEFA5+77893]
	GetHandleVerifier [0x00007FF6492FF000+77984]
	(No symbol) [0x00007FF6490C91BA]
	(No symbol) [0x00007FF6490D0AEC]
	(No symbol) [0x00007FF6490D3B5C]
	(No symbol) [0x00007FF6490D3C2F]
	(No symbol) [0x00007FF64911EA17]
	(No symbol) [0x00007FF64911F41C]
	(No symbol) [0x00007FF649111B1C]
	(No symbol) [0x00007FF64914716F]
	(No symbol) [0x00007FF6491119E6]
	(No symbol) [0x00007FF649147340]
	(No symbol) [0x00007FF64916F07F]
	(No symbol) [0x00007FF649146F03]
	(No symbol) [0x00007FF649110328]
	(No symbol) [0x00007FF649111093]
	GetHandleVerifier [0x00007FF6495B7B6D+2931725]
	GetHandleVerifier [0x00007FF6495B2132+2908626]
	GetHandleVerifier [0x00007FF6495D00F3+3031443]
	GetHandleVerifier [0x00007FF6493191EA+184970]
	GetHandleVerifier [0x00007FF64932086F+215311]
	GetHandleVerifier [0x00007FF649306EC4+110436]
	GetHandleVerifier [0x00007FF649307072+110866]
	GetHandleVerifier [0x00007FF6492ED479+5401]
	BaseThreadInitThunk [0x00007FFCAAD3E8D7+23]
	RtlUserThreadStart [0x00007FFCAC3F14FC+44]

[2025-04-24 21:11:17] Message: stale element reference: stale element not found in the current frame
  (Session info: chrome=135.0.7049.115); For documentation on this error, please visit: https://www.selenium.dev/documentation/webdriver/troubleshooting/errors#stale-element-reference-exception
Stacktrace:
	GetHandleVerifier [0x00007FF6492FEFA5+77893]
	GetHandleVerifier [0x00007FF6492FF000+77984]
	(No symbol) [0x00007FF6490C91BA]
	(No symbol) [0x00007FF6490D0AEC]
	(No symbol) [0x00007FF6490D3B5C]
	(No symbol) [0x00007FF6490D3C2F]
	(No symbol) [0x00007FF64911EA17]
	(No symbol) [0x00007FF64911F41C]
	(No symbol) [0x00007FF649111B1C]
	(No symbol) [0x00007FF64914716F]
	(No symbol) [0x00007FF6491119E6]
	(No symbol) [0x00007FF649147340]
	(No symbol) [0x00007FF64916F07F]
	(No symbol) [0x00007FF649146F03]
	(No symbol) [0x00007FF649110328]
	(No symbol) [0x00007FF649111093]
	GetHandleVerifier [0x00007FF6495B7B6D+2931725]
	GetHandleVerifier [0x00007FF6495B2132+2908626]
	GetHandleVerifier [0x00007FF6495D00F3+3031443]
	GetHandleVerifier [0x00007FF6493191EA+184970]
	GetHandleVerifier [0x00007FF64932086F+215311]
	GetHandleVerifier [0x00007FF649306EC4+110436]
	GetHandleVerifier [0x00007FF649307072+110866]
	GetHandleVerifier [0x00007FF6492ED479+5401]
	BaseThreadInitThunk [0x00007FFCAAD3E8D7+23]
	RtlUserThreadStart [0x00007FFCAC3F14FC+44]

[2025-04-24 21:11:17] Message: stale element reference: stale element not found in the current frame
  (Session info: chrome=135.0.7049.115); For documentation on this error, please visit: https://www.selenium.dev/documentation/webdriver/troubleshooting/errors#stale-element-reference-exception
Stacktrace:
	GetHandleVerifier [0x00007FF6492FEFA5+77893]
	GetHandleVerifier [0x00007FF6492FF000+77984]
	(No symbol) [0x00007FF6490C91BA]
	(No symbol) [0x00007FF6490D0AEC]
	(No symbol) [0x00007FF6490D3B5C]
	(No symbol) [0x00007FF6490D3C2F]
	(No symbol) [0x00007FF64911EA17]
	(No symbol) [0x00007FF64911F41C]
	(No symbol) [0x00007FF649111B1C]
	(No symbol) [0x00007FF64914716F]
	(No symbol) [0x00007FF6491119E6]
	(No symbol) [0x00007FF649147340]
	(No symbol) [0x00007FF64916F07F]
	(No symbol) [0x00007FF649146F03]
	(No symbol) [0x00007FF649110328]
	(No symbol) [0x00007FF649111093]
	GetHandleVerifier [0x00007FF6495B7B6D+2931725]
	GetHandleVerifier [0x00007FF6495B2132+2908626]
	GetHandleVerifier [0x00007FF6495D00F3+3031443]
	GetHandleVerifier [0x00007FF6493191EA+184970]
	GetHandleVerifier [0x00007FF64932086F+215311]
	GetHandleVerifier [0x00007FF649306EC4+110436]
	GetHandleVerifier [0x00007FF649307072+110866]
	GetHandleVerifier [0x00007FF6492ED479+5401]
	BaseThreadInitThunk [0x00007FFCAAD3E8D7+23]
	RtlUserThreadStart [0x00007FFCAC3F14FC+44]

[2025-04-24 21:11:17] Message: stale element reference: stale element not found in the current frame
  (Session info: chrome=135.0.7049.115); For documentation on this error, please visit: https://www.selenium.dev/documentation/webdriver/troubleshooting/errors#stale-element-reference-exception
Stacktrace:
	GetHandleVerifier [0x00007FF6492FEFA5+77893]
	GetHandleVerifier [0x00007FF6492FF000+77984]
	(No symbol) [0x00007FF6490C91BA]
	(No symbol) [0x00007FF6490D0AEC]
	(No symbol) [0x00007FF6490D3B5C]
	(No symbol) [0x00007FF6490D3C2F]
	(No symbol) [0x00007FF64911EA17]
	(No symbol) [0x00007FF64911F41C]
	(No symbol) [0x00007FF649111B1C]
	(No symbol) [0x00007FF64914716F]
	(No symbol) [0x00007FF6491119E6]
	(No symbol) [0x00007FF649147340]
	(No symbol) [0x00007FF64916F07F]
	(No symbol) [0x00007FF649146F03]
	(No symbol) [0x00007FF649110328]
	(No symbol) [0x00007FF649111093]
	GetHandleVerifier [0x00007FF6495B7B6D+2931725]
	GetHandleVerifier [0x00007FF6495B2132+2908626]
	GetHandleVerifier [0x00007FF6495D00F3+3031443]
	GetHandleVerifier [0x00007FF6493191EA+184970]
	GetHandleVerifier [0x00007FF64932086F+215311]
	GetHandleVerifier [0x00007FF649306EC4+110436]
	GetHandleVerifier [0x00007FF649307072+110866]
	GetHandleVerifier [0x00007FF6492ED479+5401]
	BaseThreadInitThunk [0x00007FFCAAD3E8D7+23]
	RtlUserThreadStart [0x00007FFCAC3F14FC+44]

[2025-04-24 21:11:17] Message: stale element reference: stale element not found in the current frame
  (Session info: chrome=135.0.7049.115); For documentation on this error, please visit: https://www.selenium.dev/documentation/webdriver/troubleshooting/errors#stale-element-reference-exception
Stacktrace:
	GetHandleVerifier [0x00007FF6492FEFA5+77893]
	GetHandleVerifier [0x00007FF6492FF000+77984]
	(No symbol) [0x00007FF6490C91BA]
	(No symbol) [0x00007FF6490D0AEC]
	(No symbol) [0x00007FF6490D3B5C]
	(No symbol) [0x00007FF6490D3C2F]
	(No symbol) [0x00007FF64911EA17]
	(No symbol) [0x00007FF64911F41C]
	(No symbol) [0x00007FF649111B1C]
	(No symbol) [0x00007FF64914716F]
	(No symbol) [0x00007FF6491119E6]
	(No symbol) [0x00007FF649147340]
	(No symbol) [0x00007FF64916F07F]
	(No symbol) [0x00007FF649146F03]
	(No symbol) [0x00007FF649110328]
	(No symbol) [0x00007FF649111093]
	GetHandleVerifier [0x00007FF6495B7B6D+2931725]
	GetHandleVerifier [0x00007FF6495B2132+2908626]
	GetHandleVerifier [0x00007FF6495D00F3+3031443]
	GetHandleVerifier [0x00007FF6493191EA+184970]
	GetHandleVerifier [0x00007FF64932086F+215311]
	GetHandleVerifier [0x00007FF649306EC4+110436]
	GetHandleVerifier [0x00007FF649307072+110866]
	GetHandleVerifier [0x00007FF6492ED479+5401]
	BaseThreadInitThunk [0x00007FFCAAD3E8D7+23]
	RtlUserThreadStart [0x00007FFCAC3F14FC+44]

[2025-04-24 21:11:17] Message: stale element reference: stale element not found in the current frame
  (Session info: chrome=135.0.7049.115); For documentation on this error, please visit: https://www.selenium.dev/documentation/webdriver/troubleshooting/errors#stale-element-reference-exception
Stacktrace:
	GetHandleVerifier [0x00007FF6492FEFA5+77893]
	GetHandleVerifier [0x00007FF6492FF000+77984]
	(No symbol) [0x00007FF6490C91BA]
	(No symbol) [0x00007FF6490D0AEC]
	(No symbol) [0x00007FF6490D3B5C]
	(No symbol) [0x00007FF6490D3C2F]
	(No symbol) [0x00007FF64911EA17]
	(No symbol) [0x00007FF64911F41C]
	(No symbol) [0x00007FF649111B1C]
	(No symbol) [0x00007FF64914716F]
	(No symbol) [0x00007FF6491119E6]
	(No symbol) [0x00007FF649147340]
	(No symbol) [0x00007FF64916F07F]
	(No symbol) [0x00007FF649146F03]
	(No symbol) [0x00007FF649110328]
	(No symbol) [0x00007FF649111093]
	GetHandleVerifier [0x00007FF6495B7B6D+2931725]
	GetHandleVerifier [0x00007FF6495B2132+2908626]
	GetHandleVerifier [0x00007FF6495D00F3+3031443]
	GetHandleVerifier [0x00007FF6493191EA+184970]
	GetHandleVerifier [0x00007FF64932086F+215311]
	GetHandleVerifier [0x00007FF649306EC4+110436]
	GetHandleVerifier [0x00007FF649307072+110866]
	GetHandleVerifier [0x00007FF6492ED479+5401]
	BaseThreadInitThunk [0x00007FFCAAD3E8D7+23]
	RtlUserThreadStart [0x00007FFCAC3F14FC+44]

[2025-04-24 21:11:17] Message: stale element reference: stale element not found in the current frame
  (Session info: chrome=135.0.7049.115); For documentation on this error, please visit: https://www.selenium.dev/documentation/webdriver/troubleshooting/errors#stale-element-reference-exception
Stacktrace:
	GetHandleVerifier [0x00007FF6492FEFA5+77893]
	GetHandleVerifier [0x00007FF6492FF000+77984]
	(No symbol) [0x00007FF6490C91BA]
	(No symbol) [0x00007FF6490D0AEC]
	(No symbol) [0x00007FF6490D3B5C]
	(No symbol) [0x00007FF6490D3C2F]
	(No symbol) [0x00007FF64911EA17]
	(No symbol) [0x00007FF64911F41C]
	(No symbol) [0x00007FF649111B1C]
	(No symbol) [0x00007FF64914716F]
	(No symbol) [0x00007FF6491119E6]
	(No symbol) [0x00007FF649147340]
	(No symbol) [0x00007FF64916F07F]
	(No symbol) [0x00007FF649146F03]
	(No symbol) [0x00007FF649110328]
	(No symbol) [0x00007FF649111093]
	GetHandleVerifier [0x00007FF6495B7B6D+2931725]
	GetHandleVerifier [0x00007FF6495B2132+2908626]
	GetHandleVerifier [0x00007FF6495D00F3+3031443]
	GetHandleVerifier [0x00007FF6493191EA+184970]
	GetHandleVerifier [0x00007FF64932086F+215311]
	GetHandleVerifier [0x00007FF649306EC4+110436]
	GetHandleVerifier [0x00007FF649307072+110866]
	GetHandleVerifier [0x00007FF6492ED479+5401]
	BaseThreadInitThunk [0x00007FFCAAD3E8D7+23]
	RtlUserThreadStart [0x00007FFCAC3F14FC+44]

[2025-04-24 21:11:17] Message: stale element reference: stale element not found in the current frame
  (Session info: chrome=135.0.7049.115); For documentation on this error, please visit: https://www.selenium.dev/documentation/webdriver/troubleshooting/errors#stale-element-reference-exception
Stacktrace:
	GetHandleVerifier [0x00007FF6492FEFA5+77893]
	GetHandleVerifier [0x00007FF6492FF000+77984]
	(No symbol) [0x00007FF6490C91BA]
	(No symbol) [0x00007FF6490D0AEC]
	(No symbol) [0x00007FF6490D3B5C]
	(No symbol) [0x00007FF6490D3C2F]
	(No symbol) [0x00007FF64911EA17]
	(No symbol) [0x00007FF64911F41C]
	(No symbol) [0x00007FF649111B1C]
	(No symbol) [0x00007FF64914716F]
	(No symbol) [0x00007FF6491119E6]
	(No symbol) [0x00007FF649147340]
	(No symbol) [0x00007FF64916F07F]
	(No symbol) [0x00007FF649146F03]
	(No symbol) [0x00007FF649110328]
	(No symbol) [0x00007FF649111093]
	GetHandleVerifier [0x00007FF6495B7B6D+2931725]
	GetHandleVerifier [0x00007FF6495B2132+2908626]
	GetHandleVerifier [0x00007FF6495D00F3+3031443]
	GetHandleVerifier [0x00007FF6493191EA+184970]
	GetHandleVerifier [0x00007FF64932086F+215311]
	GetHandleVerifier [0x00007FF649306EC4+110436]
	GetHandleVerifier [0x00007FF649307072+110866]
	GetHandleVerifier [0x00007FF6492ED479+5401]
	BaseThreadInitThunk [0x00007FFCAAD3E8D7+23]
	RtlUserThreadStart [0x00007FFCAC3F14FC+44]

[2025-04-24 21:11:17] Message: stale element reference: stale element not found in the current frame
  (Session info: chrome=135.0.7049.115); For documentation on this error, please visit: https://www.selenium.dev/documentation/webdriver/troubleshooting/errors#stale-element-reference-exception
Stacktrace:
	GetHandleVerifier [0x00007FF6492FEFA5+77893]
	GetHandleVerifier [0x00007FF6492FF000+77984]
	(No symbol) [0x00007FF6490C91BA]
	(No symbol) [0x00007FF6490D0AEC]
	(No symbol) [0x00007FF6490D3B5C]
	(No symbol) [0x00007FF6490D3C2F]
	(No symbol) [0x00007FF64911EA17]
	(No symbol) [0x00007FF64911F41C]
	(No symbol) [0x00007FF649111B1C]
	(No symbol) [0x00007FF64914716F]
	(No symbol) [0x00007FF6491119E6]
	(No symbol) [0x00007FF649147340]
	(No symbol) [0x00007FF64916F07F]
	(No symbol) [0x00007FF649146F03]
	(No symbol) [0x00007FF649110328]
	(No symbol) [0x00007FF649111093]
	GetHandleVerifier [0x00007FF6495B7B6D+2931725]
	GetHandleVerifier [0x00007FF6495B2132+2908626]
	GetHandleVerifier [0x00007FF6495D00F3+3031443]
	GetHandleVerifier [0x00007FF6493191EA+184970]
	GetHandleVerifier [0x00007FF64932086F+215311]
	GetHandleVerifier [0x00007FF649306EC4+110436]
	GetHandleVerifier [0x00007FF649307072+110866]
	GetHandleVerifier [0x00007FF6492ED479+5401]
	BaseThreadInitThunk [0x00007FFCAAD3E8D7+23]
	RtlUserThreadStart [0x00007FFCAC3F14FC+44]

[2025-04-24 21:11:17] Message: stale element reference: stale element not found in the current frame
  (Session info: chrome=135.0.7049.115); For documentation on this error, please visit: https://www.selenium.dev/documentation/webdriver/troubleshooting/errors#stale-element-reference-exception
Stacktrace:
	GetHandleVerifier [0x00007FF6492FEFA5+77893]
	GetHandleVerifier [0x00007FF6492FF000+77984]
	(No symbol) [0x00007FF6490C91BA]
	(No symbol) [0x00007FF6490D0AEC]
	(No symbol) [0x00007FF6490D3B5C]
	(No symbol) [0x00007FF6490D3C2F]
	(No symbol) [0x00007FF64911EA17]
	(No symbol) [0x00007FF64911F41C]
	(No symbol) [0x00007FF649111B1C]
	(No symbol) [0x00007FF64914716F]
	(No symbol) [0x00007FF6491119E6]
	(No symbol) [0x00007FF649147340]
	(No symbol) [0x00007FF64916F07F]
	(No symbol) [0x00007FF649146F03]
	(No symbol) [0x00007FF649110328]
	(No symbol) [0x00007FF649111093]
	GetHandleVerifier [0x00007FF6495B7B6D+2931725]
	GetHandleVerifier [0x00007FF6495B2132+2908626]
	GetHandleVerifier [0x00007FF6495D00F3+3031443]
	GetHandleVerifier [0x00007FF6493191EA+184970]
	GetHandleVerifier [0x00007FF64932086F+215311]
	GetHandleVerifier [0x00007FF649306EC4+110436]
	GetHandleVerifier [0x00007FF649307072+110866]
	GetHandleVerifier [0x00007FF6492ED479+5401]
	BaseThreadInitThunk [0x00007FFCAAD3E8D7+23]
	RtlUserThreadStart [0x00007FFCAC3F14FC+44]

[2025-04-24 21:11:17] Message: stale element reference: stale element not found in the current frame
  (Session info: chrome=135.0.7049.115); For documentation on this error, please visit: https://www.selenium.dev/documentation/webdriver/troubleshooting/errors#stale-element-reference-exception
Stacktrace:
	GetHandleVerifier [0x00007FF6492FEFA5+77893]
	GetHandleVerifier [0x00007FF6492FF000+77984]
	(No symbol) [0x00007FF6490C91BA]
	(No symbol) [0x00007FF6490D0AEC]
	(No symbol) [0x00007FF6490D3B5C]
	(No symbol) [0x00007FF6490D3C2F]
	(No symbol) [0x00007FF64911EA17]
	(No symbol) [0x00007FF64911F41C]
	(No symbol) [0x00007FF649111B1C]
	(No symbol) [0x00007FF64914716F]
	(No symbol) [0x00007FF6491119E6]
	(No symbol) [0x00007FF649147340]
	(No symbol) [0x00007FF64916F07F]
	(No symbol) [0x00007FF649146F03]
	(No symbol) [0x00007FF649110328]
	(No symbol) [0x00007FF649111093]
	GetHandleVerifier [0x00007FF6495B7B6D+2931725]
	GetHandleVerifier [0x00007FF6495B2132+2908626]
	GetHandleVerifier [0x00007FF6495D00F3+3031443]
	GetHandleVerifier [0x00007FF6493191EA+184970]
	GetHandleVerifier [0x00007FF64932086F+215311]
	GetHandleVerifier [0x00007FF649306EC4+110436]
	GetHandleVerifier [0x00007FF649307072+110866]
	GetHandleVerifier [0x00007FF6492ED479+5401]
	BaseThreadInitThunk [0x00007FFCAAD3E8D7+23]
	RtlUserThreadStart [0x00007FFCAC3F14FC+44]

[2025-04-24 21:11:17] Message: stale element reference: stale element not found in the current frame
  (Session info: chrome=135.0.7049.115); For documentation on this error, please visit: https://www.selenium.dev/documentation/webdriver/troubleshooting/errors#stale-element-reference-exception
Stacktrace:
	GetHandleVerifier [0x00007FF6492FEFA5+77893]
	GetHandleVerifier [0x00007FF6492FF000+77984]
	(No symbol) [0x00007FF6490C91BA]
	(No symbol) [0x00007FF6490D0AEC]
	(No symbol) [0x00007FF6490D3B5C]
	(No symbol) [0x00007FF6490D3C2F]
	(No symbol) [0x00007FF64911EA17]
	(No symbol) [0x00007FF64911F41C]
	(No symbol) [0x00007FF649111B1C]
	(No symbol) [0x00007FF64914716F]
	(No symbol) [0x00007FF6491119E6]
	(No symbol) [0x00007FF649147340]
	(No symbol) [0x00007FF64916F07F]
	(No symbol) [0x00007FF649146F03]
	(No symbol) [0x00007FF649110328]
	(No symbol) [0x00007FF649111093]
	GetHandleVerifier [0x00007FF6495B7B6D+2931725]
	GetHandleVerifier [0x00007FF6495B2132+2908626]
	GetHandleVerifier [0x00007FF6495D00F3+3031443]
	GetHandleVerifier [0x00007FF6493191EA+184970]
	GetHandleVerifier [0x00007FF64932086F+215311]
	GetHandleVerifier [0x00007FF649306EC4+110436]
	GetHandleVerifier [0x00007FF649307072+110866]
	GetHandleVerifier [0x00007FF6492ED479+5401]
	BaseThreadInitThunk [0x00007FFCAAD3E8D7+23]
	RtlUserThreadStart [0x00007FFCAC3F14FC+44]

[2025-04-24 21:11:17] Message: stale element reference: stale element not found in the current frame
  (Session info: chrome=135.0.7049.115); For documentation on this error, please visit: https://www.selenium.dev/documentation/webdriver/troubleshooting/errors#stale-element-reference-exception
Stacktrace:
	GetHandleVerifier [0x00007FF6492FEFA5+77893]
	GetHandleVerifier [0x00007FF6492FF000+77984]
	(No symbol) [0x00007FF6490C91BA]
	(No symbol) [0x00007FF6490D0AEC]
	(No symbol) [0x00007FF6490D3B5C]
	(No symbol) [0x00007FF6490D3C2F]
	(No symbol) [0x00007FF64911EA17]
	(No symbol) [0x00007FF64911F41C]
	(No symbol) [0x00007FF649111B1C]
	(No symbol) [0x00007FF64914716F]
	(No symbol) [0x00007FF6491119E6]
	(No symbol) [0x00007FF649147340]
	(No symbol) [0x00007FF64916F07F]
	(No symbol) [0x00007FF649146F03]
	(No symbol) [0x00007FF649110328]
	(No symbol) [0x00007FF649111093]
	GetHandleVerifier [0x00007FF6495B7B6D+2931725]
	GetHandleVerifier [0x00007FF6495B2132+2908626]
	GetHandleVerifier [0x00007FF6495D00F3+3031443]
	GetHandleVerifier [0x00007FF6493191EA+184970]
	GetHandleVerifier [0x00007FF64932086F+215311]
	GetHandleVerifier [0x00007FF649306EC4+110436]
	GetHandleVerifier [0x00007FF649307072+110866]
	GetHandleVerifier [0x00007FF6492ED479+5401]
	BaseThreadInitThunk [0x00007FFCAAD3E8D7+23]
	RtlUserThreadStart [0x00007FFCAC3F14FC+44]

[2025-04-24 21:11:17] Message: stale element reference: stale element not found in the current frame
  (Session info: chrome=135.0.7049.115); For documentation on this error, please visit: https://www.selenium.dev/documentation/webdriver/troubleshooting/errors#stale-element-reference-exception
Stacktrace:
	GetHandleVerifier [0x00007FF6492FEFA5+77893]
	GetHandleVerifier [0x00007FF6492FF000+77984]
	(No symbol) [0x00007FF6490C91BA]
	(No symbol) [0x00007FF6490D0AEC]
	(No symbol) [0x00007FF6490D3B5C]
	(No symbol) [0x00007FF6490D3C2F]
	(No symbol) [0x00007FF64911EA17]
	(No symbol) [0x00007FF64911F41C]
	(No symbol) [0x00007FF649111B1C]
	(No symbol) [0x00007FF64914716F]
	(No symbol) [0x00007FF6491119E6]
	(No symbol) [0x00007FF649147340]
	(No symbol) [0x00007FF64916F07F]
	(No symbol) [0x00007FF649146F03]
	(No symbol) [0x00007FF649110328]
	(No symbol) [0x00007FF649111093]
	GetHandleVerifier [0x00007FF6495B7B6D+2931725]
	GetHandleVerifier [0x00007FF6495B2132+2908626]
	GetHandleVerifier [0x00007FF6495D00F3+3031443]
	GetHandleVerifier [0x00007FF6493191EA+184970]
	GetHandleVerifier [0x00007FF64932086F+215311]
	GetHandleVerifier [0x00007FF649306EC4+110436]
	GetHandleVerifier [0x00007FF649307072+110866]
	GetHandleVerifier [0x00007FF6492ED479+5401]
	BaseThreadInitThunk [0x00007FFCAAD3E8D7+23]
	RtlUserThreadStart [0x00007FFCAC3F14FC+44]

[2025-04-24 21:11:17] Message: stale element reference: stale element not found in the current frame
  (Session info: chrome=135.0.7049.115); For documentation on this error, please visit: https://www.selenium.dev/documentation/webdriver/troubleshooting/errors#stale-element-reference-exception
Stacktrace:
	GetHandleVerifier [0x00007FF6492FEFA5+77893]
	GetHandleVerifier [0x00007FF6492FF000+77984]
	(No symbol) [0x00007FF6490C91BA]
	(No symbol) [0x00007FF6490D0AEC]
	(No symbol) [0x00007FF6490D3B5C]
	(No symbol) [0x00007FF6490D3C2F]
	(No symbol) [0x00007FF64911EA17]
	(No symbol) [0x00007FF64911F41C]
	(No symbol) [0x00007FF649111B1C]
	(No symbol) [0x00007FF64914716F]
	(No symbol) [0x00007FF6491119E6]
	(No symbol) [0x00007FF649147340]
	(No symbol) [0x00007FF64916F07F]
	(No symbol) [0x00007FF649146F03]
	(No symbol) [0x00007FF649110328]
	(No symbol) [0x00007FF649111093]
	GetHandleVerifier [0x00007FF6495B7B6D+2931725]
	GetHandleVerifier [0x00007FF6495B2132+2908626]
	GetHandleVerifier [0x00007FF6495D00F3+3031443]
	GetHandleVerifier [0x00007FF6493191EA+184970]
	GetHandleVerifier [0x00007FF64932086F+215311]
	GetHandleVerifier [0x00007FF649306EC4+110436]
	GetHandleVerifier [0x00007FF649307072+110866]
	GetHandleVerifier [0x00007FF6492ED479+5401]
	BaseThreadInitThunk [0x00007FFCAAD3E8D7+23]
	RtlUserThreadStart [0x00007FFCAC3F14FC+44]

[2025-04-24 21:11:17] Message: stale element reference: stale element not found in the current frame
  (Session info: chrome=135.0.7049.115); For documentation on this error, please visit: https://www.selenium.dev/documentation/webdriver/troubleshooting/errors#stale-element-reference-exception
Stacktrace:
	GetHandleVerifier [0x00007FF6492FEFA5+77893]
	GetHandleVerifier [0x00007FF6492FF000+77984]
	(No symbol) [0x00007FF6490C91BA]
	(No symbol) [0x00007FF6490D0AEC]
	(No symbol) [0x00007FF6490D3B5C]
	(No symbol) [0x00007FF6490D3C2F]
	(No symbol) [0x00007FF64911EA17]
	(No symbol) [0x00007FF64911F41C]
	(No symbol) [0x00007FF649111B1C]
	(No symbol) [0x00007FF64914716F]
	(No symbol) [0x00007FF6491119E6]
	(No symbol) [0x00007FF649147340]
	(No symbol) [0x00007FF64916F07F]
	(No symbol) [0x00007FF649146F03]
	(No symbol) [0x00007FF649110328]
	(No symbol) [0x00007FF649111093]
	GetHandleVerifier [0x00007FF6495B7B6D+2931725]
	GetHandleVerifier [0x00007FF6495B2132+2908626]
	GetHandleVerifier [0x00007FF6495D00F3+3031443]
	GetHandleVerifier [0x00007FF6493191EA+184970]
	GetHandleVerifier [0x00007FF64932086F+215311]
	GetHandleVerifier [0x00007FF649306EC4+110436]
	GetHandleVerifier [0x00007FF649307072+110866]
	GetHandleVerifier [0x00007FF6492ED479+5401]
	BaseThreadInitThunk [0x00007FFCAAD3E8D7+23]
	RtlUserThreadStart [0x00007FFCAC3F14FC+44]

[2025-04-24 21:11:17] Message: stale element reference: stale element not found in the current frame
  (Session info: chrome=135.0.7049.115); For documentation on this error, please visit: https://www.selenium.dev/documentation/webdriver/troubleshooting/errors#stale-element-reference-exception
Stacktrace:
	GetHandleVerifier [0x00007FF6492FEFA5+77893]
	GetHandleVerifier [0x00007FF6492FF000+77984]
	(No symbol) [0x00007FF6490C91BA]
	(No symbol) [0x00007FF6490D0AEC]
	(No symbol) [0x00007FF6490D3B5C]
	(No symbol) [0x00007FF6490D3C2F]
	(No symbol) [0x00007FF64911EA17]
	(No symbol) [0x00007FF64911F41C]
	(No symbol) [0x00007FF649111B1C]
	(No symbol) [0x00007FF64914716F]
	(No symbol) [0x00007FF6491119E6]
	(No symbol) [0x00007FF649147340]
	(No symbol) [0x00007FF64916F07F]
	(No symbol) [0x00007FF649146F03]
	(No symbol) [0x00007FF649110328]
	(No symbol) [0x00007FF649111093]
	GetHandleVerifier [0x00007FF6495B7B6D+2931725]
	GetHandleVerifier [0x00007FF6495B2132+2908626]
	GetHandleVerifier [0x00007FF6495D00F3+3031443]
	GetHandleVerifier [0x00007FF6493191EA+184970]
	GetHandleVerifier [0x00007FF64932086F+215311]
	GetHandleVerifier [0x00007FF649306EC4+110436]
	GetHandleVerifier [0x00007FF649307072+110866]
	GetHandleVerifier [0x00007FF6492ED479+5401]
	BaseThreadInitThunk [0x00007FFCAAD3E8D7+23]
	RtlUserThreadStart [0x00007FFCAC3F14FC+44]

[2025-04-24 21:11:17] Message: stale element reference: stale element not found in the current frame
  (Session info: chrome=135.0.7049.115); For documentation on this error, please visit: https://www.selenium.dev/documentation/webdriver/troubleshooting/errors#stale-element-reference-exception
Stacktrace:
	GetHandleVerifier [0x00007FF6492FEFA5+77893]
	GetHandleVerifier [0x00007FF6492FF000+77984]
	(No symbol) [0x00007FF6490C91BA]
	(No symbol) [0x00007FF6490D0AEC]
	(No symbol) [0x00007FF6490D3B5C]
	(No symbol) [0x00007FF6490D3C2F]
	(No symbol) [0x00007FF64911EA17]
	(No symbol) [0x00007FF64911F41C]
	(No symbol) [0x00007FF649111B1C]
	(No symbol) [0x00007FF64914716F]
	(No symbol) [0x00007FF6491119E6]
	(No symbol) [0x00007FF649147340]
	(No symbol) [0x00007FF64916F07F]
	(No symbol) [0x00007FF649146F03]
	(No symbol) [0x00007FF649110328]
	(No symbol) [0x00007FF649111093]
	GetHandleVerifier [0x00007FF6495B7B6D+2931725]
	GetHandleVerifier [0x00007FF6495B2132+2908626]
	GetHandleVerifier [0x00007FF6495D00F3+3031443]
	GetHandleVerifier [0x00007FF6493191EA+184970]
	GetHandleVerifier [0x00007FF64932086F+215311]
	GetHandleVerifier [0x00007FF649306EC4+110436]
	GetHandleVerifier [0x00007FF649307072+110866]
	GetHandleVerifier [0x00007FF6492ED479+5401]
	BaseThreadInitThunk [0x00007FFCAAD3E8D7+23]
	RtlUserThreadStart [0x00007FFCAC3F14FC+44]

[2025-04-24 21:11:17] Message: stale element reference: stale element not found in the current frame
  (Session info: chrome=135.0.7049.115); For documentation on this error, please visit: https://www.selenium.dev/documentation/webdriver/troubleshooting/errors#stale-element-reference-exception
Stacktrace:
	GetHandleVerifier [0x00007FF6492FEFA5+77893]
	GetHandleVerifier [0x00007FF6492FF000+77984]
	(No symbol) [0x00007FF6490C91BA]
	(No symbol) [0x00007FF6490D0AEC]
	(No symbol) [0x00007FF6490D3B5C]
	(No symbol) [0x00007FF6490D3C2F]
	(No symbol) [0x00007FF64911EA17]
	(No symbol) [0x00007FF64911F41C]
	(No symbol) [0x00007FF649111B1C]
	(No symbol) [0x00007FF64914716F]
	(No symbol) [0x00007FF6491119E6]
	(No symbol) [0x00007FF649147340]
	(No symbol) [0x00007FF64916F07F]
	(No symbol) [0x00007FF649146F03]
	(No symbol) [0x00007FF649110328]
	(No symbol) [0x00007FF649111093]
	GetHandleVerifier [0x00007FF6495B7B6D+2931725]
	GetHandleVerifier [0x00007FF6495B2132+2908626]
	GetHandleVerifier [0x00007FF6495D00F3+3031443]
	GetHandleVerifier [0x00007FF6493191EA+184970]
	GetHandleVerifier [0x00007FF64932086F+215311]
	GetHandleVerifier [0x00007FF649306EC4+110436]
	GetHandleVerifier [0x00007FF649307072+110866]
	GetHandleVerifier [0x00007FF6492ED479+5401]
	BaseThreadInitThunk [0x00007FFCAAD3E8D7+23]
	RtlUserThreadStart [0x00007FFCAC3F14FC+44]

[2025-04-24 21:11:17] Message: stale element reference: stale element not found in the current frame
  (Session info: chrome=135.0.7049.115); For documentation on this error, please visit: https://www.selenium.dev/documentation/webdriver/troubleshooting/errors#stale-element-reference-exception
Stacktrace:
	GetHandleVerifier [0x00007FF6492FEFA5+77893]
	GetHandleVerifier [0x00007FF6492FF000+77984]
	(No symbol) [0x00007FF6490C91BA]
	(No symbol) [0x00007FF6490D0AEC]
	(No symbol) [0x00007FF6490D3B5C]
	(No symbol) [0x00007FF6490D3C2F]
	(No symbol) [0x00007FF64911EA17]
	(No symbol) [0x00007FF64911F41C]
	(No symbol) [0x00007FF649111B1C]
	(No symbol) [0x00007FF64914716F]
	(No symbol) [0x00007FF6491119E6]
	(No symbol) [0x00007FF649147340]
	(No symbol) [0x00007FF64916F07F]
	(No symbol) [0x00007FF649146F03]
	(No symbol) [0x00007FF649110328]
	(No symbol) [0x00007FF649111093]
	GetHandleVerifier [0x00007FF6495B7B6D+2931725]
	GetHandleVerifier [0x00007FF6495B2132+2908626]
	GetHandleVerifier [0x00007FF6495D00F3+3031443]
	GetHandleVerifier [0x00007FF6493191EA+184970]
	GetHandleVerifier [0x00007FF64932086F+215311]
	GetHandleVerifier [0x00007FF649306EC4+110436]
	GetHandleVerifier [0x00007FF649307072+110866]
	GetHandleVerifier [0x00007FF6492ED479+5401]
	BaseThreadInitThunk [0x00007FFCAAD3E8D7+23]
	RtlUserThreadStart [0x00007FFCAC3F14FC+44]

[2025-04-24 21:11:17] Message: stale element reference: stale element not found in the current frame
  (Session info: chrome=135.0.7049.115); For documentation on this error, please visit: https://www.selenium.dev/documentation/webdriver/troubleshooting/errors#stale-element-reference-exception
Stacktrace:
	GetHandleVerifier [0x00007FF6492FEFA5+77893]
	GetHandleVerifier [0x00007FF6492FF000+77984]
	(No symbol) [0x00007FF6490C91BA]
	(No symbol) [0x00007FF6490D0AEC]
	(No symbol) [0x00007FF6490D3B5C]
	(No symbol) [0x00007FF6490D3C2F]
	(No symbol) [0x00007FF64911EA17]
	(No symbol) [0x00007FF64911F41C]
	(No symbol) [0x00007FF649111B1C]
	(No symbol) [0x00007FF64914716F]
	(No symbol) [0x00007FF6491119E6]
	(No symbol) [0x00007FF649147340]
	(No symbol) [0x00007FF64916F07F]
	(No symbol) [0x00007FF649146F03]
	(No symbol) [0x00007FF649110328]
	(No symbol) [0x00007FF649111093]
	GetHandleVerifier [0x00007FF6495B7B6D+2931725]
	GetHandleVerifier [0x00007FF6495B2132+2908626]
	GetHandleVerifier [0x00007FF6495D00F3+3031443]
	GetHandleVerifier [0x00007FF6493191EA+184970]
	GetHandleVerifier [0x00007FF64932086F+215311]
	GetHandleVerifier [0x00007FF649306EC4+110436]
	GetHandleVerifier [0x00007FF649307072+110866]
	GetHandleVerifier [0x00007FF6492ED479+5401]
	BaseThreadInitThunk [0x00007FFCAAD3E8D7+23]
	RtlUserThreadStart [0x00007FFCAC3F14FC+44]

[2025-04-24 21:11:17] Message: stale element reference: stale element not found in the current frame
  (Session info: chrome=135.0.7049.115); For documentation on this error, please visit: https://www.selenium.dev/documentation/webdriver/troubleshooting/errors#stale-element-reference-exception
Stacktrace:
	GetHandleVerifier [0x00007FF6492FEFA5+77893]
	GetHandleVerifier [0x00007FF6492FF000+77984]
	(No symbol) [0x00007FF6490C91BA]
	(No symbol) [0x00007FF6490D0AEC]
	(No symbol) [0x00007FF6490D3B5C]
	(No symbol) [0x00007FF6490D3C2F]
	(No symbol) [0x00007FF64911EA17]
	(No symbol) [0x00007FF64911F41C]
	(No symbol) [0x00007FF649111B1C]
	(No symbol) [0x00007FF64914716F]
	(No symbol) [0x00007FF6491119E6]
	(No symbol) [0x00007FF649147340]
	(No symbol) [0x00007FF64916F07F]
	(No symbol) [0x00007FF649146F03]
	(No symbol) [0x00007FF649110328]
	(No symbol) [0x00007FF649111093]
	GetHandleVerifier [0x00007FF6495B7B6D+2931725]
	GetHandleVerifier [0x00007FF6495B2132+2908626]
	GetHandleVerifier [0x00007FF6495D00F3+3031443]
	GetHandleVerifier [0x00007FF6493191EA+184970]
	GetHandleVerifier [0x00007FF64932086F+215311]
	GetHandleVerifier [0x00007FF649306EC4+110436]
	GetHandleVerifier [0x00007FF649307072+110866]
	GetHandleVerifier [0x00007FF6492ED479+5401]
	BaseThreadInitThunk [0x00007FFCAAD3E8D7+23]
	RtlUserThreadStart [0x00007FFCAC3F14FC+44]

[2025-04-24 21:11:17] Message: stale element reference: stale element not found in the current frame
  (Session info: chrome=135.0.7049.115); For documentation on this error, please visit: https://www.selenium.dev/documentation/webdriver/troubleshooting/errors#stale-element-reference-exception
Stacktrace:
	GetHandleVerifier [0x00007FF6492FEFA5+77893]
	GetHandleVerifier [0x00007FF6492FF000+77984]
	(No symbol) [0x00007FF6490C91BA]
	(No symbol) [0x00007FF6490D0AEC]
	(No symbol) [0x00007FF6490D3B5C]
	(No symbol) [0x00007FF6490D3C2F]
	(No symbol) [0x00007FF64911EA17]
	(No symbol) [0x00007FF64911F41C]
	(No symbol) [0x00007FF649111B1C]
	(No symbol) [0x00007FF64914716F]
	(No symbol) [0x00007FF6491119E6]
	(No symbol) [0x00007FF649147340]
	(No symbol) [0x00007FF64916F07F]
	(No symbol) [0x00007FF649146F03]
	(No symbol) [0x00007FF649110328]
	(No symbol) [0x00007FF649111093]
	GetHandleVerifier [0x00007FF6495B7B6D+2931725]
	GetHandleVerifier [0x00007FF6495B2132+2908626]
	GetHandleVerifier [0x00007FF6495D00F3+3031443]
	GetHandleVerifier [0x00007FF6493191EA+184970]
	GetHandleVerifier [0x00007FF64932086F+215311]
	GetHandleVerifier [0x00007FF649306EC4+110436]
	GetHandleVerifier [0x00007FF649307072+110866]
	GetHandleVerifier [0x00007FF6492ED479+5401]
	BaseThreadInitThunk [0x00007FFCAAD3E8D7+23]
	RtlUserThreadStart [0x00007FFCAC3F14FC+44]

[2025-04-24 21:11:17] Message: stale element reference: stale element not found in the current frame
  (Session info: chrome=135.0.7049.115); For documentation on this error, please visit: https://www.selenium.dev/documentation/webdriver/troubleshooting/errors#stale-element-reference-exception
Stacktrace:
	GetHandleVerifier [0x00007FF6492FEFA5+77893]
	GetHandleVerifier [0x00007FF6492FF000+77984]
	(No symbol) [0x00007FF6490C91BA]
	(No symbol) [0x00007FF6490D0AEC]
	(No symbol) [0x00007FF6490D3B5C]
	(No symbol) [0x00007FF6490D3C2F]
	(No symbol) [0x00007FF64911EA17]
	(No symbol) [0x00007FF64911F41C]
	(No symbol) [0x00007FF649111B1C]
	(No symbol) [0x00007FF64914716F]
	(No symbol) [0x00007FF6491119E6]
	(No symbol) [0x00007FF649147340]
	(No symbol) [0x00007FF64916F07F]
	(No symbol) [0x00007FF649146F03]
	(No symbol) [0x00007FF649110328]
	(No symbol) [0x00007FF649111093]
	GetHandleVerifier [0x00007FF6495B7B6D+2931725]
	GetHandleVerifier [0x00007FF6495B2132+2908626]
	GetHandleVerifier [0x00007FF6495D00F3+3031443]
	GetHandleVerifier [0x00007FF6493191EA+184970]
	GetHandleVerifier [0x00007FF64932086F+215311]
	GetHandleVerifier [0x00007FF649306EC4+110436]
	GetHandleVerifier [0x00007FF649307072+110866]
	GetHandleVerifier [0x00007FF6492ED479+5401]
	BaseThreadInitThunk [0x00007FFCAAD3E8D7+23]
	RtlUserThreadStart [0x00007FFCAC3F14FC+44]

[2025-04-24 21:11:17] Message: stale element reference: stale element not found in the current frame
  (Session info: chrome=135.0.7049.115); For documentation on this error, please visit: https://www.selenium.dev/documentation/webdriver/troubleshooting/errors#stale-element-reference-exception
Stacktrace:
	GetHandleVerifier [0x00007FF6492FEFA5+77893]
	GetHandleVerifier [0x00007FF6492FF000+77984]
	(No symbol) [0x00007FF6490C91BA]
	(No symbol) [0x00007FF6490D0AEC]
	(No symbol) [0x00007FF6490D3B5C]
	(No symbol) [0x00007FF6490D3C2F]
	(No symbol) [0x00007FF64911EA17]
	(No symbol) [0x00007FF64911F41C]
	(No symbol) [0x00007FF649111B1C]
	(No symbol) [0x00007FF64914716F]
	(No symbol) [0x00007FF6491119E6]
	(No symbol) [0x00007FF649147340]
	(No symbol) [0x00007FF64916F07F]
	(No symbol) [0x00007FF649146F03]
	(No symbol) [0x00007FF649110328]
	(No symbol) [0x00007FF649111093]
	GetHandleVerifier [0x00007FF6495B7B6D+2931725]
	GetHandleVerifier [0x00007FF6495B2132+2908626]
	GetHandleVerifier [0x00007FF6495D00F3+3031443]
	GetHandleVerifier [0x00007FF6493191EA+184970]
	GetHandleVerifier [0x00007FF64932086F+215311]
	GetHandleVerifier [0x00007FF649306EC4+110436]
	GetHandleVerifier [0x00007FF649307072+110866]
	GetHandleVerifier [0x00007FF6492ED479+5401]
	BaseThreadInitThunk [0x00007FFCAAD3E8D7+23]
	RtlUserThreadStart [0x00007FFCAC3F14FC+44]

[2025-04-24 21:11:17] Message: stale element reference: stale element not found in the current frame
  (Session info: chrome=135.0.7049.115); For documentation on this error, please visit: https://www.selenium.dev/documentation/webdriver/troubleshooting/errors#stale-element-reference-exception
Stacktrace:
	GetHandleVerifier [0x00007FF6492FEFA5+77893]
	GetHandleVerifier [0x00007FF6492FF000+77984]
	(No symbol) [0x00007FF6490C91BA]
	(No symbol) [0x00007FF6490D0AEC]
	(No symbol) [0x00007FF6490D3B5C]
	(No symbol) [0x00007FF6490D3C2F]
	(No symbol) [0x00007FF64911EA17]
	(No symbol) [0x00007FF64911F41C]
	(No symbol) [0x00007FF649111B1C]
	(No symbol) [0x00007FF64914716F]
	(No symbol) [0x00007FF6491119E6]
	(No symbol) [0x00007FF649147340]
	(No symbol) [0x00007FF64916F07F]
	(No symbol) [0x00007FF649146F03]
	(No symbol) [0x00007FF649110328]
	(No symbol) [0x00007FF649111093]
	GetHandleVerifier [0x00007FF6495B7B6D+2931725]
	GetHandleVerifier [0x00007FF6495B2132+2908626]
	GetHandleVerifier [0x00007FF6495D00F3+3031443]
	GetHandleVerifier [0x00007FF6493191EA+184970]
	GetHandleVerifier [0x00007FF64932086F+215311]
	GetHandleVerifier [0x00007FF649306EC4+110436]
	GetHandleVerifier [0x00007FF649307072+110866]
	GetHandleVerifier [0x00007FF6492ED479+5401]
	BaseThreadInitThunk [0x00007FFCAAD3E8D7+23]
	RtlUserThreadStart [0x00007FFCAC3F14FC+44]

[2025-04-24 21:11:17] Message: stale element reference: stale element not found in the current frame
  (Session info: chrome=135.0.7049.115); For documentation on this error, please visit: https://www.selenium.dev/documentation/webdriver/troubleshooting/errors#stale-element-reference-exception
Stacktrace:
	GetHandleVerifier [0x00007FF6492FEFA5+77893]
	GetHandleVerifier [0x00007FF6492FF000+77984]
	(No symbol) [0x00007FF6490C91BA]
	(No symbol) [0x00007FF6490D0AEC]
	(No symbol) [0x00007FF6490D3B5C]
	(No symbol) [0x00007FF6490D3C2F]
	(No symbol) [0x00007FF64911EA17]
	(No symbol) [0x00007FF64911F41C]
	(No symbol) [0x00007FF649111B1C]
	(No symbol) [0x00007FF64914716F]
	(No symbol) [0x00007FF6491119E6]
	(No symbol) [0x00007FF649147340]
	(No symbol) [0x00007FF64916F07F]
	(No symbol) [0x00007FF649146F03]
	(No symbol) [0x00007FF649110328]
	(No symbol) [0x00007FF649111093]
	GetHandleVerifier [0x00007FF6495B7B6D+2931725]
	GetHandleVerifier [0x00007FF6495B2132+2908626]
	GetHandleVerifier [0x00007FF6495D00F3+3031443]
	GetHandleVerifier [0x00007FF6493191EA+184970]
	GetHandleVerifier [0x00007FF64932086F+215311]
	GetHandleVerifier [0x00007FF649306EC4+110436]
	GetHandleVerifier [0x00007FF649307072+110866]
	GetHandleVerifier [0x00007FF6492ED479+5401]
	BaseThreadInitThunk [0x00007FFCAAD3E8D7+23]
	RtlUserThreadStart [0x00007FFCAC3F14FC+44]

[2025-04-24 21:11:17] Message: stale element reference: stale element not found in the current frame
  (Session info: chrome=135.0.7049.115); For documentation on this error, please visit: https://www.selenium.dev/documentation/webdriver/troubleshooting/errors#stale-element-reference-exception
Stacktrace:
	GetHandleVerifier [0x00007FF6492FEFA5+77893]
	GetHandleVerifier [0x00007FF6492FF000+77984]
	(No symbol) [0x00007FF6490C91BA]
	(No symbol) [0x00007FF6490D0AEC]
	(No symbol) [0x00007FF6490D3B5C]
	(No symbol) [0x00007FF6490D3C2F]
	(No symbol) [0x00007FF64911EA17]
	(No symbol) [0x00007FF64911F41C]
	(No symbol) [0x00007FF649111B1C]
	(No symbol) [0x00007FF64914716F]
	(No symbol) [0x00007FF6491119E6]
	(No symbol) [0x00007FF649147340]
	(No symbol) [0x00007FF64916F07F]
	(No symbol) [0x00007FF649146F03]
	(No symbol) [0x00007FF649110328]
	(No symbol) [0x00007FF649111093]
	GetHandleVerifier [0x00007FF6495B7B6D+2931725]
	GetHandleVerifier [0x00007FF6495B2132+2908626]
	GetHandleVerifier [0x00007FF6495D00F3+3031443]
	GetHandleVerifier [0x00007FF6493191EA+184970]
	GetHandleVerifier [0x00007FF64932086F+215311]
	GetHandleVerifier [0x00007FF649306EC4+110436]
	GetHandleVerifier [0x00007FF649307072+110866]
	GetHandleVerifier [0x00007FF6492ED479+5401]
	BaseThreadInitThunk [0x00007FFCAAD3E8D7+23]
	RtlUserThreadStart [0x00007FFCAC3F14FC+44]

[2025-04-24 21:11:17] Message: stale element reference: stale element not found in the current frame
  (Session info: chrome=135.0.7049.115); For documentation on this error, please visit: https://www.selenium.dev/documentation/webdriver/troubleshooting/errors#stale-element-reference-exception
Stacktrace:
	GetHandleVerifier [0x00007FF6492FEFA5+77893]
	GetHandleVerifier [0x00007FF6492FF000+77984]
	(No symbol) [0x00007FF6490C91BA]
	(No symbol) [0x00007FF6490D0AEC]
	(No symbol) [0x00007FF6490D3B5C]
	(No symbol) [0x00007FF6490D3C2F]
	(No symbol) [0x00007FF64911EA17]
	(No symbol) [0x00007FF64911F41C]
	(No symbol) [0x00007FF649111B1C]
	(No symbol) [0x00007FF64914716F]
	(No symbol) [0x00007FF6491119E6]
	(No symbol) [0x00007FF649147340]
	(No symbol) [0x00007FF64916F07F]
	(No symbol) [0x00007FF649146F03]
	(No symbol) [0x00007FF649110328]
	(No symbol) [0x00007FF649111093]
	GetHandleVerifier [0x00007FF6495B7B6D+2931725]
	GetHandleVerifier [0x00007FF6495B2132+2908626]
	GetHandleVerifier [0x00007FF6495D00F3+3031443]
	GetHandleVerifier [0x00007FF6493191EA+184970]
	GetHandleVerifier [0x00007FF64932086F+215311]
	GetHandleVerifier [0x00007FF649306EC4+110436]
	GetHandleVerifier [0x00007FF649307072+110866]
	GetHandleVerifier [0x00007FF6492ED479+5401]
	BaseThreadInitThunk [0x00007FFCAAD3E8D7+23]
	RtlUserThreadStart [0x00007FFCAC3F14FC+44]

[2025-04-24 21:11:17] Message: stale element reference: stale element not found in the current frame
  (Session info: chrome=135.0.7049.115); For documentation on this error, please visit: https://www.selenium.dev/documentation/webdriver/troubleshooting/errors#stale-element-reference-exception
Stacktrace:
	GetHandleVerifier [0x00007FF6492FEFA5+77893]
	GetHandleVerifier [0x00007FF6492FF000+77984]
	(No symbol) [0x00007FF6490C91BA]
	(No symbol) [0x00007FF6490D0AEC]
	(No symbol) [0x00007FF6490D3B5C]
	(No symbol) [0x00007FF6490D3C2F]
	(No symbol) [0x00007FF64911EA17]
	(No symbol) [0x00007FF64911F41C]
	(No symbol) [0x00007FF649111B1C]
	(No symbol) [0x00007FF64914716F]
	(No symbol) [0x00007FF6491119E6]
	(No symbol) [0x00007FF649147340]
	(No symbol) [0x00007FF64916F07F]
	(No symbol) [0x00007FF649146F03]
	(No symbol) [0x00007FF649110328]
	(No symbol) [0x00007FF649111093]
	GetHandleVerifier [0x00007FF6495B7B6D+2931725]
	GetHandleVerifier [0x00007FF6495B2132+2908626]
	GetHandleVerifier [0x00007FF6495D00F3+3031443]
	GetHandleVerifier [0x00007FF6493191EA+184970]
	GetHandleVerifier [0x00007FF64932086F+215311]
	GetHandleVerifier [0x00007FF649306EC4+110436]
	GetHandleVerifier [0x00007FF649307072+110866]
	GetHandleVerifier [0x00007FF6492ED479+5401]
	BaseThreadInitThunk [0x00007FFCAAD3E8D7+23]
	RtlUserThreadStart [0x00007FFCAC3F14FC+44]

[2025-04-24 21:11:17] Message: stale element reference: stale element not found in the current frame
  (Session info: chrome=135.0.7049.115); For documentation on this error, please visit: https://www.selenium.dev/documentation/webdriver/troubleshooting/errors#stale-element-reference-exception
Stacktrace:
	GetHandleVerifier [0x00007FF6492FEFA5+77893]
	GetHandleVerifier [0x00007FF6492FF000+77984]
	(No symbol) [0x00007FF6490C91BA]
	(No symbol) [0x00007FF6490D0AEC]
	(No symbol) [0x00007FF6490D3B5C]
	(No symbol) [0x00007FF6490D3C2F]
	(No symbol) [0x00007FF64911EA17]
	(No symbol) [0x00007FF64911F41C]
	(No symbol) [0x00007FF649111B1C]
	(No symbol) [0x00007FF64914716F]
	(No symbol) [0x00007FF6491119E6]
	(No symbol) [0x00007FF649147340]
	(No symbol) [0x00007FF64916F07F]
	(No symbol) [0x00007FF649146F03]
	(No symbol) [0x00007FF649110328]
	(No symbol) [0x00007FF649111093]
	GetHandleVerifier [0x00007FF6495B7B6D+2931725]
	GetHandleVerifier [0x00007FF6495B2132+2908626]
	GetHandleVerifier [0x00007FF6495D00F3+3031443]
	GetHandleVerifier [0x00007FF6493191EA+184970]
	GetHandleVerifier [0x00007FF64932086F+215311]
	GetHandleVerifier [0x00007FF649306EC4+110436]
	GetHandleVerifier [0x00007FF649307072+110866]
	GetHandleVerifier [0x00007FF6492ED479+5401]
	BaseThreadInitThunk [0x00007FFCAAD3E8D7+23]
	RtlUserThreadStart [0x00007FFCAC3F14FC+44]

[2025-04-24 21:11:17] Message: stale element reference: stale element not found in the current frame
  (Session info: chrome=135.0.7049.115); For documentation on this error, please visit: https://www.selenium.dev/documentation/webdriver/troubleshooting/errors#stale-element-reference-exception
Stacktrace:
	GetHandleVerifier [0x00007FF6492FEFA5+77893]
	GetHandleVerifier [0x00007FF6492FF000+77984]
	(No symbol) [0x00007FF6490C91BA]
	(No symbol) [0x00007FF6490D0AEC]
	(No symbol) [0x00007FF6490D3B5C]
	(No symbol) [0x00007FF6490D3C2F]
	(No symbol) [0x00007FF64911EA17]
	(No symbol) [0x00007FF64911F41C]
	(No symbol) [0x00007FF649111B1C]
	(No symbol) [0x00007FF64914716F]
	(No symbol) [0x00007FF6491119E6]
	(No symbol) [0x00007FF649147340]
	(No symbol) [0x00007FF64916F07F]
	(No symbol) [0x00007FF649146F03]
	(No symbol) [0x00007FF649110328]
	(No symbol) [0x00007FF649111093]
	GetHandleVerifier [0x00007FF6495B7B6D+2931725]
	GetHandleVerifier [0x00007FF6495B2132+2908626]
	GetHandleVerifier [0x00007FF6495D00F3+3031443]
	GetHandleVerifier [0x00007FF6493191EA+184970]
	GetHandleVerifier [0x00007FF64932086F+215311]
	GetHandleVerifier [0x00007FF649306EC4+110436]
	GetHandleVerifier [0x00007FF649307072+110866]
	GetHandleVerifier [0x00007FF6492ED479+5401]
	BaseThreadInitThunk [0x00007FFCAAD3E8D7+23]
	RtlUserThreadStart [0x00007FFCAC3F14FC+44]

[2025-04-24 21:11:17] Message: stale element reference: stale element not found in the current frame
  (Session info: chrome=135.0.7049.115); For documentation on this error, please visit: https://www.selenium.dev/documentation/webdriver/troubleshooting/errors#stale-element-reference-exception
Stacktrace:
	GetHandleVerifier [0x00007FF6492FEFA5+77893]
	GetHandleVerifier [0x00007FF6492FF000+77984]
	(No symbol) [0x00007FF6490C91BA]
	(No symbol) [0x00007FF6490D0AEC]
	(No symbol) [0x00007FF6490D3B5C]
	(No symbol) [0x00007FF6490D3C2F]
	(No symbol) [0x00007FF64911EA17]
	(No symbol) [0x00007FF64911F41C]
	(No symbol) [0x00007FF649111B1C]
	(No symbol) [0x00007FF64914716F]
	(No symbol) [0x00007FF6491119E6]
	(No symbol) [0x00007FF649147340]
	(No symbol) [0x00007FF64916F07F]
	(No symbol) [0x00007FF649146F03]
	(No symbol) [0x00007FF649110328]
	(No symbol) [0x00007FF649111093]
	GetHandleVerifier [0x00007FF6495B7B6D+2931725]
	GetHandleVerifier [0x00007FF6495B2132+2908626]
	GetHandleVerifier [0x00007FF6495D00F3+3031443]
	GetHandleVerifier [0x00007FF6493191EA+184970]
	GetHandleVerifier [0x00007FF64932086F+215311]
	GetHandleVerifier [0x00007FF649306EC4+110436]
	GetHandleVerifier [0x00007FF649307072+110866]
	GetHandleVerifier [0x00007FF6492ED479+5401]
	BaseThreadInitThunk [0x00007FFCAAD3E8D7+23]
	RtlUserThreadStart [0x00007FFCAC3F14FC+44]

[2025-04-24 21:11:17] Message: stale element reference: stale element not found in the current frame
  (Session info: chrome=135.0.7049.115); For documentation on this error, please visit: https://www.selenium.dev/documentation/webdriver/troubleshooting/errors#stale-element-reference-exception
Stacktrace:
	GetHandleVerifier [0x00007FF6492FEFA5+77893]
	GetHandleVerifier [0x00007FF6492FF000+77984]
	(No symbol) [0x00007FF6490C91BA]
	(No symbol) [0x00007FF6490D0AEC]
	(No symbol) [0x00007FF6490D3B5C]
	(No symbol) [0x00007FF6490D3C2F]
	(No symbol) [0x00007FF64911EA17]
	(No symbol) [0x00007FF64911F41C]
	(No symbol) [0x00007FF649111B1C]
	(No symbol) [0x00007FF64914716F]
	(No symbol) [0x00007FF6491119E6]
	(No symbol) [0x00007FF649147340]
	(No symbol) [0x00007FF64916F07F]
	(No symbol) [0x00007FF649146F03]
	(No symbol) [0x00007FF649110328]
	(No symbol) [0x00007FF649111093]
	GetHandleVerifier [0x00007FF6495B7B6D+2931725]
	GetHandleVerifier [0x00007FF6495B2132+2908626]
	GetHandleVerifier [0x00007FF6495D00F3+3031443]
	GetHandleVerifier [0x00007FF6493191EA+184970]
	GetHandleVerifier [0x00007FF64932086F+215311]
	GetHandleVerifier [0x00007FF649306EC4+110436]
	GetHandleVerifier [0x00007FF649307072+110866]
	GetHandleVerifier [0x00007FF6492ED479+5401]
	BaseThreadInitThunk [0x00007FFCAAD3E8D7+23]
	RtlUserThreadStart [0x00007FFCAC3F14FC+44]

[2025-04-24 21:11:17] Message: stale element reference: stale element not found in the current frame
  (Session info: chrome=135.0.7049.115); For documentation on this error, please visit: https://www.selenium.dev/documentation/webdriver/troubleshooting/errors#stale-element-reference-exception
Stacktrace:
	GetHandleVerifier [0x00007FF6492FEFA5+77893]
	GetHandleVerifier [0x00007FF6492FF000+77984]
	(No symbol) [0x00007FF6490C91BA]
	(No symbol) [0x00007FF6490D0AEC]
	(No symbol) [0x00007FF6490D3B5C]
	(No symbol) [0x00007FF6490D3C2F]
	(No symbol) [0x00007FF64911EA17]
	(No symbol) [0x00007FF64911F41C]
	(No symbol) [0x00007FF649111B1C]
	(No symbol) [0x00007FF64914716F]
	(No symbol) [0x00007FF6491119E6]
	(No symbol) [0x00007FF649147340]
	(No symbol) [0x00007FF64916F07F]
	(No symbol) [0x00007FF649146F03]
	(No symbol) [0x00007FF649110328]
	(No symbol) [0x00007FF649111093]
	GetHandleVerifier [0x00007FF6495B7B6D+2931725]
	GetHandleVerifier [0x00007FF6495B2132+2908626]
	GetHandleVerifier [0x00007FF6495D00F3+3031443]
	GetHandleVerifier [0x00007FF6493191EA+184970]
	GetHandleVerifier [0x00007FF64932086F+215311]
	GetHandleVerifier [0x00007FF649306EC4+110436]
	GetHandleVerifier [0x00007FF649307072+110866]
	GetHandleVerifier [0x00007FF6492ED479+5401]
	BaseThreadInitThunk [0x00007FFCAAD3E8D7+23]
	RtlUserThreadStart [0x00007FFCAC3F14FC+44]

[2025-04-24 21:11:17] Message: stale element reference: stale element not found in the current frame
  (Session info: chrome=135.0.7049.115); For documentation on this error, please visit: https://www.selenium.dev/documentation/webdriver/troubleshooting/errors#stale-element-reference-exception
Stacktrace:
	GetHandleVerifier [0x00007FF6492FEFA5+77893]
	GetHandleVerifier [0x00007FF6492FF000+77984]
	(No symbol) [0x00007FF6490C91BA]
	(No symbol) [0x00007FF6490D0AEC]
	(No symbol) [0x00007FF6490D3B5C]
	(No symbol) [0x00007FF6490D3C2F]
	(No symbol) [0x00007FF64911EA17]
	(No symbol) [0x00007FF64911F41C]
	(No symbol) [0x00007FF649111B1C]
	(No symbol) [0x00007FF64914716F]
	(No symbol) [0x00007FF6491119E6]
	(No symbol) [0x00007FF649147340]
	(No symbol) [0x00007FF64916F07F]
	(No symbol) [0x00007FF649146F03]
	(No symbol) [0x00007FF649110328]
	(No symbol) [0x00007FF649111093]
	GetHandleVerifier [0x00007FF6495B7B6D+2931725]
	GetHandleVerifier [0x00007FF6495B2132+2908626]
	GetHandleVerifier [0x00007FF6495D00F3+3031443]
	GetHandleVerifier [0x00007FF6493191EA+184970]
	GetHandleVerifier [0x00007FF64932086F+215311]
	GetHandleVerifier [0x00007FF649306EC4+110436]
	GetHandleVerifier [0x00007FF649307072+110866]
	GetHandleVerifier [0x00007FF6492ED479+5401]
	BaseThreadInitThunk [0x00007FFCAAD3E8D7+23]
	RtlUserThreadStart [0x00007FFCAC3F14FC+44]

[2025-04-24 21:11:17] Message: stale element reference: stale element not found in the current frame
  (Session info: chrome=135.0.7049.115); For documentation on this error, please visit: https://www.selenium.dev/documentation/webdriver/troubleshooting/errors#stale-element-reference-exception
Stacktrace:
	GetHandleVerifier [0x00007FF6492FEFA5+77893]
	GetHandleVerifier [0x00007FF6492FF000+77984]
	(No symbol) [0x00007FF6490C91BA]
	(No symbol) [0x00007FF6490D0AEC]
	(No symbol) [0x00007FF6490D3B5C]
	(No symbol) [0x00007FF6490D3C2F]
	(No symbol) [0x00007FF64911EA17]
	(No symbol) [0x00007FF64911F41C]
	(No symbol) [0x00007FF649111B1C]
	(No symbol) [0x00007FF64914716F]
	(No symbol) [0x00007FF6491119E6]
	(No symbol) [0x00007FF649147340]
	(No symbol) [0x00007FF64916F07F]
	(No symbol) [0x00007FF649146F03]
	(No symbol) [0x00007FF649110328]
	(No symbol) [0x00007FF649111093]
	GetHandleVerifier [0x00007FF6495B7B6D+2931725]
	GetHandleVerifier [0x00007FF6495B2132+2908626]
	GetHandleVerifier [0x00007FF6495D00F3+3031443]
	GetHandleVerifier [0x00007FF6493191EA+184970]
	GetHandleVerifier [0x00007FF64932086F+215311]
	GetHandleVerifier [0x00007FF649306EC4+110436]
	GetHandleVerifier [0x00007FF649307072+110866]
	GetHandleVerifier [0x00007FF6492ED479+5401]
	BaseThreadInitThunk [0x00007FFCAAD3E8D7+23]
	RtlUserThreadStart [0x00007FFCAC3F14FC+44]

[2025-04-24 21:11:17] Message: stale element reference: stale element not found in the current frame
  (Session info: chrome=135.0.7049.115); For documentation on this error, please visit: https://www.selenium.dev/documentation/webdriver/troubleshooting/errors#stale-element-reference-exception
Stacktrace:
	GetHandleVerifier [0x00007FF6492FEFA5+77893]
	GetHandleVerifier [0x00007FF6492FF000+77984]
	(No symbol) [0x00007FF6490C91BA]
	(No symbol) [0x00007FF6490D0AEC]
	(No symbol) [0x00007FF6490D3B5C]
	(No symbol) [0x00007FF6490D3C2F]
	(No symbol) [0x00007FF64911EA17]
	(No symbol) [0x00007FF64911F41C]
	(No symbol) [0x00007FF649111B1C]
	(No symbol) [0x00007FF64914716F]
	(No symbol) [0x00007FF6491119E6]
	(No symbol) [0x00007FF649147340]
	(No symbol) [0x00007FF64916F07F]
	(No symbol) [0x00007FF649146F03]
	(No symbol) [0x00007FF649110328]
	(No symbol) [0x00007FF649111093]
	GetHandleVerifier [0x00007FF6495B7B6D+2931725]
	GetHandleVerifier [0x00007FF6495B2132+2908626]
	GetHandleVerifier [0x00007FF6495D00F3+3031443]
	GetHandleVerifier [0x00007FF6493191EA+184970]
	GetHandleVerifier [0x00007FF64932086F+215311]
	GetHandleVerifier [0x00007FF649306EC4+110436]
	GetHandleVerifier [0x00007FF649307072+110866]
	GetHandleVerifier [0x00007FF6492ED479+5401]
	BaseThreadInitThunk [0x00007FFCAAD3E8D7+23]
	RtlUserThreadStart [0x00007FFCAC3F14FC+44]

[2025-04-24 21:14:55] Message: stale element reference: stale element not found in the current frame
  (Session info: chrome=135.0.7049.115); For documentation on this error, please visit: https://www.selenium.dev/documentation/webdriver/troubleshooting/errors#stale-element-reference-exception
Stacktrace:
	GetHandleVerifier [0x00007FF6492FEFA5+77893]
	GetHandleVerifier [0x00007FF6492FF000+77984]
	(No symbol) [0x00007FF6490C91BA]
	(No symbol) [0x00007FF6490D0AEC]
	(No symbol) [0x00007FF6490D3B5C]
	(No symbol) [0x00007FF6490D3C2F]
	(No symbol) [0x00007FF649118D86]
	(No symbol) [0x00007FF64914712A]
	(No symbol) [0x00007FF6491119E6]
	(No symbol) [0x00007FF649147340]
	(No symbol) [0x00007FF64916F07F]
	(No symbol) [0x00007FF649146F03]
	(No symbol) [0x00007FF649110328]
	(No symbol) [0x00007FF649111093]
	GetHandleVerifier [0x00007FF6495B7B6D+2931725]
	GetHandleVerifier [0x00007FF6495B2132+2908626]
	GetHandleVerifier [0x00007FF6495D00F3+3031443]
	GetHandleVerifier [0x00007FF6493191EA+184970]
	GetHandleVerifier [0x00007FF64932086F+215311]
	GetHandleVerifier [0x00007FF649306EC4+110436]
	GetHandleVerifier [0x00007FF649307072+110866]
	GetHandleVerifier [0x00007FF6492ED479+5401]
	BaseThreadInitThunk [0x00007FFCAAD3E8D7+23]
	RtlUserThreadStart [0x00007FFCAC3F14FC+44]

[2025-04-24 21:14:55] Message: stale element reference: stale element not found in the current frame
  (Session info: chrome=135.0.7049.115); For documentation on this error, please visit: https://www.selenium.dev/documentation/webdriver/troubleshooting/errors#stale-element-reference-exception
Stacktrace:
	GetHandleVerifier [0x00007FF6492FEFA5+77893]
	GetHandleVerifier [0x00007FF6492FF000+77984]
	(No symbol) [0x00007FF6490C91BA]
	(No symbol) [0x00007FF6490D0AEC]
	(No symbol) [0x00007FF6490D3B5C]
	(No symbol) [0x00007FF6490D3C2F]
	(No symbol) [0x00007FF64911EA17]
	(No symbol) [0x00007FF64911F41C]
	(No symbol) [0x00007FF649111B1C]
	(No symbol) [0x00007FF64914716F]
	(No symbol) [0x00007FF6491119E6]
	(No symbol) [0x00007FF649147340]
	(No symbol) [0x00007FF64916F07F]
	(No symbol) [0x00007FF649146F03]
	(No symbol) [0x00007FF649110328]
	(No symbol) [0x00007FF649111093]
	GetHandleVerifier [0x00007FF6495B7B6D+2931725]
	GetHandleVerifier [0x00007FF6495B2132+2908626]
	GetHandleVerifier [0x00007FF6495D00F3+3031443]
	GetHandleVerifier [0x00007FF6493191EA+184970]
	GetHandleVerifier [0x00007FF64932086F+215311]
	GetHandleVerifier [0x00007FF649306EC4+110436]
	GetHandleVerifier [0x00007FF649307072+110866]
	GetHandleVerifier [0x00007FF6492ED479+5401]
	BaseThreadInitThunk [0x00007FFCAAD3E8D7+23]
	RtlUserThreadStart [0x00007FFCAC3F14FC+44]

[2025-04-24 21:14:55] Message: stale element reference: stale element not found in the current frame
  (Session info: chrome=135.0.7049.115); For documentation on this error, please visit: https://www.selenium.dev/documentation/webdriver/troubleshooting/errors#stale-element-reference-exception
Stacktrace:
	GetHandleVerifier [0x00007FF6492FEFA5+77893]
	GetHandleVerifier [0x00007FF6492FF000+77984]
	(No symbol) [0x00007FF6490C91BA]
	(No symbol) [0x00007FF6490D0AEC]
	(No symbol) [0x00007FF6490D3B5C]
	(No symbol) [0x00007FF6490D3C2F]
	(No symbol) [0x00007FF64911EA17]
	(No symbol) [0x00007FF64911F41C]
	(No symbol) [0x00007FF649111B1C]
	(No symbol) [0x00007FF64914716F]
	(No symbol) [0x00007FF6491119E6]
	(No symbol) [0x00007FF649147340]
	(No symbol) [0x00007FF64916F07F]
	(No symbol) [0x00007FF649146F03]
	(No symbol) [0x00007FF649110328]
	(No symbol) [0x00007FF649111093]
	GetHandleVerifier [0x00007FF6495B7B6D+2931725]
	GetHandleVerifier [0x00007FF6495B2132+2908626]
	GetHandleVerifier [0x00007FF6495D00F3+3031443]
	GetHandleVerifier [0x00007FF6493191EA+184970]
	GetHandleVerifier [0x00007FF64932086F+215311]
	GetHandleVerifier [0x00007FF649306EC4+110436]
	GetHandleVerifier [0x00007FF649307072+110866]
	GetHandleVerifier [0x00007FF6492ED479+5401]
	BaseThreadInitThunk [0x00007FFCAAD3E8D7+23]
	RtlUserThreadStart [0x00007FFCAC3F14FC+44]

[2025-04-24 21:14:55] Message: stale element reference: stale element not found in the current frame
  (Session info: chrome=135.0.7049.115); For documentation on this error, please visit: https://www.selenium.dev/documentation/webdriver/troubleshooting/errors#stale-element-reference-exception
Stacktrace:
	GetHandleVerifier [0x00007FF6492FEFA5+77893]
	GetHandleVerifier [0x00007FF6492FF000+77984]
	(No symbol) [0x00007FF6490C91BA]
	(No symbol) [0x00007FF6490D0AEC]
	(No symbol) [0x00007FF6490D3B5C]
	(No symbol) [0x00007FF6490D3C2F]
	(No symbol) [0x00007FF64911EA17]
	(No symbol) [0x00007FF64911F41C]
	(No symbol) [0x00007FF649111B1C]
	(No symbol) [0x00007FF64914716F]
	(No symbol) [0x00007FF6491119E6]
	(No symbol) [0x00007FF649147340]
	(No symbol) [0x00007FF64916F07F]
	(No symbol) [0x00007FF649146F03]
	(No symbol) [0x00007FF649110328]
	(No symbol) [0x00007FF649111093]
	GetHandleVerifier [0x00007FF6495B7B6D+2931725]
	GetHandleVerifier [0x00007FF6495B2132+2908626]
	GetHandleVerifier [0x00007FF6495D00F3+3031443]
	GetHandleVerifier [0x00007FF6493191EA+184970]
	GetHandleVerifier [0x00007FF64932086F+215311]
	GetHandleVerifier [0x00007FF649306EC4+110436]
	GetHandleVerifier [0x00007FF649307072+110866]
	GetHandleVerifier [0x00007FF6492ED479+5401]
	BaseThreadInitThunk [0x00007FFCAAD3E8D7+23]
	RtlUserThreadStart [0x00007FFCAC3F14FC+44]

[2025-04-24 21:14:55] Message: stale element reference: stale element not found in the current frame
  (Session info: chrome=135.0.7049.115); For documentation on this error, please visit: https://www.selenium.dev/documentation/webdriver/troubleshooting/errors#stale-element-reference-exception
Stacktrace:
	GetHandleVerifier [0x00007FF6492FEFA5+77893]
	GetHandleVerifier [0x00007FF6492FF000+77984]
	(No symbol) [0x00007FF6490C91BA]
	(No symbol) [0x00007FF6490D0AEC]
	(No symbol) [0x00007FF6490D3B5C]
	(No symbol) [0x00007FF6490D3C2F]
	(No symbol) [0x00007FF64911EA17]
	(No symbol) [0x00007FF64911F41C]
	(No symbol) [0x00007FF649111B1C]
	(No symbol) [0x00007FF64914716F]
	(No symbol) [0x00007FF6491119E6]
	(No symbol) [0x00007FF649147340]
	(No symbol) [0x00007FF64916F07F]
	(No symbol) [0x00007FF649146F03]
	(No symbol) [0x00007FF649110328]
	(No symbol) [0x00007FF649111093]
	GetHandleVerifier [0x00007FF6495B7B6D+2931725]
	GetHandleVerifier [0x00007FF6495B2132+2908626]
	GetHandleVerifier [0x00007FF6495D00F3+3031443]
	GetHandleVerifier [0x00007FF6493191EA+184970]
	GetHandleVerifier [0x00007FF64932086F+215311]
	GetHandleVerifier [0x00007FF649306EC4+110436]
	GetHandleVerifier [0x00007FF649307072+110866]
	GetHandleVerifier [0x00007FF6492ED479+5401]
	BaseThreadInitThunk [0x00007FFCAAD3E8D7+23]
	RtlUserThreadStart [0x00007FFCAC3F14FC+44]

[2025-04-24 21:14:55] Message: stale element reference: stale element not found in the current frame
  (Session info: chrome=135.0.7049.115); For documentation on this error, please visit: https://www.selenium.dev/documentation/webdriver/troubleshooting/errors#stale-element-reference-exception
Stacktrace:
	GetHandleVerifier [0x00007FF6492FEFA5+77893]
	GetHandleVerifier [0x00007FF6492FF000+77984]
	(No symbol) [0x00007FF6490C91BA]
	(No symbol) [0x00007FF6490D0AEC]
	(No symbol) [0x00007FF6490D3B5C]
	(No symbol) [0x00007FF6490D3C2F]
	(No symbol) [0x00007FF64911EA17]
	(No symbol) [0x00007FF64911F41C]
	(No symbol) [0x00007FF649111B1C]
	(No symbol) [0x00007FF64914716F]
	(No symbol) [0x00007FF6491119E6]
	(No symbol) [0x00007FF649147340]
	(No symbol) [0x00007FF64916F07F]
	(No symbol) [0x00007FF649146F03]
	(No symbol) [0x00007FF649110328]
	(No symbol) [0x00007FF649111093]
	GetHandleVerifier [0x00007FF6495B7B6D+2931725]
	GetHandleVerifier [0x00007FF6495B2132+2908626]
	GetHandleVerifier [0x00007FF6495D00F3+3031443]
	GetHandleVerifier [0x00007FF6493191EA+184970]
	GetHandleVerifier [0x00007FF64932086F+215311]
	GetHandleVerifier [0x00007FF649306EC4+110436]
	GetHandleVerifier [0x00007FF649307072+110866]
	GetHandleVerifier [0x00007FF6492ED479+5401]
	BaseThreadInitThunk [0x00007FFCAAD3E8D7+23]
	RtlUserThreadStart [0x00007FFCAC3F14FC+44]

[2025-04-24 21:14:55] Message: stale element reference: stale element not found in the current frame
  (Session info: chrome=135.0.7049.115); For documentation on this error, please visit: https://www.selenium.dev/documentation/webdriver/troubleshooting/errors#stale-element-reference-exception
Stacktrace:
	GetHandleVerifier [0x00007FF6492FEFA5+77893]
	GetHandleVerifier [0x00007FF6492FF000+77984]
	(No symbol) [0x00007FF6490C91BA]
	(No symbol) [0x00007FF6490D0AEC]
	(No symbol) [0x00007FF6490D3B5C]
	(No symbol) [0x00007FF6490D3C2F]
	(No symbol) [0x00007FF64911EA17]
	(No symbol) [0x00007FF64911F41C]
	(No symbol) [0x00007FF649111B1C]
	(No symbol) [0x00007FF64914716F]
	(No symbol) [0x00007FF6491119E6]
	(No symbol) [0x00007FF649147340]
	(No symbol) [0x00007FF64916F07F]
	(No symbol) [0x00007FF649146F03]
	(No symbol) [0x00007FF649110328]
	(No symbol) [0x00007FF649111093]
	GetHandleVerifier [0x00007FF6495B7B6D+2931725]
	GetHandleVerifier [0x00007FF6495B2132+2908626]
	GetHandleVerifier [0x00007FF6495D00F3+3031443]
	GetHandleVerifier [0x00007FF6493191EA+184970]
	GetHandleVerifier [0x00007FF64932086F+215311]
	GetHandleVerifier [0x00007FF649306EC4+110436]
	GetHandleVerifier [0x00007FF649307072+110866]
	GetHandleVerifier [0x00007FF6492ED479+5401]
	BaseThreadInitThunk [0x00007FFCAAD3E8D7+23]
	RtlUserThreadStart [0x00007FFCAC3F14FC+44]

[2025-04-24 21:14:55] Message: stale element reference: stale element not found in the current frame
  (Session info: chrome=135.0.7049.115); For documentation on this error, please visit: https://www.selenium.dev/documentation/webdriver/troubleshooting/errors#stale-element-reference-exception
Stacktrace:
	GetHandleVerifier [0x00007FF6492FEFA5+77893]
	GetHandleVerifier [0x00007FF6492FF000+77984]
	(No symbol) [0x00007FF6490C91BA]
	(No symbol) [0x00007FF6490D0AEC]
	(No symbol) [0x00007FF6490D3B5C]
	(No symbol) [0x00007FF6490D3C2F]
	(No symbol) [0x00007FF64911EA17]
	(No symbol) [0x00007FF64911F41C]
	(No symbol) [0x00007FF649111B1C]
	(No symbol) [0x00007FF64914716F]
	(No symbol) [0x00007FF6491119E6]
	(No symbol) [0x00007FF649147340]
	(No symbol) [0x00007FF64916F07F]
	(No symbol) [0x00007FF649146F03]
	(No symbol) [0x00007FF649110328]
	(No symbol) [0x00007FF649111093]
	GetHandleVerifier [0x00007FF6495B7B6D+2931725]
	GetHandleVerifier [0x00007FF6495B2132+2908626]
	GetHandleVerifier [0x00007FF6495D00F3+3031443]
	GetHandleVerifier [0x00007FF6493191EA+184970]
	GetHandleVerifier [0x00007FF64932086F+215311]
	GetHandleVerifier [0x00007FF649306EC4+110436]
	GetHandleVerifier [0x00007FF649307072+110866]
	GetHandleVerifier [0x00007FF6492ED479+5401]
	BaseThreadInitThunk [0x00007FFCAAD3E8D7+23]
	RtlUserThreadStart [0x00007FFCAC3F14FC+44]

[2025-04-24 21:14:55] Message: stale element reference: stale element not found in the current frame
  (Session info: chrome=135.0.7049.115); For documentation on this error, please visit: https://www.selenium.dev/documentation/webdriver/troubleshooting/errors#stale-element-reference-exception
Stacktrace:
	GetHandleVerifier [0x00007FF6492FEFA5+77893]
	GetHandleVerifier [0x00007FF6492FF000+77984]
	(No symbol) [0x00007FF6490C91BA]
	(No symbol) [0x00007FF6490D0AEC]
	(No symbol) [0x00007FF6490D3B5C]
	(No symbol) [0x00007FF6490D3C2F]
	(No symbol) [0x00007FF64911EA17]
	(No symbol) [0x00007FF64911F41C]
	(No symbol) [0x00007FF649111B1C]
	(No symbol) [0x00007FF64914716F]
	(No symbol) [0x00007FF6491119E6]
	(No symbol) [0x00007FF649147340]
	(No symbol) [0x00007FF64916F07F]
	(No symbol) [0x00007FF649146F03]
	(No symbol) [0x00007FF649110328]
	(No symbol) [0x00007FF649111093]
	GetHandleVerifier [0x00007FF6495B7B6D+2931725]
	GetHandleVerifier [0x00007FF6495B2132+2908626]
	GetHandleVerifier [0x00007FF6495D00F3+3031443]
	GetHandleVerifier [0x00007FF6493191EA+184970]
	GetHandleVerifier [0x00007FF64932086F+215311]
	GetHandleVerifier [0x00007FF649306EC4+110436]
	GetHandleVerifier [0x00007FF649307072+110866]
	GetHandleVerifier [0x00007FF6492ED479+5401]
	BaseThreadInitThunk [0x00007FFCAAD3E8D7+23]
	RtlUserThreadStart [0x00007FFCAC3F14FC+44]

[2025-04-24 21:14:55] Message: stale element reference: stale element not found in the current frame
  (Session info: chrome=135.0.7049.115); For documentation on this error, please visit: https://www.selenium.dev/documentation/webdriver/troubleshooting/errors#stale-element-reference-exception
Stacktrace:
	GetHandleVerifier [0x00007FF6492FEFA5+77893]
	GetHandleVerifier [0x00007FF6492FF000+77984]
	(No symbol) [0x00007FF6490C91BA]
	(No symbol) [0x00007FF6490D0AEC]
	(No symbol) [0x00007FF6490D3B5C]
	(No symbol) [0x00007FF6490D3C2F]
	(No symbol) [0x00007FF64911EA17]
	(No symbol) [0x00007FF64911F41C]
	(No symbol) [0x00007FF649111B1C]
	(No symbol) [0x00007FF64914716F]
	(No symbol) [0x00007FF6491119E6]
	(No symbol) [0x00007FF649147340]
	(No symbol) [0x00007FF64916F07F]
	(No symbol) [0x00007FF649146F03]
	(No symbol) [0x00007FF649110328]
	(No symbol) [0x00007FF649111093]
	GetHandleVerifier [0x00007FF6495B7B6D+2931725]
	GetHandleVerifier [0x00007FF6495B2132+2908626]
	GetHandleVerifier [0x00007FF6495D00F3+3031443]
	GetHandleVerifier [0x00007FF6493191EA+184970]
	GetHandleVerifier [0x00007FF64932086F+215311]
	GetHandleVerifier [0x00007FF649306EC4+110436]
	GetHandleVerifier [0x00007FF649307072+110866]
	GetHandleVerifier [0x00007FF6492ED479+5401]
	BaseThreadInitThunk [0x00007FFCAAD3E8D7+23]
	RtlUserThreadStart [0x00007FFCAC3F14FC+44]

[2025-04-24 21:14:55] Message: stale element reference: stale element not found in the current frame
  (Session info: chrome=135.0.7049.115); For documentation on this error, please visit: https://www.selenium.dev/documentation/webdriver/troubleshooting/errors#stale-element-reference-exception
Stacktrace:
	GetHandleVerifier [0x00007FF6492FEFA5+77893]
	GetHandleVerifier [0x00007FF6492FF000+77984]
	(No symbol) [0x00007FF6490C91BA]
	(No symbol) [0x00007FF6490D0AEC]
	(No symbol) [0x00007FF6490D3B5C]
	(No symbol) [0x00007FF6490D3C2F]
	(No symbol) [0x00007FF64911EA17]
	(No symbol) [0x00007FF64911F41C]
	(No symbol) [0x00007FF649111B1C]
	(No symbol) [0x00007FF64914716F]
	(No symbol) [0x00007FF6491119E6]
	(No symbol) [0x00007FF649147340]
	(No symbol) [0x00007FF64916F07F]
	(No symbol) [0x00007FF649146F03]
	(No symbol) [0x00007FF649110328]
	(No symbol) [0x00007FF649111093]
	GetHandleVerifier [0x00007FF6495B7B6D+2931725]
	GetHandleVerifier [0x00007FF6495B2132+2908626]
	GetHandleVerifier [0x00007FF6495D00F3+3031443]
	GetHandleVerifier [0x00007FF6493191EA+184970]
	GetHandleVerifier [0x00007FF64932086F+215311]
	GetHandleVerifier [0x00007FF649306EC4+110436]
	GetHandleVerifier [0x00007FF649307072+110866]
	GetHandleVerifier [0x00007FF6492ED479+5401]
	BaseThreadInitThunk [0x00007FFCAAD3E8D7+23]
	RtlUserThreadStart [0x00007FFCAC3F14FC+44]

[2025-04-24 21:14:55] Message: stale element reference: stale element not found in the current frame
  (Session info: chrome=135.0.7049.115); For documentation on this error, please visit: https://www.selenium.dev/documentation/webdriver/troubleshooting/errors#stale-element-reference-exception
Stacktrace:
	GetHandleVerifier [0x00007FF6492FEFA5+77893]
	GetHandleVerifier [0x00007FF6492FF000+77984]
	(No symbol) [0x00007FF6490C91BA]
	(No symbol) [0x00007FF6490D0AEC]
	(No symbol) [0x00007FF6490D3B5C]
	(No symbol) [0x00007FF6490D3C2F]
	(No symbol) [0x00007FF64911EA17]
	(No symbol) [0x00007FF64911F41C]
	(No symbol) [0x00007FF649111B1C]
	(No symbol) [0x00007FF64914716F]
	(No symbol) [0x00007FF6491119E6]
	(No symbol) [0x00007FF649147340]
	(No symbol) [0x00007FF64916F07F]
	(No symbol) [0x00007FF649146F03]
	(No symbol) [0x00007FF649110328]
	(No symbol) [0x00007FF649111093]
	GetHandleVerifier [0x00007FF6495B7B6D+2931725]
	GetHandleVerifier [0x00007FF6495B2132+2908626]
	GetHandleVerifier [0x00007FF6495D00F3+3031443]
	GetHandleVerifier [0x00007FF6493191EA+184970]
	GetHandleVerifier [0x00007FF64932086F+215311]
	GetHandleVerifier [0x00007FF649306EC4+110436]
	GetHandleVerifier [0x00007FF649307072+110866]
	GetHandleVerifier [0x00007FF6492ED479+5401]
	BaseThreadInitThunk [0x00007FFCAAD3E8D7+23]
	RtlUserThreadStart [0x00007FFCAC3F14FC+44]

[2025-04-24 21:14:55] Message: stale element reference: stale element not found in the current frame
  (Session info: chrome=135.0.7049.115); For documentation on this error, please visit: https://www.selenium.dev/documentation/webdriver/troubleshooting/errors#stale-element-reference-exception
Stacktrace:
	GetHandleVerifier [0x00007FF6492FEFA5+77893]
	GetHandleVerifier [0x00007FF6492FF000+77984]
	(No symbol) [0x00007FF6490C91BA]
	(No symbol) [0x00007FF6490D0AEC]
	(No symbol) [0x00007FF6490D3B5C]
	(No symbol) [0x00007FF6490D3C2F]
	(No symbol) [0x00007FF64911EA17]
	(No symbol) [0x00007FF64911F41C]
	(No symbol) [0x00007FF649111B1C]
	(No symbol) [0x00007FF64914716F]
	(No symbol) [0x00007FF6491119E6]
	(No symbol) [0x00007FF649147340]
	(No symbol) [0x00007FF64916F07F]
	(No symbol) [0x00007FF649146F03]
	(No symbol) [0x00007FF649110328]
	(No symbol) [0x00007FF649111093]
	GetHandleVerifier [0x00007FF6495B7B6D+2931725]
	GetHandleVerifier [0x00007FF6495B2132+2908626]
	GetHandleVerifier [0x00007FF6495D00F3+3031443]
	GetHandleVerifier [0x00007FF6493191EA+184970]
	GetHandleVerifier [0x00007FF64932086F+215311]
	GetHandleVerifier [0x00007FF649306EC4+110436]
	GetHandleVerifier [0x00007FF649307072+110866]
	GetHandleVerifier [0x00007FF6492ED479+5401]
	BaseThreadInitThunk [0x00007FFCAAD3E8D7+23]
	RtlUserThreadStart [0x00007FFCAC3F14FC+44]

[2025-04-24 21:14:55] Message: stale element reference: stale element not found in the current frame
  (Session info: chrome=135.0.7049.115); For documentation on this error, please visit: https://www.selenium.dev/documentation/webdriver/troubleshooting/errors#stale-element-reference-exception
Stacktrace:
	GetHandleVerifier [0x00007FF6492FEFA5+77893]
	GetHandleVerifier [0x00007FF6492FF000+77984]
	(No symbol) [0x00007FF6490C91BA]
	(No symbol) [0x00007FF6490D0AEC]
	(No symbol) [0x00007FF6490D3B5C]
	(No symbol) [0x00007FF6490D3C2F]
	(No symbol) [0x00007FF64911EA17]
	(No symbol) [0x00007FF64911F41C]
	(No symbol) [0x00007FF649111B1C]
	(No symbol) [0x00007FF64914716F]
	(No symbol) [0x00007FF6491119E6]
	(No symbol) [0x00007FF649147340]
	(No symbol) [0x00007FF64916F07F]
	(No symbol) [0x00007FF649146F03]
	(No symbol) [0x00007FF649110328]
	(No symbol) [0x00007FF649111093]
	GetHandleVerifier [0x00007FF6495B7B6D+2931725]
	GetHandleVerifier [0x00007FF6495B2132+2908626]
	GetHandleVerifier [0x00007FF6495D00F3+3031443]
	GetHandleVerifier [0x00007FF6493191EA+184970]
	GetHandleVerifier [0x00007FF64932086F+215311]
	GetHandleVerifier [0x00007FF649306EC4+110436]
	GetHandleVerifier [0x00007FF649307072+110866]
	GetHandleVerifier [0x00007FF6492ED479+5401]
	BaseThreadInitThunk [0x00007FFCAAD3E8D7+23]
	RtlUserThreadStart [0x00007FFCAC3F14FC+44]

[2025-04-24 21:14:55] Message: stale element reference: stale element not found in the current frame
  (Session info: chrome=135.0.7049.115); For documentation on this error, please visit: https://www.selenium.dev/documentation/webdriver/troubleshooting/errors#stale-element-reference-exception
Stacktrace:
	GetHandleVerifier [0x00007FF6492FEFA5+77893]
	GetHandleVerifier [0x00007FF6492FF000+77984]
	(No symbol) [0x00007FF6490C91BA]
	(No symbol) [0x00007FF6490D0AEC]
	(No symbol) [0x00007FF6490D3B5C]
	(No symbol) [0x00007FF6490D3C2F]
	(No symbol) [0x00007FF64911EA17]
	(No symbol) [0x00007FF64911F41C]
	(No symbol) [0x00007FF649111B1C]
	(No symbol) [0x00007FF64914716F]
	(No symbol) [0x00007FF6491119E6]
	(No symbol) [0x00007FF649147340]
	(No symbol) [0x00007FF64916F07F]
	(No symbol) [0x00007FF649146F03]
	(No symbol) [0x00007FF649110328]
	(No symbol) [0x00007FF649111093]
	GetHandleVerifier [0x00007FF6495B7B6D+2931725]
	GetHandleVerifier [0x00007FF6495B2132+2908626]
	GetHandleVerifier [0x00007FF6495D00F3+3031443]
	GetHandleVerifier [0x00007FF6493191EA+184970]
	GetHandleVerifier [0x00007FF64932086F+215311]
	GetHandleVerifier [0x00007FF649306EC4+110436]
	GetHandleVerifier [0x00007FF649307072+110866]
	GetHandleVerifier [0x00007FF6492ED479+5401]
	BaseThreadInitThunk [0x00007FFCAAD3E8D7+23]
	RtlUserThreadStart [0x00007FFCAC3F14FC+44]

[2025-04-24 21:14:55] Message: stale element reference: stale element not found in the current frame
  (Session info: chrome=135.0.7049.115); For documentation on this error, please visit: https://www.selenium.dev/documentation/webdriver/troubleshooting/errors#stale-element-reference-exception
Stacktrace:
	GetHandleVerifier [0x00007FF6492FEFA5+77893]
	GetHandleVerifier [0x00007FF6492FF000+77984]
	(No symbol) [0x00007FF6490C91BA]
	(No symbol) [0x00007FF6490D0AEC]
	(No symbol) [0x00007FF6490D3B5C]
	(No symbol) [0x00007FF6490D3C2F]
	(No symbol) [0x00007FF64911EA17]
	(No symbol) [0x00007FF64911F41C]
	(No symbol) [0x00007FF649111B1C]
	(No symbol) [0x00007FF64914716F]
	(No symbol) [0x00007FF6491119E6]
	(No symbol) [0x00007FF649147340]
	(No symbol) [0x00007FF64916F07F]
	(No symbol) [0x00007FF649146F03]
	(No symbol) [0x00007FF649110328]
	(No symbol) [0x00007FF649111093]
	GetHandleVerifier [0x00007FF6495B7B6D+2931725]
	GetHandleVerifier [0x00007FF6495B2132+2908626]
	GetHandleVerifier [0x00007FF6495D00F3+3031443]
	GetHandleVerifier [0x00007FF6493191EA+184970]
	GetHandleVerifier [0x00007FF64932086F+215311]
	GetHandleVerifier [0x00007FF649306EC4+110436]
	GetHandleVerifier [0x00007FF649307072+110866]
	GetHandleVerifier [0x00007FF6492ED479+5401]
	BaseThreadInitThunk [0x00007FFCAAD3E8D7+23]
	RtlUserThreadStart [0x00007FFCAC3F14FC+44]

[2025-04-24 21:14:55] Message: stale element reference: stale element not found in the current frame
  (Session info: chrome=135.0.7049.115); For documentation on this error, please visit: https://www.selenium.dev/documentation/webdriver/troubleshooting/errors#stale-element-reference-exception
Stacktrace:
	GetHandleVerifier [0x00007FF6492FEFA5+77893]
	GetHandleVerifier [0x00007FF6492FF000+77984]
	(No symbol) [0x00007FF6490C91BA]
	(No symbol) [0x00007FF6490D0AEC]
	(No symbol) [0x00007FF6490D3B5C]
	(No symbol) [0x00007FF6490D3C2F]
	(No symbol) [0x00007FF64911EA17]
	(No symbol) [0x00007FF64911F41C]
	(No symbol) [0x00007FF649111B1C]
	(No symbol) [0x00007FF64914716F]
	(No symbol) [0x00007FF6491119E6]
	(No symbol) [0x00007FF649147340]
	(No symbol) [0x00007FF64916F07F]
	(No symbol) [0x00007FF649146F03]
	(No symbol) [0x00007FF649110328]
	(No symbol) [0x00007FF649111093]
	GetHandleVerifier [0x00007FF6495B7B6D+2931725]
	GetHandleVerifier [0x00007FF6495B2132+2908626]
	GetHandleVerifier [0x00007FF6495D00F3+3031443]
	GetHandleVerifier [0x00007FF6493191EA+184970]
	GetHandleVerifier [0x00007FF64932086F+215311]
	GetHandleVerifier [0x00007FF649306EC4+110436]
	GetHandleVerifier [0x00007FF649307072+110866]
	GetHandleVerifier [0x00007FF6492ED479+5401]
	BaseThreadInitThunk [0x00007FFCAAD3E8D7+23]
	RtlUserThreadStart [0x00007FFCAC3F14FC+44]

[2025-04-24 21:14:55] Message: stale element reference: stale element not found in the current frame
  (Session info: chrome=135.0.7049.115); For documentation on this error, please visit: https://www.selenium.dev/documentation/webdriver/troubleshooting/errors#stale-element-reference-exception
Stacktrace:
	GetHandleVerifier [0x00007FF6492FEFA5+77893]
	GetHandleVerifier [0x00007FF6492FF000+77984]
	(No symbol) [0x00007FF6490C91BA]
	(No symbol) [0x00007FF6490D0AEC]
	(No symbol) [0x00007FF6490D3B5C]
	(No symbol) [0x00007FF6490D3C2F]
	(No symbol) [0x00007FF64911EA17]
	(No symbol) [0x00007FF64911F41C]
	(No symbol) [0x00007FF649111B1C]
	(No symbol) [0x00007FF64914716F]
	(No symbol) [0x00007FF6491119E6]
	(No symbol) [0x00007FF649147340]
	(No symbol) [0x00007FF64916F07F]
	(No symbol) [0x00007FF649146F03]
	(No symbol) [0x00007FF649110328]
	(No symbol) [0x00007FF649111093]
	GetHandleVerifier [0x00007FF6495B7B6D+2931725]
	GetHandleVerifier [0x00007FF6495B2132+2908626]
	GetHandleVerifier [0x00007FF6495D00F3+3031443]
	GetHandleVerifier [0x00007FF6493191EA+184970]
	GetHandleVerifier [0x00007FF64932086F+215311]
	GetHandleVerifier [0x00007FF649306EC4+110436]
	GetHandleVerifier [0x00007FF649307072+110866]
	GetHandleVerifier [0x00007FF6492ED479+5401]
	BaseThreadInitThunk [0x00007FFCAAD3E8D7+23]
	RtlUserThreadStart [0x00007FFCAC3F14FC+44]

[2025-04-24 21:14:55] Message: stale element reference: stale element not found in the current frame
  (Session info: chrome=135.0.7049.115); For documentation on this error, please visit: https://www.selenium.dev/documentation/webdriver/troubleshooting/errors#stale-element-reference-exception
Stacktrace:
	GetHandleVerifier [0x00007FF6492FEFA5+77893]
	GetHandleVerifier [0x00007FF6492FF000+77984]
	(No symbol) [0x00007FF6490C91BA]
	(No symbol) [0x00007FF6490D0AEC]
	(No symbol) [0x00007FF6490D3B5C]
	(No symbol) [0x00007FF6490D3C2F]
	(No symbol) [0x00007FF64911EA17]
	(No symbol) [0x00007FF64911F41C]
	(No symbol) [0x00007FF649111B1C]
	(No symbol) [0x00007FF64914716F]
	(No symbol) [0x00007FF6491119E6]
	(No symbol) [0x00007FF649147340]
	(No symbol) [0x00007FF64916F07F]
	(No symbol) [0x00007FF649146F03]
	(No symbol) [0x00007FF649110328]
	(No symbol) [0x00007FF649111093]
	GetHandleVerifier [0x00007FF6495B7B6D+2931725]
	GetHandleVerifier [0x00007FF6495B2132+2908626]
	GetHandleVerifier [0x00007FF6495D00F3+3031443]
	GetHandleVerifier [0x00007FF6493191EA+184970]
	GetHandleVerifier [0x00007FF64932086F+215311]
	GetHandleVerifier [0x00007FF649306EC4+110436]
	GetHandleVerifier [0x00007FF649307072+110866]
	GetHandleVerifier [0x00007FF6492ED479+5401]
	BaseThreadInitThunk [0x00007FFCAAD3E8D7+23]
	RtlUserThreadStart [0x00007FFCAC3F14FC+44]

[2025-04-24 21:14:55] Message: stale element reference: stale element not found in the current frame
  (Session info: chrome=135.0.7049.115); For documentation on this error, please visit: https://www.selenium.dev/documentation/webdriver/troubleshooting/errors#stale-element-reference-exception
Stacktrace:
	GetHandleVerifier [0x00007FF6492FEFA5+77893]
	GetHandleVerifier [0x00007FF6492FF000+77984]
	(No symbol) [0x00007FF6490C91BA]
	(No symbol) [0x00007FF6490D0AEC]
	(No symbol) [0x00007FF6490D3B5C]
	(No symbol) [0x00007FF6490D3C2F]
	(No symbol) [0x00007FF64911EA17]
	(No symbol) [0x00007FF64911F41C]
	(No symbol) [0x00007FF649111B1C]
	(No symbol) [0x00007FF64914716F]
	(No symbol) [0x00007FF6491119E6]
	(No symbol) [0x00007FF649147340]
	(No symbol) [0x00007FF64916F07F]
	(No symbol) [0x00007FF649146F03]
	(No symbol) [0x00007FF649110328]
	(No symbol) [0x00007FF649111093]
	GetHandleVerifier [0x00007FF6495B7B6D+2931725]
	GetHandleVerifier [0x00007FF6495B2132+2908626]
	GetHandleVerifier [0x00007FF6495D00F3+3031443]
	GetHandleVerifier [0x00007FF6493191EA+184970]
	GetHandleVerifier [0x00007FF64932086F+215311]
	GetHandleVerifier [0x00007FF649306EC4+110436]
	GetHandleVerifier [0x00007FF649307072+110866]
	GetHandleVerifier [0x00007FF6492ED479+5401]
	BaseThreadInitThunk [0x00007FFCAAD3E8D7+23]
	RtlUserThreadStart [0x00007FFCAC3F14FC+44]

[2025-04-24 21:14:55] Message: stale element reference: stale element not found in the current frame
  (Session info: chrome=135.0.7049.115); For documentation on this error, please visit: https://www.selenium.dev/documentation/webdriver/troubleshooting/errors#stale-element-reference-exception
Stacktrace:
	GetHandleVerifier [0x00007FF6492FEFA5+77893]
	GetHandleVerifier [0x00007FF6492FF000+77984]
	(No symbol) [0x00007FF6490C91BA]
	(No symbol) [0x00007FF6490D0AEC]
	(No symbol) [0x00007FF6490D3B5C]
	(No symbol) [0x00007FF6490D3C2F]
	(No symbol) [0x00007FF64911EA17]
	(No symbol) [0x00007FF64911F41C]
	(No symbol) [0x00007FF649111B1C]
	(No symbol) [0x00007FF64914716F]
	(No symbol) [0x00007FF6491119E6]
	(No symbol) [0x00007FF649147340]
	(No symbol) [0x00007FF64916F07F]
	(No symbol) [0x00007FF649146F03]
	(No symbol) [0x00007FF649110328]
	(No symbol) [0x00007FF649111093]
	GetHandleVerifier [0x00007FF6495B7B6D+2931725]
	GetHandleVerifier [0x00007FF6495B2132+2908626]
	GetHandleVerifier [0x00007FF6495D00F3+3031443]
	GetHandleVerifier [0x00007FF6493191EA+184970]
	GetHandleVerifier [0x00007FF64932086F+215311]
	GetHandleVerifier [0x00007FF649306EC4+110436]
	GetHandleVerifier [0x00007FF649307072+110866]
	GetHandleVerifier [0x00007FF6492ED479+5401]
	BaseThreadInitThunk [0x00007FFCAAD3E8D7+23]
	RtlUserThreadStart [0x00007FFCAC3F14FC+44]

[2025-04-24 21:14:55] Message: stale element reference: stale element not found in the current frame
  (Session info: chrome=135.0.7049.115); For documentation on this error, please visit: https://www.selenium.dev/documentation/webdriver/troubleshooting/errors#stale-element-reference-exception
Stacktrace:
	GetHandleVerifier [0x00007FF6492FEFA5+77893]
	GetHandleVerifier [0x00007FF6492FF000+77984]
	(No symbol) [0x00007FF6490C91BA]
	(No symbol) [0x00007FF6490D0AEC]
	(No symbol) [0x00007FF6490D3B5C]
	(No symbol) [0x00007FF6490D3C2F]
	(No symbol) [0x00007FF64911EA17]
	(No symbol) [0x00007FF64911F41C]
	(No symbol) [0x00007FF649111B1C]
	(No symbol) [0x00007FF64914716F]
	(No symbol) [0x00007FF6491119E6]
	(No symbol) [0x00007FF649147340]
	(No symbol) [0x00007FF64916F07F]
	(No symbol) [0x00007FF649146F03]
	(No symbol) [0x00007FF649110328]
	(No symbol) [0x00007FF649111093]
	GetHandleVerifier [0x00007FF6495B7B6D+2931725]
	GetHandleVerifier [0x00007FF6495B2132+2908626]
	GetHandleVerifier [0x00007FF6495D00F3+3031443]
	GetHandleVerifier [0x00007FF6493191EA+184970]
	GetHandleVerifier [0x00007FF64932086F+215311]
	GetHandleVerifier [0x00007FF649306EC4+110436]
	GetHandleVerifier [0x00007FF649307072+110866]
	GetHandleVerifier [0x00007FF6492ED479+5401]
	BaseThreadInitThunk [0x00007FFCAAD3E8D7+23]
	RtlUserThreadStart [0x00007FFCAC3F14FC+44]

[2025-04-24 21:14:55] Message: stale element reference: stale element not found in the current frame
  (Session info: chrome=135.0.7049.115); For documentation on this error, please visit: https://www.selenium.dev/documentation/webdriver/troubleshooting/errors#stale-element-reference-exception
Stacktrace:
	GetHandleVerifier [0x00007FF6492FEFA5+77893]
	GetHandleVerifier [0x00007FF6492FF000+77984]
	(No symbol) [0x00007FF6490C91BA]
	(No symbol) [0x00007FF6490D0AEC]
	(No symbol) [0x00007FF6490D3B5C]
	(No symbol) [0x00007FF6490D3C2F]
	(No symbol) [0x00007FF64911EA17]
	(No symbol) [0x00007FF64911F41C]
	(No symbol) [0x00007FF649111B1C]
	(No symbol) [0x00007FF64914716F]
	(No symbol) [0x00007FF6491119E6]
	(No symbol) [0x00007FF649147340]
	(No symbol) [0x00007FF64916F07F]
	(No symbol) [0x00007FF649146F03]
	(No symbol) [0x00007FF649110328]
	(No symbol) [0x00007FF649111093]
	GetHandleVerifier [0x00007FF6495B7B6D+2931725]
	GetHandleVerifier [0x00007FF6495B2132+2908626]
	GetHandleVerifier [0x00007FF6495D00F3+3031443]
	GetHandleVerifier [0x00007FF6493191EA+184970]
	GetHandleVerifier [0x00007FF64932086F+215311]
	GetHandleVerifier [0x00007FF649306EC4+110436]
	GetHandleVerifier [0x00007FF649307072+110866]
	GetHandleVerifier [0x00007FF6492ED479+5401]
	BaseThreadInitThunk [0x00007FFCAAD3E8D7+23]
	RtlUserThreadStart [0x00007FFCAC3F14FC+44]

[2025-04-24 21:14:55] Message: stale element reference: stale element not found in the current frame
  (Session info: chrome=135.0.7049.115); For documentation on this error, please visit: https://www.selenium.dev/documentation/webdriver/troubleshooting/errors#stale-element-reference-exception
Stacktrace:
	GetHandleVerifier [0x00007FF6492FEFA5+77893]
	GetHandleVerifier [0x00007FF6492FF000+77984]
	(No symbol) [0x00007FF6490C91BA]
	(No symbol) [0x00007FF6490D0AEC]
	(No symbol) [0x00007FF6490D3B5C]
	(No symbol) [0x00007FF6490D3C2F]
	(No symbol) [0x00007FF64911EA17]
	(No symbol) [0x00007FF64911F41C]
	(No symbol) [0x00007FF649111B1C]
	(No symbol) [0x00007FF64914716F]
	(No symbol) [0x00007FF6491119E6]
	(No symbol) [0x00007FF649147340]
	(No symbol) [0x00007FF64916F07F]
	(No symbol) [0x00007FF649146F03]
	(No symbol) [0x00007FF649110328]
	(No symbol) [0x00007FF649111093]
	GetHandleVerifier [0x00007FF6495B7B6D+2931725]
	GetHandleVerifier [0x00007FF6495B2132+2908626]
	GetHandleVerifier [0x00007FF6495D00F3+3031443]
	GetHandleVerifier [0x00007FF6493191EA+184970]
	GetHandleVerifier [0x00007FF64932086F+215311]
	GetHandleVerifier [0x00007FF649306EC4+110436]
	GetHandleVerifier [0x00007FF649307072+110866]
	GetHandleVerifier [0x00007FF6492ED479+5401]
	BaseThreadInitThunk [0x00007FFCAAD3E8D7+23]
	RtlUserThreadStart [0x00007FFCAC3F14FC+44]

[2025-04-24 21:14:55] Message: stale element reference: stale element not found in the current frame
  (Session info: chrome=135.0.7049.115); For documentation on this error, please visit: https://www.selenium.dev/documentation/webdriver/troubleshooting/errors#stale-element-reference-exception
Stacktrace:
	GetHandleVerifier [0x00007FF6492FEFA5+77893]
	GetHandleVerifier [0x00007FF6492FF000+77984]
	(No symbol) [0x00007FF6490C91BA]
	(No symbol) [0x00007FF6490D0AEC]
	(No symbol) [0x00007FF6490D3B5C]
	(No symbol) [0x00007FF6490D3C2F]
	(No symbol) [0x00007FF64911EA17]
	(No symbol) [0x00007FF64911F41C]
	(No symbol) [0x00007FF649111B1C]
	(No symbol) [0x00007FF64914716F]
	(No symbol) [0x00007FF6491119E6]
	(No symbol) [0x00007FF649147340]
	(No symbol) [0x00007FF64916F07F]
	(No symbol) [0x00007FF649146F03]
	(No symbol) [0x00007FF649110328]
	(No symbol) [0x00007FF649111093]
	GetHandleVerifier [0x00007FF6495B7B6D+2931725]
	GetHandleVerifier [0x00007FF6495B2132+2908626]
	GetHandleVerifier [0x00007FF6495D00F3+3031443]
	GetHandleVerifier [0x00007FF6493191EA+184970]
	GetHandleVerifier [0x00007FF64932086F+215311]
	GetHandleVerifier [0x00007FF649306EC4+110436]
	GetHandleVerifier [0x00007FF649307072+110866]
	GetHandleVerifier [0x00007FF6492ED479+5401]
	BaseThreadInitThunk [0x00007FFCAAD3E8D7+23]
	RtlUserThreadStart [0x00007FFCAC3F14FC+44]

[2025-04-24 21:14:55] Message: stale element reference: stale element not found in the current frame
  (Session info: chrome=135.0.7049.115); For documentation on this error, please visit: https://www.selenium.dev/documentation/webdriver/troubleshooting/errors#stale-element-reference-exception
Stacktrace:
	GetHandleVerifier [0x00007FF6492FEFA5+77893]
	GetHandleVerifier [0x00007FF6492FF000+77984]
	(No symbol) [0x00007FF6490C91BA]
	(No symbol) [0x00007FF6490D0AEC]
	(No symbol) [0x00007FF6490D3B5C]
	(No symbol) [0x00007FF6490D3C2F]
	(No symbol) [0x00007FF64911EA17]
	(No symbol) [0x00007FF64911F41C]
	(No symbol) [0x00007FF649111B1C]
	(No symbol) [0x00007FF64914716F]
	(No symbol) [0x00007FF6491119E6]
	(No symbol) [0x00007FF649147340]
	(No symbol) [0x00007FF64916F07F]
	(No symbol) [0x00007FF649146F03]
	(No symbol) [0x00007FF649110328]
	(No symbol) [0x00007FF649111093]
	GetHandleVerifier [0x00007FF6495B7B6D+2931725]
	GetHandleVerifier [0x00007FF6495B2132+2908626]
	GetHandleVerifier [0x00007FF6495D00F3+3031443]
	GetHandleVerifier [0x00007FF6493191EA+184970]
	GetHandleVerifier [0x00007FF64932086F+215311]
	GetHandleVerifier [0x00007FF649306EC4+110436]
	GetHandleVerifier [0x00007FF649307072+110866]
	GetHandleVerifier [0x00007FF6492ED479+5401]
	BaseThreadInitThunk [0x00007FFCAAD3E8D7+23]
	RtlUserThreadStart [0x00007FFCAC3F14FC+44]

[2025-04-24 21:14:55] Message: stale element reference: stale element not found in the current frame
  (Session info: chrome=135.0.7049.115); For documentation on this error, please visit: https://www.selenium.dev/documentation/webdriver/troubleshooting/errors#stale-element-reference-exception
Stacktrace:
	GetHandleVerifier [0x00007FF6492FEFA5+77893]
	GetHandleVerifier [0x00007FF6492FF000+77984]
	(No symbol) [0x00007FF6490C91BA]
	(No symbol) [0x00007FF6490D0AEC]
	(No symbol) [0x00007FF6490D3B5C]
	(No symbol) [0x00007FF6490D3C2F]
	(No symbol) [0x00007FF64911EA17]
	(No symbol) [0x00007FF64911F41C]
	(No symbol) [0x00007FF649111B1C]
	(No symbol) [0x00007FF64914716F]
	(No symbol) [0x00007FF6491119E6]
	(No symbol) [0x00007FF649147340]
	(No symbol) [0x00007FF64916F07F]
	(No symbol) [0x00007FF649146F03]
	(No symbol) [0x00007FF649110328]
	(No symbol) [0x00007FF649111093]
	GetHandleVerifier [0x00007FF6495B7B6D+2931725]
	GetHandleVerifier [0x00007FF6495B2132+2908626]
	GetHandleVerifier [0x00007FF6495D00F3+3031443]
	GetHandleVerifier [0x00007FF6493191EA+184970]
	GetHandleVerifier [0x00007FF64932086F+215311]
	GetHandleVerifier [0x00007FF649306EC4+110436]
	GetHandleVerifier [0x00007FF649307072+110866]
	GetHandleVerifier [0x00007FF6492ED479+5401]
	BaseThreadInitThunk [0x00007FFCAAD3E8D7+23]
	RtlUserThreadStart [0x00007FFCAC3F14FC+44]

[2025-04-24 21:14:55] Message: stale element reference: stale element not found in the current frame
  (Session info: chrome=135.0.7049.115); For documentation on this error, please visit: https://www.selenium.dev/documentation/webdriver/troubleshooting/errors#stale-element-reference-exception
Stacktrace:
	GetHandleVerifier [0x00007FF6492FEFA5+77893]
	GetHandleVerifier [0x00007FF6492FF000+77984]
	(No symbol) [0x00007FF6490C91BA]
	(No symbol) [0x00007FF6490D0AEC]
	(No symbol) [0x00007FF6490D3B5C]
	(No symbol) [0x00007FF6490D3C2F]
	(No symbol) [0x00007FF64911EA17]
	(No symbol) [0x00007FF64911F41C]
	(No symbol) [0x00007FF649111B1C]
	(No symbol) [0x00007FF64914716F]
	(No symbol) [0x00007FF6491119E6]
	(No symbol) [0x00007FF649147340]
	(No symbol) [0x00007FF64916F07F]
	(No symbol) [0x00007FF649146F03]
	(No symbol) [0x00007FF649110328]
	(No symbol) [0x00007FF649111093]
	GetHandleVerifier [0x00007FF6495B7B6D+2931725]
	GetHandleVerifier [0x00007FF6495B2132+2908626]
	GetHandleVerifier [0x00007FF6495D00F3+3031443]
	GetHandleVerifier [0x00007FF6493191EA+184970]
	GetHandleVerifier [0x00007FF64932086F+215311]
	GetHandleVerifier [0x00007FF649306EC4+110436]
	GetHandleVerifier [0x00007FF649307072+110866]
	GetHandleVerifier [0x00007FF6492ED479+5401]
	BaseThreadInitThunk [0x00007FFCAAD3E8D7+23]
	RtlUserThreadStart [0x00007FFCAC3F14FC+44]

[2025-04-24 21:14:55] Message: stale element reference: stale element not found in the current frame
  (Session info: chrome=135.0.7049.115); For documentation on this error, please visit: https://www.selenium.dev/documentation/webdriver/troubleshooting/errors#stale-element-reference-exception
Stacktrace:
	GetHandleVerifier [0x00007FF6492FEFA5+77893]
	GetHandleVerifier [0x00007FF6492FF000+77984]
	(No symbol) [0x00007FF6490C91BA]
	(No symbol) [0x00007FF6490D0AEC]
	(No symbol) [0x00007FF6490D3B5C]
	(No symbol) [0x00007FF6490D3C2F]
	(No symbol) [0x00007FF64911EA17]
	(No symbol) [0x00007FF64911F41C]
	(No symbol) [0x00007FF649111B1C]
	(No symbol) [0x00007FF64914716F]
	(No symbol) [0x00007FF6491119E6]
	(No symbol) [0x00007FF649147340]
	(No symbol) [0x00007FF64916F07F]
	(No symbol) [0x00007FF649146F03]
	(No symbol) [0x00007FF649110328]
	(No symbol) [0x00007FF649111093]
	GetHandleVerifier [0x00007FF6495B7B6D+2931725]
	GetHandleVerifier [0x00007FF6495B2132+2908626]
	GetHandleVerifier [0x00007FF6495D00F3+3031443]
	GetHandleVerifier [0x00007FF6493191EA+184970]
	GetHandleVerifier [0x00007FF64932086F+215311]
	GetHandleVerifier [0x00007FF649306EC4+110436]
	GetHandleVerifier [0x00007FF649307072+110866]
	GetHandleVerifier [0x00007FF6492ED479+5401]
	BaseThreadInitThunk [0x00007FFCAAD3E8D7+23]
	RtlUserThreadStart [0x00007FFCAC3F14FC+44]

[2025-04-24 21:14:55] Message: stale element reference: stale element not found in the current frame
  (Session info: chrome=135.0.7049.115); For documentation on this error, please visit: https://www.selenium.dev/documentation/webdriver/troubleshooting/errors#stale-element-reference-exception
Stacktrace:
	GetHandleVerifier [0x00007FF6492FEFA5+77893]
	GetHandleVerifier [0x00007FF6492FF000+77984]
	(No symbol) [0x00007FF6490C91BA]
	(No symbol) [0x00007FF6490D0AEC]
	(No symbol) [0x00007FF6490D3B5C]
	(No symbol) [0x00007FF6490D3C2F]
	(No symbol) [0x00007FF64911EA17]
	(No symbol) [0x00007FF64911F41C]
	(No symbol) [0x00007FF649111B1C]
	(No symbol) [0x00007FF64914716F]
	(No symbol) [0x00007FF6491119E6]
	(No symbol) [0x00007FF649147340]
	(No symbol) [0x00007FF64916F07F]
	(No symbol) [0x00007FF649146F03]
	(No symbol) [0x00007FF649110328]
	(No symbol) [0x00007FF649111093]
	GetHandleVerifier [0x00007FF6495B7B6D+2931725]
	GetHandleVerifier [0x00007FF6495B2132+2908626]
	GetHandleVerifier [0x00007FF6495D00F3+3031443]
	GetHandleVerifier [0x00007FF6493191EA+184970]
	GetHandleVerifier [0x00007FF64932086F+215311]
	GetHandleVerifier [0x00007FF649306EC4+110436]
	GetHandleVerifier [0x00007FF649307072+110866]
	GetHandleVerifier [0x00007FF6492ED479+5401]
	BaseThreadInitThunk [0x00007FFCAAD3E8D7+23]
	RtlUserThreadStart [0x00007FFCAC3F14FC+44]

[2025-04-24 21:14:55] Message: stale element reference: stale element not found in the current frame
  (Session info: chrome=135.0.7049.115); For documentation on this error, please visit: https://www.selenium.dev/documentation/webdriver/troubleshooting/errors#stale-element-reference-exception
Stacktrace:
	GetHandleVerifier [0x00007FF6492FEFA5+77893]
	GetHandleVerifier [0x00007FF6492FF000+77984]
	(No symbol) [0x00007FF6490C91BA]
	(No symbol) [0x00007FF6490D0AEC]
	(No symbol) [0x00007FF6490D3B5C]
	(No symbol) [0x00007FF6490D3C2F]
	(No symbol) [0x00007FF64911EA17]
	(No symbol) [0x00007FF64911F41C]
	(No symbol) [0x00007FF649111B1C]
	(No symbol) [0x00007FF64914716F]
	(No symbol) [0x00007FF6491119E6]
	(No symbol) [0x00007FF649147340]
	(No symbol) [0x00007FF64916F07F]
	(No symbol) [0x00007FF649146F03]
	(No symbol) [0x00007FF649110328]
	(No symbol) [0x00007FF649111093]
	GetHandleVerifier [0x00007FF6495B7B6D+2931725]
	GetHandleVerifier [0x00007FF6495B2132+2908626]
	GetHandleVerifier [0x00007FF6495D00F3+3031443]
	GetHandleVerifier [0x00007FF6493191EA+184970]
	GetHandleVerifier [0x00007FF64932086F+215311]
	GetHandleVerifier [0x00007FF649306EC4+110436]
	GetHandleVerifier [0x00007FF649307072+110866]
	GetHandleVerifier [0x00007FF6492ED479+5401]
	BaseThreadInitThunk [0x00007FFCAAD3E8D7+23]
	RtlUserThreadStart [0x00007FFCAC3F14FC+44]

[2025-04-24 21:14:55] Message: stale element reference: stale element not found in the current frame
  (Session info: chrome=135.0.7049.115); For documentation on this error, please visit: https://www.selenium.dev/documentation/webdriver/troubleshooting/errors#stale-element-reference-exception
Stacktrace:
	GetHandleVerifier [0x00007FF6492FEFA5+77893]
	GetHandleVerifier [0x00007FF6492FF000+77984]
	(No symbol) [0x00007FF6490C91BA]
	(No symbol) [0x00007FF6490D0AEC]
	(No symbol) [0x00007FF6490D3B5C]
	(No symbol) [0x00007FF6490D3C2F]
	(No symbol) [0x00007FF64911EA17]
	(No symbol) [0x00007FF64911F41C]
	(No symbol) [0x00007FF649111B1C]
	(No symbol) [0x00007FF64914716F]
	(No symbol) [0x00007FF6491119E6]
	(No symbol) [0x00007FF649147340]
	(No symbol) [0x00007FF64916F07F]
	(No symbol) [0x00007FF649146F03]
	(No symbol) [0x00007FF649110328]
	(No symbol) [0x00007FF649111093]
	GetHandleVerifier [0x00007FF6495B7B6D+2931725]
	GetHandleVerifier [0x00007FF6495B2132+2908626]
	GetHandleVerifier [0x00007FF6495D00F3+3031443]
	GetHandleVerifier [0x00007FF6493191EA+184970]
	GetHandleVerifier [0x00007FF64932086F+215311]
	GetHandleVerifier [0x00007FF649306EC4+110436]
	GetHandleVerifier [0x00007FF649307072+110866]
	GetHandleVerifier [0x00007FF6492ED479+5401]
	BaseThreadInitThunk [0x00007FFCAAD3E8D7+23]
	RtlUserThreadStart [0x00007FFCAC3F14FC+44]

[2025-04-24 21:14:55] Message: stale element reference: stale element not found in the current frame
  (Session info: chrome=135.0.7049.115); For documentation on this error, please visit: https://www.selenium.dev/documentation/webdriver/troubleshooting/errors#stale-element-reference-exception
Stacktrace:
	GetHandleVerifier [0x00007FF6492FEFA5+77893]
	GetHandleVerifier [0x00007FF6492FF000+77984]
	(No symbol) [0x00007FF6490C91BA]
	(No symbol) [0x00007FF6490D0AEC]
	(No symbol) [0x00007FF6490D3B5C]
	(No symbol) [0x00007FF6490D3C2F]
	(No symbol) [0x00007FF64911EA17]
	(No symbol) [0x00007FF64911F41C]
	(No symbol) [0x00007FF649111B1C]
	(No symbol) [0x00007FF64914716F]
	(No symbol) [0x00007FF6491119E6]
	(No symbol) [0x00007FF649147340]
	(No symbol) [0x00007FF64916F07F]
	(No symbol) [0x00007FF649146F03]
	(No symbol) [0x00007FF649110328]
	(No symbol) [0x00007FF649111093]
	GetHandleVerifier [0x00007FF6495B7B6D+2931725]
	GetHandleVerifier [0x00007FF6495B2132+2908626]
	GetHandleVerifier [0x00007FF6495D00F3+3031443]
	GetHandleVerifier [0x00007FF6493191EA+184970]
	GetHandleVerifier [0x00007FF64932086F+215311]
	GetHandleVerifier [0x00007FF649306EC4+110436]
	GetHandleVerifier [0x00007FF649307072+110866]
	GetHandleVerifier [0x00007FF6492ED479+5401]
	BaseThreadInitThunk [0x00007FFCAAD3E8D7+23]
	RtlUserThreadStart [0x00007FFCAC3F14FC+44]

[2025-04-24 21:14:55] Message: stale element reference: stale element not found in the current frame
  (Session info: chrome=135.0.7049.115); For documentation on this error, please visit: https://www.selenium.dev/documentation/webdriver/troubleshooting/errors#stale-element-reference-exception
Stacktrace:
	GetHandleVerifier [0x00007FF6492FEFA5+77893]
	GetHandleVerifier [0x00007FF6492FF000+77984]
	(No symbol) [0x00007FF6490C91BA]
	(No symbol) [0x00007FF6490D0AEC]
	(No symbol) [0x00007FF6490D3B5C]
	(No symbol) [0x00007FF6490D3C2F]
	(No symbol) [0x00007FF64911EA17]
	(No symbol) [0x00007FF64911F41C]
	(No symbol) [0x00007FF649111B1C]
	(No symbol) [0x00007FF64914716F]
	(No symbol) [0x00007FF6491119E6]
	(No symbol) [0x00007FF649147340]
	(No symbol) [0x00007FF64916F07F]
	(No symbol) [0x00007FF649146F03]
	(No symbol) [0x00007FF649110328]
	(No symbol) [0x00007FF649111093]
	GetHandleVerifier [0x00007FF6495B7B6D+2931725]
	GetHandleVerifier [0x00007FF6495B2132+2908626]
	GetHandleVerifier [0x00007FF6495D00F3+3031443]
	GetHandleVerifier [0x00007FF6493191EA+184970]
	GetHandleVerifier [0x00007FF64932086F+215311]
	GetHandleVerifier [0x00007FF649306EC4+110436]
	GetHandleVerifier [0x00007FF649307072+110866]
	GetHandleVerifier [0x00007FF6492ED479+5401]
	BaseThreadInitThunk [0x00007FFCAAD3E8D7+23]
	RtlUserThreadStart [0x00007FFCAC3F14FC+44]

[2025-04-24 21:14:55] Message: stale element reference: stale element not found in the current frame
  (Session info: chrome=135.0.7049.115); For documentation on this error, please visit: https://www.selenium.dev/documentation/webdriver/troubleshooting/errors#stale-element-reference-exception
Stacktrace:
	GetHandleVerifier [0x00007FF6492FEFA5+77893]
	GetHandleVerifier [0x00007FF6492FF000+77984]
	(No symbol) [0x00007FF6490C91BA]
	(No symbol) [0x00007FF6490D0AEC]
	(No symbol) [0x00007FF6490D3B5C]
	(No symbol) [0x00007FF6490D3C2F]
	(No symbol) [0x00007FF64911EA17]
	(No symbol) [0x00007FF64911F41C]
	(No symbol) [0x00007FF649111B1C]
	(No symbol) [0x00007FF64914716F]
	(No symbol) [0x00007FF6491119E6]
	(No symbol) [0x00007FF649147340]
	(No symbol) [0x00007FF64916F07F]
	(No symbol) [0x00007FF649146F03]
	(No symbol) [0x00007FF649110328]
	(No symbol) [0x00007FF649111093]
	GetHandleVerifier [0x00007FF6495B7B6D+2931725]
	GetHandleVerifier [0x00007FF6495B2132+2908626]
	GetHandleVerifier [0x00007FF6495D00F3+3031443]
	GetHandleVerifier [0x00007FF6493191EA+184970]
	GetHandleVerifier [0x00007FF64932086F+215311]
	GetHandleVerifier [0x00007FF649306EC4+110436]
	GetHandleVerifier [0x00007FF649307072+110866]
	GetHandleVerifier [0x00007FF6492ED479+5401]
	BaseThreadInitThunk [0x00007FFCAAD3E8D7+23]
	RtlUserThreadStart [0x00007FFCAC3F14FC+44]

[2025-04-24 21:14:55] Message: stale element reference: stale element not found in the current frame
  (Session info: chrome=135.0.7049.115); For documentation on this error, please visit: https://www.selenium.dev/documentation/webdriver/troubleshooting/errors#stale-element-reference-exception
Stacktrace:
	GetHandleVerifier [0x00007FF6492FEFA5+77893]
	GetHandleVerifier [0x00007FF6492FF000+77984]
	(No symbol) [0x00007FF6490C91BA]
	(No symbol) [0x00007FF6490D0AEC]
	(No symbol) [0x00007FF6490D3B5C]
	(No symbol) [0x00007FF6490D3C2F]
	(No symbol) [0x00007FF64911EA17]
	(No symbol) [0x00007FF64911F41C]
	(No symbol) [0x00007FF649111B1C]
	(No symbol) [0x00007FF64914716F]
	(No symbol) [0x00007FF6491119E6]
	(No symbol) [0x00007FF649147340]
	(No symbol) [0x00007FF64916F07F]
	(No symbol) [0x00007FF649146F03]
	(No symbol) [0x00007FF649110328]
	(No symbol) [0x00007FF649111093]
	GetHandleVerifier [0x00007FF6495B7B6D+2931725]
	GetHandleVerifier [0x00007FF6495B2132+2908626]
	GetHandleVerifier [0x00007FF6495D00F3+3031443]
	GetHandleVerifier [0x00007FF6493191EA+184970]
	GetHandleVerifier [0x00007FF64932086F+215311]
	GetHandleVerifier [0x00007FF649306EC4+110436]
	GetHandleVerifier [0x00007FF649307072+110866]
	GetHandleVerifier [0x00007FF6492ED479+5401]
	BaseThreadInitThunk [0x00007FFCAAD3E8D7+23]
	RtlUserThreadStart [0x00007FFCAC3F14FC+44]

[2025-04-24 21:14:55] Message: stale element reference: stale element not found in the current frame
  (Session info: chrome=135.0.7049.115); For documentation on this error, please visit: https://www.selenium.dev/documentation/webdriver/troubleshooting/errors#stale-element-reference-exception
Stacktrace:
	GetHandleVerifier [0x00007FF6492FEFA5+77893]
	GetHandleVerifier [0x00007FF6492FF000+77984]
	(No symbol) [0x00007FF6490C91BA]
	(No symbol) [0x00007FF6490D0AEC]
	(No symbol) [0x00007FF6490D3B5C]
	(No symbol) [0x00007FF6490D3C2F]
	(No symbol) [0x00007FF64911EA17]
	(No symbol) [0x00007FF64911F41C]
	(No symbol) [0x00007FF649111B1C]
	(No symbol) [0x00007FF64914716F]
	(No symbol) [0x00007FF6491119E6]
	(No symbol) [0x00007FF649147340]
	(No symbol) [0x00007FF64916F07F]
	(No symbol) [0x00007FF649146F03]
	(No symbol) [0x00007FF649110328]
	(No symbol) [0x00007FF649111093]
	GetHandleVerifier [0x00007FF6495B7B6D+2931725]
	GetHandleVerifier [0x00007FF6495B2132+2908626]
	GetHandleVerifier [0x00007FF6495D00F3+3031443]
	GetHandleVerifier [0x00007FF6493191EA+184970]
	GetHandleVerifier [0x00007FF64932086F+215311]
	GetHandleVerifier [0x00007FF649306EC4+110436]
	GetHandleVerifier [0x00007FF649307072+110866]
	GetHandleVerifier [0x00007FF6492ED479+5401]
	BaseThreadInitThunk [0x00007FFCAAD3E8D7+23]
	RtlUserThreadStart [0x00007FFCAC3F14FC+44]

[2025-04-24 21:14:55] Message: stale element reference: stale element not found in the current frame
  (Session info: chrome=135.0.7049.115); For documentation on this error, please visit: https://www.selenium.dev/documentation/webdriver/troubleshooting/errors#stale-element-reference-exception
Stacktrace:
	GetHandleVerifier [0x00007FF6492FEFA5+77893]
	GetHandleVerifier [0x00007FF6492FF000+77984]
	(No symbol) [0x00007FF6490C91BA]
	(No symbol) [0x00007FF6490D0AEC]
	(No symbol) [0x00007FF6490D3B5C]
	(No symbol) [0x00007FF6490D3C2F]
	(No symbol) [0x00007FF64911EA17]
	(No symbol) [0x00007FF64911F41C]
	(No symbol) [0x00007FF649111B1C]
	(No symbol) [0x00007FF64914716F]
	(No symbol) [0x00007FF6491119E6]
	(No symbol) [0x00007FF649147340]
	(No symbol) [0x00007FF64916F07F]
	(No symbol) [0x00007FF649146F03]
	(No symbol) [0x00007FF649110328]
	(No symbol) [0x00007FF649111093]
	GetHandleVerifier [0x00007FF6495B7B6D+2931725]
	GetHandleVerifier [0x00007FF6495B2132+2908626]
	GetHandleVerifier [0x00007FF6495D00F3+3031443]
	GetHandleVerifier [0x00007FF6493191EA+184970]
	GetHandleVerifier [0x00007FF64932086F+215311]
	GetHandleVerifier [0x00007FF649306EC4+110436]
	GetHandleVerifier [0x00007FF649307072+110866]
	GetHandleVerifier [0x00007FF6492ED479+5401]
	BaseThreadInitThunk [0x00007FFCAAD3E8D7+23]
	RtlUserThreadStart [0x00007FFCAC3F14FC+44]

[2025-04-24 21:14:55] Message: stale element reference: stale element not found in the current frame
  (Session info: chrome=135.0.7049.115); For documentation on this error, please visit: https://www.selenium.dev/documentation/webdriver/troubleshooting/errors#stale-element-reference-exception
Stacktrace:
	GetHandleVerifier [0x00007FF6492FEFA5+77893]
	GetHandleVerifier [0x00007FF6492FF000+77984]
	(No symbol) [0x00007FF6490C91BA]
	(No symbol) [0x00007FF6490D0AEC]
	(No symbol) [0x00007FF6490D3B5C]
	(No symbol) [0x00007FF6490D3C2F]
	(No symbol) [0x00007FF64911EA17]
	(No symbol) [0x00007FF64911F41C]
	(No symbol) [0x00007FF649111B1C]
	(No symbol) [0x00007FF64914716F]
	(No symbol) [0x00007FF6491119E6]
	(No symbol) [0x00007FF649147340]
	(No symbol) [0x00007FF64916F07F]
	(No symbol) [0x00007FF649146F03]
	(No symbol) [0x00007FF649110328]
	(No symbol) [0x00007FF649111093]
	GetHandleVerifier [0x00007FF6495B7B6D+2931725]
	GetHandleVerifier [0x00007FF6495B2132+2908626]
	GetHandleVerifier [0x00007FF6495D00F3+3031443]
	GetHandleVerifier [0x00007FF6493191EA+184970]
	GetHandleVerifier [0x00007FF64932086F+215311]
	GetHandleVerifier [0x00007FF649306EC4+110436]
	GetHandleVerifier [0x00007FF649307072+110866]
	GetHandleVerifier [0x00007FF6492ED479+5401]
	BaseThreadInitThunk [0x00007FFCAAD3E8D7+23]
	RtlUserThreadStart [0x00007FFCAC3F14FC+44]

[2025-04-24 21:14:55] Message: stale element reference: stale element not found in the current frame
  (Session info: chrome=135.0.7049.115); For documentation on this error, please visit: https://www.selenium.dev/documentation/webdriver/troubleshooting/errors#stale-element-reference-exception
Stacktrace:
	GetHandleVerifier [0x00007FF6492FEFA5+77893]
	GetHandleVerifier [0x00007FF6492FF000+77984]
	(No symbol) [0x00007FF6490C91BA]
	(No symbol) [0x00007FF6490D0AEC]
	(No symbol) [0x00007FF6490D3B5C]
	(No symbol) [0x00007FF6490D3C2F]
	(No symbol) [0x00007FF64911EA17]
	(No symbol) [0x00007FF64911F41C]
	(No symbol) [0x00007FF649111B1C]
	(No symbol) [0x00007FF64914716F]
	(No symbol) [0x00007FF6491119E6]
	(No symbol) [0x00007FF649147340]
	(No symbol) [0x00007FF64916F07F]
	(No symbol) [0x00007FF649146F03]
	(No symbol) [0x00007FF649110328]
	(No symbol) [0x00007FF649111093]
	GetHandleVerifier [0x00007FF6495B7B6D+2931725]
	GetHandleVerifier [0x00007FF6495B2132+2908626]
	GetHandleVerifier [0x00007FF6495D00F3+3031443]
	GetHandleVerifier [0x00007FF6493191EA+184970]
	GetHandleVerifier [0x00007FF64932086F+215311]
	GetHandleVerifier [0x00007FF649306EC4+110436]
	GetHandleVerifier [0x00007FF649307072+110866]
	GetHandleVerifier [0x00007FF6492ED479+5401]
	BaseThreadInitThunk [0x00007FFCAAD3E8D7+23]
	RtlUserThreadStart [0x00007FFCAC3F14FC+44]

[2025-04-24 21:14:55] Message: stale element reference: stale element not found in the current frame
  (Session info: chrome=135.0.7049.115); For documentation on this error, please visit: https://www.selenium.dev/documentation/webdriver/troubleshooting/errors#stale-element-reference-exception
Stacktrace:
	GetHandleVerifier [0x00007FF6492FEFA5+77893]
	GetHandleVerifier [0x00007FF6492FF000+77984]
	(No symbol) [0x00007FF6490C91BA]
	(No symbol) [0x00007FF6490D0AEC]
	(No symbol) [0x00007FF6490D3B5C]
	(No symbol) [0x00007FF6490D3C2F]
	(No symbol) [0x00007FF64911EA17]
	(No symbol) [0x00007FF64911F41C]
	(No symbol) [0x00007FF649111B1C]
	(No symbol) [0x00007FF64914716F]
	(No symbol) [0x00007FF6491119E6]
	(No symbol) [0x00007FF649147340]
	(No symbol) [0x00007FF64916F07F]
	(No symbol) [0x00007FF649146F03]
	(No symbol) [0x00007FF649110328]
	(No symbol) [0x00007FF649111093]
	GetHandleVerifier [0x00007FF6495B7B6D+2931725]
	GetHandleVerifier [0x00007FF6495B2132+2908626]
	GetHandleVerifier [0x00007FF6495D00F3+3031443]
	GetHandleVerifier [0x00007FF6493191EA+184970]
	GetHandleVerifier [0x00007FF64932086F+215311]
	GetHandleVerifier [0x00007FF649306EC4+110436]
	GetHandleVerifier [0x00007FF649307072+110866]
	GetHandleVerifier [0x00007FF6492ED479+5401]
	BaseThreadInitThunk [0x00007FFCAAD3E8D7+23]
	RtlUserThreadStart [0x00007FFCAC3F14FC+44]

[2025-04-24 21:14:55] Message: stale element reference: stale element not found in the current frame
  (Session info: chrome=135.0.7049.115); For documentation on this error, please visit: https://www.selenium.dev/documentation/webdriver/troubleshooting/errors#stale-element-reference-exception
Stacktrace:
	GetHandleVerifier [0x00007FF6492FEFA5+77893]
	GetHandleVerifier [0x00007FF6492FF000+77984]
	(No symbol) [0x00007FF6490C91BA]
	(No symbol) [0x00007FF6490D0AEC]
	(No symbol) [0x00007FF6490D3B5C]
	(No symbol) [0x00007FF6490D3C2F]
	(No symbol) [0x00007FF64911EA17]
	(No symbol) [0x00007FF64911F41C]
	(No symbol) [0x00007FF649111B1C]
	(No symbol) [0x00007FF64914716F]
	(No symbol) [0x00007FF6491119E6]
	(No symbol) [0x00007FF649147340]
	(No symbol) [0x00007FF64916F07F]
	(No symbol) [0x00007FF649146F03]
	(No symbol) [0x00007FF649110328]
	(No symbol) [0x00007FF649111093]
	GetHandleVerifier [0x00007FF6495B7B6D+2931725]
	GetHandleVerifier [0x00007FF6495B2132+2908626]
	GetHandleVerifier [0x00007FF6495D00F3+3031443]
	GetHandleVerifier [0x00007FF6493191EA+184970]
	GetHandleVerifier [0x00007FF64932086F+215311]
	GetHandleVerifier [0x00007FF649306EC4+110436]
	GetHandleVerifier [0x00007FF649307072+110866]
	GetHandleVerifier [0x00007FF6492ED479+5401]
	BaseThreadInitThunk [0x00007FFCAAD3E8D7+23]
	RtlUserThreadStart [0x00007FFCAC3F14FC+44]

[2025-04-24 21:14:55] Message: stale element reference: stale element not found in the current frame
  (Session info: chrome=135.0.7049.115); For documentation on this error, please visit: https://www.selenium.dev/documentation/webdriver/troubleshooting/errors#stale-element-reference-exception
Stacktrace:
	GetHandleVerifier [0x00007FF6492FEFA5+77893]
	GetHandleVerifier [0x00007FF6492FF000+77984]
	(No symbol) [0x00007FF6490C91BA]
	(No symbol) [0x00007FF6490D0AEC]
	(No symbol) [0x00007FF6490D3B5C]
	(No symbol) [0x00007FF6490D3C2F]
	(No symbol) [0x00007FF64911EA17]
	(No symbol) [0x00007FF64911F41C]
	(No symbol) [0x00007FF649111B1C]
	(No symbol) [0x00007FF64914716F]
	(No symbol) [0x00007FF6491119E6]
	(No symbol) [0x00007FF649147340]
	(No symbol) [0x00007FF64916F07F]
	(No symbol) [0x00007FF649146F03]
	(No symbol) [0x00007FF649110328]
	(No symbol) [0x00007FF649111093]
	GetHandleVerifier [0x00007FF6495B7B6D+2931725]
	GetHandleVerifier [0x00007FF6495B2132+2908626]
	GetHandleVerifier [0x00007FF6495D00F3+3031443]
	GetHandleVerifier [0x00007FF6493191EA+184970]
	GetHandleVerifier [0x00007FF64932086F+215311]
	GetHandleVerifier [0x00007FF649306EC4+110436]
	GetHandleVerifier [0x00007FF649307072+110866]
	GetHandleVerifier [0x00007FF6492ED479+5401]
	BaseThreadInitThunk [0x00007FFCAAD3E8D7+23]
	RtlUserThreadStart [0x00007FFCAC3F14FC+44]

[2025-04-24 21:14:55] Message: stale element reference: stale element not found in the current frame
  (Session info: chrome=135.0.7049.115); For documentation on this error, please visit: https://www.selenium.dev/documentation/webdriver/troubleshooting/errors#stale-element-reference-exception
Stacktrace:
	GetHandleVerifier [0x00007FF6492FEFA5+77893]
	GetHandleVerifier [0x00007FF6492FF000+77984]
	(No symbol) [0x00007FF6490C91BA]
	(No symbol) [0x00007FF6490D0AEC]
	(No symbol) [0x00007FF6490D3B5C]
	(No symbol) [0x00007FF6490D3C2F]
	(No symbol) [0x00007FF64911EA17]
	(No symbol) [0x00007FF64911F41C]
	(No symbol) [0x00007FF649111B1C]
	(No symbol) [0x00007FF64914716F]
	(No symbol) [0x00007FF6491119E6]
	(No symbol) [0x00007FF649147340]
	(No symbol) [0x00007FF64916F07F]
	(No symbol) [0x00007FF649146F03]
	(No symbol) [0x00007FF649110328]
	(No symbol) [0x00007FF649111093]
	GetHandleVerifier [0x00007FF6495B7B6D+2931725]
	GetHandleVerifier [0x00007FF6495B2132+2908626]
	GetHandleVerifier [0x00007FF6495D00F3+3031443]
	GetHandleVerifier [0x00007FF6493191EA+184970]
	GetHandleVerifier [0x00007FF64932086F+215311]
	GetHandleVerifier [0x00007FF649306EC4+110436]
	GetHandleVerifier [0x00007FF649307072+110866]
	GetHandleVerifier [0x00007FF6492ED479+5401]
	BaseThreadInitThunk [0x00007FFCAAD3E8D7+23]
	RtlUserThreadStart [0x00007FFCAC3F14FC+44]

[2025-04-24 21:14:55] Message: stale element reference: stale element not found in the current frame
  (Session info: chrome=135.0.7049.115); For documentation on this error, please visit: https://www.selenium.dev/documentation/webdriver/troubleshooting/errors#stale-element-reference-exception
Stacktrace:
	GetHandleVerifier [0x00007FF6492FEFA5+77893]
	GetHandleVerifier [0x00007FF6492FF000+77984]
	(No symbol) [0x00007FF6490C91BA]
	(No symbol) [0x00007FF6490D0AEC]
	(No symbol) [0x00007FF6490D3B5C]
	(No symbol) [0x00007FF6490D3C2F]
	(No symbol) [0x00007FF64911EA17]
	(No symbol) [0x00007FF64911F41C]
	(No symbol) [0x00007FF649111B1C]
	(No symbol) [0x00007FF64914716F]
	(No symbol) [0x00007FF6491119E6]
	(No symbol) [0x00007FF649147340]
	(No symbol) [0x00007FF64916F07F]
	(No symbol) [0x00007FF649146F03]
	(No symbol) [0x00007FF649110328]
	(No symbol) [0x00007FF649111093]
	GetHandleVerifier [0x00007FF6495B7B6D+2931725]
	GetHandleVerifier [0x00007FF6495B2132+2908626]
	GetHandleVerifier [0x00007FF6495D00F3+3031443]
	GetHandleVerifier [0x00007FF6493191EA+184970]
	GetHandleVerifier [0x00007FF64932086F+215311]
	GetHandleVerifier [0x00007FF649306EC4+110436]
	GetHandleVerifier [0x00007FF649307072+110866]
	GetHandleVerifier [0x00007FF6492ED479+5401]
	BaseThreadInitThunk [0x00007FFCAAD3E8D7+23]
	RtlUserThreadStart [0x00007FFCAC3F14FC+44]

[2025-04-24 21:14:55] Message: stale element reference: stale element not found in the current frame
  (Session info: chrome=135.0.7049.115); For documentation on this error, please visit: https://www.selenium.dev/documentation/webdriver/troubleshooting/errors#stale-element-reference-exception
Stacktrace:
	GetHandleVerifier [0x00007FF6492FEFA5+77893]
	GetHandleVerifier [0x00007FF6492FF000+77984]
	(No symbol) [0x00007FF6490C91BA]
	(No symbol) [0x00007FF6490D0AEC]
	(No symbol) [0x00007FF6490D3B5C]
	(No symbol) [0x00007FF6490D3C2F]
	(No symbol) [0x00007FF64911EA17]
	(No symbol) [0x00007FF64911F41C]
	(No symbol) [0x00007FF649111B1C]
	(No symbol) [0x00007FF64914716F]
	(No symbol) [0x00007FF6491119E6]
	(No symbol) [0x00007FF649147340]
	(No symbol) [0x00007FF64916F07F]
	(No symbol) [0x00007FF649146F03]
	(No symbol) [0x00007FF649110328]
	(No symbol) [0x00007FF649111093]
	GetHandleVerifier [0x00007FF6495B7B6D+2931725]
	GetHandleVerifier [0x00007FF6495B2132+2908626]
	GetHandleVerifier [0x00007FF6495D00F3+3031443]
	GetHandleVerifier [0x00007FF6493191EA+184970]
	GetHandleVerifier [0x00007FF64932086F+215311]
	GetHandleVerifier [0x00007FF649306EC4+110436]
	GetHandleVerifier [0x00007FF649307072+110866]
	GetHandleVerifier [0x00007FF6492ED479+5401]
	BaseThreadInitThunk [0x00007FFCAAD3E8D7+23]
	RtlUserThreadStart [0x00007FFCAC3F14FC+44]

[2025-04-24 21:14:55] Message: stale element reference: stale element not found in the current frame
  (Session info: chrome=135.0.7049.115); For documentation on this error, please visit: https://www.selenium.dev/documentation/webdriver/troubleshooting/errors#stale-element-reference-exception
Stacktrace:
	GetHandleVerifier [0x00007FF6492FEFA5+77893]
	GetHandleVerifier [0x00007FF6492FF000+77984]
	(No symbol) [0x00007FF6490C91BA]
	(No symbol) [0x00007FF6490D0AEC]
	(No symbol) [0x00007FF6490D3B5C]
	(No symbol) [0x00007FF6490D3C2F]
	(No symbol) [0x00007FF64911EA17]
	(No symbol) [0x00007FF64911F41C]
	(No symbol) [0x00007FF649111B1C]
	(No symbol) [0x00007FF64914716F]
	(No symbol) [0x00007FF6491119E6]
	(No symbol) [0x00007FF649147340]
	(No symbol) [0x00007FF64916F07F]
	(No symbol) [0x00007FF649146F03]
	(No symbol) [0x00007FF649110328]
	(No symbol) [0x00007FF649111093]
	GetHandleVerifier [0x00007FF6495B7B6D+2931725]
	GetHandleVerifier [0x00007FF6495B2132+2908626]
	GetHandleVerifier [0x00007FF6495D00F3+3031443]
	GetHandleVerifier [0x00007FF6493191EA+184970]
	GetHandleVerifier [0x00007FF64932086F+215311]
	GetHandleVerifier [0x00007FF649306EC4+110436]
	GetHandleVerifier [0x00007FF649307072+110866]
	GetHandleVerifier [0x00007FF6492ED479+5401]
	BaseThreadInitThunk [0x00007FFCAAD3E8D7+23]
	RtlUserThreadStart [0x00007FFCAC3F14FC+44]

[2025-04-24 21:14:55] Message: stale element reference: stale element not found in the current frame
  (Session info: chrome=135.0.7049.115); For documentation on this error, please visit: https://www.selenium.dev/documentation/webdriver/troubleshooting/errors#stale-element-reference-exception
Stacktrace:
	GetHandleVerifier [0x00007FF6492FEFA5+77893]
	GetHandleVerifier [0x00007FF6492FF000+77984]
	(No symbol) [0x00007FF6490C91BA]
	(No symbol) [0x00007FF6490D0AEC]
	(No symbol) [0x00007FF6490D3B5C]
	(No symbol) [0x00007FF6490D3C2F]
	(No symbol) [0x00007FF64911EA17]
	(No symbol) [0x00007FF64911F41C]
	(No symbol) [0x00007FF649111B1C]
	(No symbol) [0x00007FF64914716F]
	(No symbol) [0x00007FF6491119E6]
	(No symbol) [0x00007FF649147340]
	(No symbol) [0x00007FF64916F07F]
	(No symbol) [0x00007FF649146F03]
	(No symbol) [0x00007FF649110328]
	(No symbol) [0x00007FF649111093]
	GetHandleVerifier [0x00007FF6495B7B6D+2931725]
	GetHandleVerifier [0x00007FF6495B2132+2908626]
	GetHandleVerifier [0x00007FF6495D00F3+3031443]
	GetHandleVerifier [0x00007FF6493191EA+184970]
	GetHandleVerifier [0x00007FF64932086F+215311]
	GetHandleVerifier [0x00007FF649306EC4+110436]
	GetHandleVerifier [0x00007FF649307072+110866]
	GetHandleVerifier [0x00007FF6492ED479+5401]
	BaseThreadInitThunk [0x00007FFCAAD3E8D7+23]
	RtlUserThreadStart [0x00007FFCAC3F14FC+44]

[2025-04-24 21:14:55] Message: stale element reference: stale element not found in the current frame
  (Session info: chrome=135.0.7049.115); For documentation on this error, please visit: https://www.selenium.dev/documentation/webdriver/troubleshooting/errors#stale-element-reference-exception
Stacktrace:
	GetHandleVerifier [0x00007FF6492FEFA5+77893]
	GetHandleVerifier [0x00007FF6492FF000+77984]
	(No symbol) [0x00007FF6490C91BA]
	(No symbol) [0x00007FF6490D0AEC]
	(No symbol) [0x00007FF6490D3B5C]
	(No symbol) [0x00007FF6490D3C2F]
	(No symbol) [0x00007FF64911EA17]
	(No symbol) [0x00007FF64911F41C]
	(No symbol) [0x00007FF649111B1C]
	(No symbol) [0x00007FF64914716F]
	(No symbol) [0x00007FF6491119E6]
	(No symbol) [0x00007FF649147340]
	(No symbol) [0x00007FF64916F07F]
	(No symbol) [0x00007FF649146F03]
	(No symbol) [0x00007FF649110328]
	(No symbol) [0x00007FF649111093]
	GetHandleVerifier [0x00007FF6495B7B6D+2931725]
	GetHandleVerifier [0x00007FF6495B2132+2908626]
	GetHandleVerifier [0x00007FF6495D00F3+3031443]
	GetHandleVerifier [0x00007FF6493191EA+184970]
	GetHandleVerifier [0x00007FF64932086F+215311]
	GetHandleVerifier [0x00007FF649306EC4+110436]
	GetHandleVerifier [0x00007FF649307072+110866]
	GetHandleVerifier [0x00007FF6492ED479+5401]
	BaseThreadInitThunk [0x00007FFCAAD3E8D7+23]
	RtlUserThreadStart [0x00007FFCAC3F14FC+44]

[2025-04-24 21:14:55] Message: stale element reference: stale element not found in the current frame
  (Session info: chrome=135.0.7049.115); For documentation on this error, please visit: https://www.selenium.dev/documentation/webdriver/troubleshooting/errors#stale-element-reference-exception
Stacktrace:
	GetHandleVerifier [0x00007FF6492FEFA5+77893]
	GetHandleVerifier [0x00007FF6492FF000+77984]
	(No symbol) [0x00007FF6490C91BA]
	(No symbol) [0x00007FF6490D0AEC]
	(No symbol) [0x00007FF6490D3B5C]
	(No symbol) [0x00007FF6490D3C2F]
	(No symbol) [0x00007FF64911EA17]
	(No symbol) [0x00007FF64911F41C]
	(No symbol) [0x00007FF649111B1C]
	(No symbol) [0x00007FF64914716F]
	(No symbol) [0x00007FF6491119E6]
	(No symbol) [0x00007FF649147340]
	(No symbol) [0x00007FF64916F07F]
	(No symbol) [0x00007FF649146F03]
	(No symbol) [0x00007FF649110328]
	(No symbol) [0x00007FF649111093]
	GetHandleVerifier [0x00007FF6495B7B6D+2931725]
	GetHandleVerifier [0x00007FF6495B2132+2908626]
	GetHandleVerifier [0x00007FF6495D00F3+3031443]
	GetHandleVerifier [0x00007FF6493191EA+184970]
	GetHandleVerifier [0x00007FF64932086F+215311]
	GetHandleVerifier [0x00007FF649306EC4+110436]
	GetHandleVerifier [0x00007FF649307072+110866]
	GetHandleVerifier [0x00007FF6492ED479+5401]
	BaseThreadInitThunk [0x00007FFCAAD3E8D7+23]
	RtlUserThreadStart [0x00007FFCAC3F14FC+44]

[2025-04-24 21:16:16] Message: stale element reference: stale element not found in the current frame
  (Session info: chrome=135.0.7049.115); For documentation on this error, please visit: https://www.selenium.dev/documentation/webdriver/troubleshooting/errors#stale-element-reference-exception
Stacktrace:
	GetHandleVerifier [0x00007FF6492FEFA5+77893]
	GetHandleVerifier [0x00007FF6492FF000+77984]
	(No symbol) [0x00007FF6490C91BA]
	(No symbol) [0x00007FF6490D0AEC]
	(No symbol) [0x00007FF6490D3B5C]
	(No symbol) [0x00007FF6490D3C2F]
	(No symbol) [0x00007FF649118D86]
	(No symbol) [0x00007FF64914712A]
	(No symbol) [0x00007FF6491119E6]
	(No symbol) [0x00007FF649147340]
	(No symbol) [0x00007FF64916F07F]
	(No symbol) [0x00007FF649146F03]
	(No symbol) [0x00007FF649110328]
	(No symbol) [0x00007FF649111093]
	GetHandleVerifier [0x00007FF6495B7B6D+2931725]
	GetHandleVerifier [0x00007FF6495B2132+2908626]
	GetHandleVerifier [0x00007FF6495D00F3+3031443]
	GetHandleVerifier [0x00007FF6493191EA+184970]
	GetHandleVerifier [0x00007FF64932086F+215311]
	GetHandleVerifier [0x00007FF649306EC4+110436]
	GetHandleVerifier [0x00007FF649307072+110866]
	GetHandleVerifier [0x00007FF6492ED479+5401]
	BaseThreadInitThunk [0x00007FFCAAD3E8D7+23]
	RtlUserThreadStart [0x00007FFCAC3F14FC+44]

[2025-04-24 21:16:16] Message: stale element reference: stale element not found in the current frame
  (Session info: chrome=135.0.7049.115); For documentation on this error, please visit: https://www.selenium.dev/documentation/webdriver/troubleshooting/errors#stale-element-reference-exception
Stacktrace:
	GetHandleVerifier [0x00007FF6492FEFA5+77893]
	GetHandleVerifier [0x00007FF6492FF000+77984]
	(No symbol) [0x00007FF6490C91BA]
	(No symbol) [0x00007FF6490D0AEC]
	(No symbol) [0x00007FF6490D3B5C]
	(No symbol) [0x00007FF6490D3C2F]
	(No symbol) [0x00007FF64911EA17]
	(No symbol) [0x00007FF64911F41C]
	(No symbol) [0x00007FF649111B1C]
	(No symbol) [0x00007FF64914716F]
	(No symbol) [0x00007FF6491119E6]
	(No symbol) [0x00007FF649147340]
	(No symbol) [0x00007FF64916F07F]
	(No symbol) [0x00007FF649146F03]
	(No symbol) [0x00007FF649110328]
	(No symbol) [0x00007FF649111093]
	GetHandleVerifier [0x00007FF6495B7B6D+2931725]
	GetHandleVerifier [0x00007FF6495B2132+2908626]
	GetHandleVerifier [0x00007FF6495D00F3+3031443]
	GetHandleVerifier [0x00007FF6493191EA+184970]
	GetHandleVerifier [0x00007FF64932086F+215311]
	GetHandleVerifier [0x00007FF649306EC4+110436]
	GetHandleVerifier [0x00007FF649307072+110866]
	GetHandleVerifier [0x00007FF6492ED479+5401]
	BaseThreadInitThunk [0x00007FFCAAD3E8D7+23]
	RtlUserThreadStart [0x00007FFCAC3F14FC+44]

[2025-04-24 21:16:16] Message: stale element reference: stale element not found in the current frame
  (Session info: chrome=135.0.7049.115); For documentation on this error, please visit: https://www.selenium.dev/documentation/webdriver/troubleshooting/errors#stale-element-reference-exception
Stacktrace:
	GetHandleVerifier [0x00007FF6492FEFA5+77893]
	GetHandleVerifier [0x00007FF6492FF000+77984]
	(No symbol) [0x00007FF6490C91BA]
	(No symbol) [0x00007FF6490D0AEC]
	(No symbol) [0x00007FF6490D3B5C]
	(No symbol) [0x00007FF6490D3C2F]
	(No symbol) [0x00007FF64911EA17]
	(No symbol) [0x00007FF64911F41C]
	(No symbol) [0x00007FF649111B1C]
	(No symbol) [0x00007FF64914716F]
	(No symbol) [0x00007FF6491119E6]
	(No symbol) [0x00007FF649147340]
	(No symbol) [0x00007FF64916F07F]
	(No symbol) [0x00007FF649146F03]
	(No symbol) [0x00007FF649110328]
	(No symbol) [0x00007FF649111093]
	GetHandleVerifier [0x00007FF6495B7B6D+2931725]
	GetHandleVerifier [0x00007FF6495B2132+2908626]
	GetHandleVerifier [0x00007FF6495D00F3+3031443]
	GetHandleVerifier [0x00007FF6493191EA+184970]
	GetHandleVerifier [0x00007FF64932086F+215311]
	GetHandleVerifier [0x00007FF649306EC4+110436]
	GetHandleVerifier [0x00007FF649307072+110866]
	GetHandleVerifier [0x00007FF6492ED479+5401]
	BaseThreadInitThunk [0x00007FFCAAD3E8D7+23]
	RtlUserThreadStart [0x00007FFCAC3F14FC+44]

[2025-04-24 21:16:16] Message: stale element reference: stale element not found in the current frame
  (Session info: chrome=135.0.7049.115); For documentation on this error, please visit: https://www.selenium.dev/documentation/webdriver/troubleshooting/errors#stale-element-reference-exception
Stacktrace:
	GetHandleVerifier [0x00007FF6492FEFA5+77893]
	GetHandleVerifier [0x00007FF6492FF000+77984]
	(No symbol) [0x00007FF6490C91BA]
	(No symbol) [0x00007FF6490D0AEC]
	(No symbol) [0x00007FF6490D3B5C]
	(No symbol) [0x00007FF6490D3C2F]
	(No symbol) [0x00007FF64911EA17]
	(No symbol) [0x00007FF64911F41C]
	(No symbol) [0x00007FF649111B1C]
	(No symbol) [0x00007FF64914716F]
	(No symbol) [0x00007FF6491119E6]
	(No symbol) [0x00007FF649147340]
	(No symbol) [0x00007FF64916F07F]
	(No symbol) [0x00007FF649146F03]
	(No symbol) [0x00007FF649110328]
	(No symbol) [0x00007FF649111093]
	GetHandleVerifier [0x00007FF6495B7B6D+2931725]
	GetHandleVerifier [0x00007FF6495B2132+2908626]
	GetHandleVerifier [0x00007FF6495D00F3+3031443]
	GetHandleVerifier [0x00007FF6493191EA+184970]
	GetHandleVerifier [0x00007FF64932086F+215311]
	GetHandleVerifier [0x00007FF649306EC4+110436]
	GetHandleVerifier [0x00007FF649307072+110866]
	GetHandleVerifier [0x00007FF6492ED479+5401]
	BaseThreadInitThunk [0x00007FFCAAD3E8D7+23]
	RtlUserThreadStart [0x00007FFCAC3F14FC+44]

[2025-04-24 21:16:16] Message: stale element reference: stale element not found in the current frame
  (Session info: chrome=135.0.7049.115); For documentation on this error, please visit: https://www.selenium.dev/documentation/webdriver/troubleshooting/errors#stale-element-reference-exception
Stacktrace:
	GetHandleVerifier [0x00007FF6492FEFA5+77893]
	GetHandleVerifier [0x00007FF6492FF000+77984]
	(No symbol) [0x00007FF6490C91BA]
	(No symbol) [0x00007FF6490D0AEC]
	(No symbol) [0x00007FF6490D3B5C]
	(No symbol) [0x00007FF6490D3C2F]
	(No symbol) [0x00007FF64911EA17]
	(No symbol) [0x00007FF64911F41C]
	(No symbol) [0x00007FF649111B1C]
	(No symbol) [0x00007FF64914716F]
	(No symbol) [0x00007FF6491119E6]
	(No symbol) [0x00007FF649147340]
	(No symbol) [0x00007FF64916F07F]
	(No symbol) [0x00007FF649146F03]
	(No symbol) [0x00007FF649110328]
	(No symbol) [0x00007FF649111093]
	GetHandleVerifier [0x00007FF6495B7B6D+2931725]
	GetHandleVerifier [0x00007FF6495B2132+2908626]
	GetHandleVerifier [0x00007FF6495D00F3+3031443]
	GetHandleVerifier [0x00007FF6493191EA+184970]
	GetHandleVerifier [0x00007FF64932086F+215311]
	GetHandleVerifier [0x00007FF649306EC4+110436]
	GetHandleVerifier [0x00007FF649307072+110866]
	GetHandleVerifier [0x00007FF6492ED479+5401]
	BaseThreadInitThunk [0x00007FFCAAD3E8D7+23]
	RtlUserThreadStart [0x00007FFCAC3F14FC+44]

[2025-04-24 21:16:16] Message: stale element reference: stale element not found in the current frame
  (Session info: chrome=135.0.7049.115); For documentation on this error, please visit: https://www.selenium.dev/documentation/webdriver/troubleshooting/errors#stale-element-reference-exception
Stacktrace:
	GetHandleVerifier [0x00007FF6492FEFA5+77893]
	GetHandleVerifier [0x00007FF6492FF000+77984]
	(No symbol) [0x00007FF6490C91BA]
	(No symbol) [0x00007FF6490D0AEC]
	(No symbol) [0x00007FF6490D3B5C]
	(No symbol) [0x00007FF6490D3C2F]
	(No symbol) [0x00007FF64911EA17]
	(No symbol) [0x00007FF64911F41C]
	(No symbol) [0x00007FF649111B1C]
	(No symbol) [0x00007FF64914716F]
	(No symbol) [0x00007FF6491119E6]
	(No symbol) [0x00007FF649147340]
	(No symbol) [0x00007FF64916F07F]
	(No symbol) [0x00007FF649146F03]
	(No symbol) [0x00007FF649110328]
	(No symbol) [0x00007FF649111093]
	GetHandleVerifier [0x00007FF6495B7B6D+2931725]
	GetHandleVerifier [0x00007FF6495B2132+2908626]
	GetHandleVerifier [0x00007FF6495D00F3+3031443]
	GetHandleVerifier [0x00007FF6493191EA+184970]
	GetHandleVerifier [0x00007FF64932086F+215311]
	GetHandleVerifier [0x00007FF649306EC4+110436]
	GetHandleVerifier [0x00007FF649307072+110866]
	GetHandleVerifier [0x00007FF6492ED479+5401]
	BaseThreadInitThunk [0x00007FFCAAD3E8D7+23]
	RtlUserThreadStart [0x00007FFCAC3F14FC+44]

[2025-04-24 21:16:16] Message: stale element reference: stale element not found in the current frame
  (Session info: chrome=135.0.7049.115); For documentation on this error, please visit: https://www.selenium.dev/documentation/webdriver/troubleshooting/errors#stale-element-reference-exception
Stacktrace:
	GetHandleVerifier [0x00007FF6492FEFA5+77893]
	GetHandleVerifier [0x00007FF6492FF000+77984]
	(No symbol) [0x00007FF6490C91BA]
	(No symbol) [0x00007FF6490D0AEC]
	(No symbol) [0x00007FF6490D3B5C]
	(No symbol) [0x00007FF6490D3C2F]
	(No symbol) [0x00007FF64911EA17]
	(No symbol) [0x00007FF64911F41C]
	(No symbol) [0x00007FF649111B1C]
	(No symbol) [0x00007FF64914716F]
	(No symbol) [0x00007FF6491119E6]
	(No symbol) [0x00007FF649147340]
	(No symbol) [0x00007FF64916F07F]
	(No symbol) [0x00007FF649146F03]
	(No symbol) [0x00007FF649110328]
	(No symbol) [0x00007FF649111093]
	GetHandleVerifier [0x00007FF6495B7B6D+2931725]
	GetHandleVerifier [0x00007FF6495B2132+2908626]
	GetHandleVerifier [0x00007FF6495D00F3+3031443]
	GetHandleVerifier [0x00007FF6493191EA+184970]
	GetHandleVerifier [0x00007FF64932086F+215311]
	GetHandleVerifier [0x00007FF649306EC4+110436]
	GetHandleVerifier [0x00007FF649307072+110866]
	GetHandleVerifier [0x00007FF6492ED479+5401]
	BaseThreadInitThunk [0x00007FFCAAD3E8D7+23]
	RtlUserThreadStart [0x00007FFCAC3F14FC+44]

[2025-04-24 21:16:16] Message: stale element reference: stale element not found in the current frame
  (Session info: chrome=135.0.7049.115); For documentation on this error, please visit: https://www.selenium.dev/documentation/webdriver/troubleshooting/errors#stale-element-reference-exception
Stacktrace:
	GetHandleVerifier [0x00007FF6492FEFA5+77893]
	GetHandleVerifier [0x00007FF6492FF000+77984]
	(No symbol) [0x00007FF6490C91BA]
	(No symbol) [0x00007FF6490D0AEC]
	(No symbol) [0x00007FF6490D3B5C]
	(No symbol) [0x00007FF6490D3C2F]
	(No symbol) [0x00007FF64911EA17]
	(No symbol) [0x00007FF64911F41C]
	(No symbol) [0x00007FF649111B1C]
	(No symbol) [0x00007FF64914716F]
	(No symbol) [0x00007FF6491119E6]
	(No symbol) [0x00007FF649147340]
	(No symbol) [0x00007FF64916F07F]
	(No symbol) [0x00007FF649146F03]
	(No symbol) [0x00007FF649110328]
	(No symbol) [0x00007FF649111093]
	GetHandleVerifier [0x00007FF6495B7B6D+2931725]
	GetHandleVerifier [0x00007FF6495B2132+2908626]
	GetHandleVerifier [0x00007FF6495D00F3+3031443]
	GetHandleVerifier [0x00007FF6493191EA+184970]
	GetHandleVerifier [0x00007FF64932086F+215311]
	GetHandleVerifier [0x00007FF649306EC4+110436]
	GetHandleVerifier [0x00007FF649307072+110866]
	GetHandleVerifier [0x00007FF6492ED479+5401]
	BaseThreadInitThunk [0x00007FFCAAD3E8D7+23]
	RtlUserThreadStart [0x00007FFCAC3F14FC+44]

[2025-04-24 21:16:16] Message: stale element reference: stale element not found in the current frame
  (Session info: chrome=135.0.7049.115); For documentation on this error, please visit: https://www.selenium.dev/documentation/webdriver/troubleshooting/errors#stale-element-reference-exception
Stacktrace:
	GetHandleVerifier [0x00007FF6492FEFA5+77893]
	GetHandleVerifier [0x00007FF6492FF000+77984]
	(No symbol) [0x00007FF6490C91BA]
	(No symbol) [0x00007FF6490D0AEC]
	(No symbol) [0x00007FF6490D3B5C]
	(No symbol) [0x00007FF6490D3C2F]
	(No symbol) [0x00007FF64911EA17]
	(No symbol) [0x00007FF64911F41C]
	(No symbol) [0x00007FF649111B1C]
	(No symbol) [0x00007FF64914716F]
	(No symbol) [0x00007FF6491119E6]
	(No symbol) [0x00007FF649147340]
	(No symbol) [0x00007FF64916F07F]
	(No symbol) [0x00007FF649146F03]
	(No symbol) [0x00007FF649110328]
	(No symbol) [0x00007FF649111093]
	GetHandleVerifier [0x00007FF6495B7B6D+2931725]
	GetHandleVerifier [0x00007FF6495B2132+2908626]
	GetHandleVerifier [0x00007FF6495D00F3+3031443]
	GetHandleVerifier [0x00007FF6493191EA+184970]
	GetHandleVerifier [0x00007FF64932086F+215311]
	GetHandleVerifier [0x00007FF649306EC4+110436]
	GetHandleVerifier [0x00007FF649307072+110866]
	GetHandleVerifier [0x00007FF6492ED479+5401]
	BaseThreadInitThunk [0x00007FFCAAD3E8D7+23]
	RtlUserThreadStart [0x00007FFCAC3F14FC+44]

[2025-04-24 21:16:16] Message: stale element reference: stale element not found in the current frame
  (Session info: chrome=135.0.7049.115); For documentation on this error, please visit: https://www.selenium.dev/documentation/webdriver/troubleshooting/errors#stale-element-reference-exception
Stacktrace:
	GetHandleVerifier [0x00007FF6492FEFA5+77893]
	GetHandleVerifier [0x00007FF6492FF000+77984]
	(No symbol) [0x00007FF6490C91BA]
	(No symbol) [0x00007FF6490D0AEC]
	(No symbol) [0x00007FF6490D3B5C]
	(No symbol) [0x00007FF6490D3C2F]
	(No symbol) [0x00007FF64911EA17]
	(No symbol) [0x00007FF64911F41C]
	(No symbol) [0x00007FF649111B1C]
	(No symbol) [0x00007FF64914716F]
	(No symbol) [0x00007FF6491119E6]
	(No symbol) [0x00007FF649147340]
	(No symbol) [0x00007FF64916F07F]
	(No symbol) [0x00007FF649146F03]
	(No symbol) [0x00007FF649110328]
	(No symbol) [0x00007FF649111093]
	GetHandleVerifier [0x00007FF6495B7B6D+2931725]
	GetHandleVerifier [0x00007FF6495B2132+2908626]
	GetHandleVerifier [0x00007FF6495D00F3+3031443]
	GetHandleVerifier [0x00007FF6493191EA+184970]
	GetHandleVerifier [0x00007FF64932086F+215311]
	GetHandleVerifier [0x00007FF649306EC4+110436]
	GetHandleVerifier [0x00007FF649307072+110866]
	GetHandleVerifier [0x00007FF6492ED479+5401]
	BaseThreadInitThunk [0x00007FFCAAD3E8D7+23]
	RtlUserThreadStart [0x00007FFCAC3F14FC+44]

[2025-04-24 21:16:16] Message: stale element reference: stale element not found in the current frame
  (Session info: chrome=135.0.7049.115); For documentation on this error, please visit: https://www.selenium.dev/documentation/webdriver/troubleshooting/errors#stale-element-reference-exception
Stacktrace:
	GetHandleVerifier [0x00007FF6492FEFA5+77893]
	GetHandleVerifier [0x00007FF6492FF000+77984]
	(No symbol) [0x00007FF6490C91BA]
	(No symbol) [0x00007FF6490D0AEC]
	(No symbol) [0x00007FF6490D3B5C]
	(No symbol) [0x00007FF6490D3C2F]
	(No symbol) [0x00007FF64911EA17]
	(No symbol) [0x00007FF64911F41C]
	(No symbol) [0x00007FF649111B1C]
	(No symbol) [0x00007FF64914716F]
	(No symbol) [0x00007FF6491119E6]
	(No symbol) [0x00007FF649147340]
	(No symbol) [0x00007FF64916F07F]
	(No symbol) [0x00007FF649146F03]
	(No symbol) [0x00007FF649110328]
	(No symbol) [0x00007FF649111093]
	GetHandleVerifier [0x00007FF6495B7B6D+2931725]
	GetHandleVerifier [0x00007FF6495B2132+2908626]
	GetHandleVerifier [0x00007FF6495D00F3+3031443]
	GetHandleVerifier [0x00007FF6493191EA+184970]
	GetHandleVerifier [0x00007FF64932086F+215311]
	GetHandleVerifier [0x00007FF649306EC4+110436]
	GetHandleVerifier [0x00007FF649307072+110866]
	GetHandleVerifier [0x00007FF6492ED479+5401]
	BaseThreadInitThunk [0x00007FFCAAD3E8D7+23]
	RtlUserThreadStart [0x00007FFCAC3F14FC+44]

[2025-04-24 21:16:16] Message: stale element reference: stale element not found in the current frame
  (Session info: chrome=135.0.7049.115); For documentation on this error, please visit: https://www.selenium.dev/documentation/webdriver/troubleshooting/errors#stale-element-reference-exception
Stacktrace:
	GetHandleVerifier [0x00007FF6492FEFA5+77893]
	GetHandleVerifier [0x00007FF6492FF000+77984]
	(No symbol) [0x00007FF6490C91BA]
	(No symbol) [0x00007FF6490D0AEC]
	(No symbol) [0x00007FF6490D3B5C]
	(No symbol) [0x00007FF6490D3C2F]
	(No symbol) [0x00007FF64911EA17]
	(No symbol) [0x00007FF64911F41C]
	(No symbol) [0x00007FF649111B1C]
	(No symbol) [0x00007FF64914716F]
	(No symbol) [0x00007FF6491119E6]
	(No symbol) [0x00007FF649147340]
	(No symbol) [0x00007FF64916F07F]
	(No symbol) [0x00007FF649146F03]
	(No symbol) [0x00007FF649110328]
	(No symbol) [0x00007FF649111093]
	GetHandleVerifier [0x00007FF6495B7B6D+2931725]
	GetHandleVerifier [0x00007FF6495B2132+2908626]
	GetHandleVerifier [0x00007FF6495D00F3+3031443]
	GetHandleVerifier [0x00007FF6493191EA+184970]
	GetHandleVerifier [0x00007FF64932086F+215311]
	GetHandleVerifier [0x00007FF649306EC4+110436]
	GetHandleVerifier [0x00007FF649307072+110866]
	GetHandleVerifier [0x00007FF6492ED479+5401]
	BaseThreadInitThunk [0x00007FFCAAD3E8D7+23]
	RtlUserThreadStart [0x00007FFCAC3F14FC+44]

[2025-04-24 21:16:16] Message: stale element reference: stale element not found in the current frame
  (Session info: chrome=135.0.7049.115); For documentation on this error, please visit: https://www.selenium.dev/documentation/webdriver/troubleshooting/errors#stale-element-reference-exception
Stacktrace:
	GetHandleVerifier [0x00007FF6492FEFA5+77893]
	GetHandleVerifier [0x00007FF6492FF000+77984]
	(No symbol) [0x00007FF6490C91BA]
	(No symbol) [0x00007FF6490D0AEC]
	(No symbol) [0x00007FF6490D3B5C]
	(No symbol) [0x00007FF6490D3C2F]
	(No symbol) [0x00007FF64911EA17]
	(No symbol) [0x00007FF64911F41C]
	(No symbol) [0x00007FF649111B1C]
	(No symbol) [0x00007FF64914716F]
	(No symbol) [0x00007FF6491119E6]
	(No symbol) [0x00007FF649147340]
	(No symbol) [0x00007FF64916F07F]
	(No symbol) [0x00007FF649146F03]
	(No symbol) [0x00007FF649110328]
	(No symbol) [0x00007FF649111093]
	GetHandleVerifier [0x00007FF6495B7B6D+2931725]
	GetHandleVerifier [0x00007FF6495B2132+2908626]
	GetHandleVerifier [0x00007FF6495D00F3+3031443]
	GetHandleVerifier [0x00007FF6493191EA+184970]
	GetHandleVerifier [0x00007FF64932086F+215311]
	GetHandleVerifier [0x00007FF649306EC4+110436]
	GetHandleVerifier [0x00007FF649307072+110866]
	GetHandleVerifier [0x00007FF6492ED479+5401]
	BaseThreadInitThunk [0x00007FFCAAD3E8D7+23]
	RtlUserThreadStart [0x00007FFCAC3F14FC+44]

[2025-04-24 21:16:16] Message: stale element reference: stale element not found in the current frame
  (Session info: chrome=135.0.7049.115); For documentation on this error, please visit: https://www.selenium.dev/documentation/webdriver/troubleshooting/errors#stale-element-reference-exception
Stacktrace:
	GetHandleVerifier [0x00007FF6492FEFA5+77893]
	GetHandleVerifier [0x00007FF6492FF000+77984]
	(No symbol) [0x00007FF6490C91BA]
	(No symbol) [0x00007FF6490D0AEC]
	(No symbol) [0x00007FF6490D3B5C]
	(No symbol) [0x00007FF6490D3C2F]
	(No symbol) [0x00007FF64911EA17]
	(No symbol) [0x00007FF64911F41C]
	(No symbol) [0x00007FF649111B1C]
	(No symbol) [0x00007FF64914716F]
	(No symbol) [0x00007FF6491119E6]
	(No symbol) [0x00007FF649147340]
	(No symbol) [0x00007FF64916F07F]
	(No symbol) [0x00007FF649146F03]
	(No symbol) [0x00007FF649110328]
	(No symbol) [0x00007FF649111093]
	GetHandleVerifier [0x00007FF6495B7B6D+2931725]
	GetHandleVerifier [0x00007FF6495B2132+2908626]
	GetHandleVerifier [0x00007FF6495D00F3+3031443]
	GetHandleVerifier [0x00007FF6493191EA+184970]
	GetHandleVerifier [0x00007FF64932086F+215311]
	GetHandleVerifier [0x00007FF649306EC4+110436]
	GetHandleVerifier [0x00007FF649307072+110866]
	GetHandleVerifier [0x00007FF6492ED479+5401]
	BaseThreadInitThunk [0x00007FFCAAD3E8D7+23]
	RtlUserThreadStart [0x00007FFCAC3F14FC+44]

[2025-04-24 21:16:16] Message: stale element reference: stale element not found in the current frame
  (Session info: chrome=135.0.7049.115); For documentation on this error, please visit: https://www.selenium.dev/documentation/webdriver/troubleshooting/errors#stale-element-reference-exception
Stacktrace:
	GetHandleVerifier [0x00007FF6492FEFA5+77893]
	GetHandleVerifier [0x00007FF6492FF000+77984]
	(No symbol) [0x00007FF6490C91BA]
	(No symbol) [0x00007FF6490D0AEC]
	(No symbol) [0x00007FF6490D3B5C]
	(No symbol) [0x00007FF6490D3C2F]
	(No symbol) [0x00007FF64911EA17]
	(No symbol) [0x00007FF64911F41C]
	(No symbol) [0x00007FF649111B1C]
	(No symbol) [0x00007FF64914716F]
	(No symbol) [0x00007FF6491119E6]
	(No symbol) [0x00007FF649147340]
	(No symbol) [0x00007FF64916F07F]
	(No symbol) [0x00007FF649146F03]
	(No symbol) [0x00007FF649110328]
	(No symbol) [0x00007FF649111093]
	GetHandleVerifier [0x00007FF6495B7B6D+2931725]
	GetHandleVerifier [0x00007FF6495B2132+2908626]
	GetHandleVerifier [0x00007FF6495D00F3+3031443]
	GetHandleVerifier [0x00007FF6493191EA+184970]
	GetHandleVerifier [0x00007FF64932086F+215311]
	GetHandleVerifier [0x00007FF649306EC4+110436]
	GetHandleVerifier [0x00007FF649307072+110866]
	GetHandleVerifier [0x00007FF6492ED479+5401]
	BaseThreadInitThunk [0x00007FFCAAD3E8D7+23]
	RtlUserThreadStart [0x00007FFCAC3F14FC+44]

[2025-04-24 21:16:16] Message: stale element reference: stale element not found in the current frame
  (Session info: chrome=135.0.7049.115); For documentation on this error, please visit: https://www.selenium.dev/documentation/webdriver/troubleshooting/errors#stale-element-reference-exception
Stacktrace:
	GetHandleVerifier [0x00007FF6492FEFA5+77893]
	GetHandleVerifier [0x00007FF6492FF000+77984]
	(No symbol) [0x00007FF6490C91BA]
	(No symbol) [0x00007FF6490D0AEC]
	(No symbol) [0x00007FF6490D3B5C]
	(No symbol) [0x00007FF6490D3C2F]
	(No symbol) [0x00007FF64911EA17]
	(No symbol) [0x00007FF64911F41C]
	(No symbol) [0x00007FF649111B1C]
	(No symbol) [0x00007FF64914716F]
	(No symbol) [0x00007FF6491119E6]
	(No symbol) [0x00007FF649147340]
	(No symbol) [0x00007FF64916F07F]
	(No symbol) [0x00007FF649146F03]
	(No symbol) [0x00007FF649110328]
	(No symbol) [0x00007FF649111093]
	GetHandleVerifier [0x00007FF6495B7B6D+2931725]
	GetHandleVerifier [0x00007FF6495B2132+2908626]
	GetHandleVerifier [0x00007FF6495D00F3+3031443]
	GetHandleVerifier [0x00007FF6493191EA+184970]
	GetHandleVerifier [0x00007FF64932086F+215311]
	GetHandleVerifier [0x00007FF649306EC4+110436]
	GetHandleVerifier [0x00007FF649307072+110866]
	GetHandleVerifier [0x00007FF6492ED479+5401]
	BaseThreadInitThunk [0x00007FFCAAD3E8D7+23]
	RtlUserThreadStart [0x00007FFCAC3F14FC+44]

[2025-04-24 21:16:16] Message: stale element reference: stale element not found in the current frame
  (Session info: chrome=135.0.7049.115); For documentation on this error, please visit: https://www.selenium.dev/documentation/webdriver/troubleshooting/errors#stale-element-reference-exception
Stacktrace:
	GetHandleVerifier [0x00007FF6492FEFA5+77893]
	GetHandleVerifier [0x00007FF6492FF000+77984]
	(No symbol) [0x00007FF6490C91BA]
	(No symbol) [0x00007FF6490D0AEC]
	(No symbol) [0x00007FF6490D3B5C]
	(No symbol) [0x00007FF6490D3C2F]
	(No symbol) [0x00007FF64911EA17]
	(No symbol) [0x00007FF64911F41C]
	(No symbol) [0x00007FF649111B1C]
	(No symbol) [0x00007FF64914716F]
	(No symbol) [0x00007FF6491119E6]
	(No symbol) [0x00007FF649147340]
	(No symbol) [0x00007FF64916F07F]
	(No symbol) [0x00007FF649146F03]
	(No symbol) [0x00007FF649110328]
	(No symbol) [0x00007FF649111093]
	GetHandleVerifier [0x00007FF6495B7B6D+2931725]
	GetHandleVerifier [0x00007FF6495B2132+2908626]
	GetHandleVerifier [0x00007FF6495D00F3+3031443]
	GetHandleVerifier [0x00007FF6493191EA+184970]
	GetHandleVerifier [0x00007FF64932086F+215311]
	GetHandleVerifier [0x00007FF649306EC4+110436]
	GetHandleVerifier [0x00007FF649307072+110866]
	GetHandleVerifier [0x00007FF6492ED479+5401]
	BaseThreadInitThunk [0x00007FFCAAD3E8D7+23]
	RtlUserThreadStart [0x00007FFCAC3F14FC+44]

[2025-04-24 21:16:16] Message: stale element reference: stale element not found in the current frame
  (Session info: chrome=135.0.7049.115); For documentation on this error, please visit: https://www.selenium.dev/documentation/webdriver/troubleshooting/errors#stale-element-reference-exception
Stacktrace:
	GetHandleVerifier [0x00007FF6492FEFA5+77893]
	GetHandleVerifier [0x00007FF6492FF000+77984]
	(No symbol) [0x00007FF6490C91BA]
	(No symbol) [0x00007FF6490D0AEC]
	(No symbol) [0x00007FF6490D3B5C]
	(No symbol) [0x00007FF6490D3C2F]
	(No symbol) [0x00007FF64911EA17]
	(No symbol) [0x00007FF64911F41C]
	(No symbol) [0x00007FF649111B1C]
	(No symbol) [0x00007FF64914716F]
	(No symbol) [0x00007FF6491119E6]
	(No symbol) [0x00007FF649147340]
	(No symbol) [0x00007FF64916F07F]
	(No symbol) [0x00007FF649146F03]
	(No symbol) [0x00007FF649110328]
	(No symbol) [0x00007FF649111093]
	GetHandleVerifier [0x00007FF6495B7B6D+2931725]
	GetHandleVerifier [0x00007FF6495B2132+2908626]
	GetHandleVerifier [0x00007FF6495D00F3+3031443]
	GetHandleVerifier [0x00007FF6493191EA+184970]
	GetHandleVerifier [0x00007FF64932086F+215311]
	GetHandleVerifier [0x00007FF649306EC4+110436]
	GetHandleVerifier [0x00007FF649307072+110866]
	GetHandleVerifier [0x00007FF6492ED479+5401]
	BaseThreadInitThunk [0x00007FFCAAD3E8D7+23]
	RtlUserThreadStart [0x00007FFCAC3F14FC+44]

[2025-04-24 21:16:16] Message: stale element reference: stale element not found in the current frame
  (Session info: chrome=135.0.7049.115); For documentation on this error, please visit: https://www.selenium.dev/documentation/webdriver/troubleshooting/errors#stale-element-reference-exception
Stacktrace:
	GetHandleVerifier [0x00007FF6492FEFA5+77893]
	GetHandleVerifier [0x00007FF6492FF000+77984]
	(No symbol) [0x00007FF6490C91BA]
	(No symbol) [0x00007FF6490D0AEC]
	(No symbol) [0x00007FF6490D3B5C]
	(No symbol) [0x00007FF6490D3C2F]
	(No symbol) [0x00007FF64911EA17]
	(No symbol) [0x00007FF64911F41C]
	(No symbol) [0x00007FF649111B1C]
	(No symbol) [0x00007FF64914716F]
	(No symbol) [0x00007FF6491119E6]
	(No symbol) [0x00007FF649147340]
	(No symbol) [0x00007FF64916F07F]
	(No symbol) [0x00007FF649146F03]
	(No symbol) [0x00007FF649110328]
	(No symbol) [0x00007FF649111093]
	GetHandleVerifier [0x00007FF6495B7B6D+2931725]
	GetHandleVerifier [0x00007FF6495B2132+2908626]
	GetHandleVerifier [0x00007FF6495D00F3+3031443]
	GetHandleVerifier [0x00007FF6493191EA+184970]
	GetHandleVerifier [0x00007FF64932086F+215311]
	GetHandleVerifier [0x00007FF649306EC4+110436]
	GetHandleVerifier [0x00007FF649307072+110866]
	GetHandleVerifier [0x00007FF6492ED479+5401]
	BaseThreadInitThunk [0x00007FFCAAD3E8D7+23]
	RtlUserThreadStart [0x00007FFCAC3F14FC+44]

[2025-04-24 21:16:16] Message: stale element reference: stale element not found in the current frame
  (Session info: chrome=135.0.7049.115); For documentation on this error, please visit: https://www.selenium.dev/documentation/webdriver/troubleshooting/errors#stale-element-reference-exception
Stacktrace:
	GetHandleVerifier [0x00007FF6492FEFA5+77893]
	GetHandleVerifier [0x00007FF6492FF000+77984]
	(No symbol) [0x00007FF6490C91BA]
	(No symbol) [0x00007FF6490D0AEC]
	(No symbol) [0x00007FF6490D3B5C]
	(No symbol) [0x00007FF6490D3C2F]
	(No symbol) [0x00007FF64911EA17]
	(No symbol) [0x00007FF64911F41C]
	(No symbol) [0x00007FF649111B1C]
	(No symbol) [0x00007FF64914716F]
	(No symbol) [0x00007FF6491119E6]
	(No symbol) [0x00007FF649147340]
	(No symbol) [0x00007FF64916F07F]
	(No symbol) [0x00007FF649146F03]
	(No symbol) [0x00007FF649110328]
	(No symbol) [0x00007FF649111093]
	GetHandleVerifier [0x00007FF6495B7B6D+2931725]
	GetHandleVerifier [0x00007FF6495B2132+2908626]
	GetHandleVerifier [0x00007FF6495D00F3+3031443]
	GetHandleVerifier [0x00007FF6493191EA+184970]
	GetHandleVerifier [0x00007FF64932086F+215311]
	GetHandleVerifier [0x00007FF649306EC4+110436]
	GetHandleVerifier [0x00007FF649307072+110866]
	GetHandleVerifier [0x00007FF6492ED479+5401]
	BaseThreadInitThunk [0x00007FFCAAD3E8D7+23]
	RtlUserThreadStart [0x00007FFCAC3F14FC+44]

[2025-04-24 21:16:16] Message: stale element reference: stale element not found in the current frame
  (Session info: chrome=135.0.7049.115); For documentation on this error, please visit: https://www.selenium.dev/documentation/webdriver/troubleshooting/errors#stale-element-reference-exception
Stacktrace:
	GetHandleVerifier [0x00007FF6492FEFA5+77893]
	GetHandleVerifier [0x00007FF6492FF000+77984]
	(No symbol) [0x00007FF6490C91BA]
	(No symbol) [0x00007FF6490D0AEC]
	(No symbol) [0x00007FF6490D3B5C]
	(No symbol) [0x00007FF6490D3C2F]
	(No symbol) [0x00007FF64911EA17]
	(No symbol) [0x00007FF64911F41C]
	(No symbol) [0x00007FF649111B1C]
	(No symbol) [0x00007FF64914716F]
	(No symbol) [0x00007FF6491119E6]
	(No symbol) [0x00007FF649147340]
	(No symbol) [0x00007FF64916F07F]
	(No symbol) [0x00007FF649146F03]
	(No symbol) [0x00007FF649110328]
	(No symbol) [0x00007FF649111093]
	GetHandleVerifier [0x00007FF6495B7B6D+2931725]
	GetHandleVerifier [0x00007FF6495B2132+2908626]
	GetHandleVerifier [0x00007FF6495D00F3+3031443]
	GetHandleVerifier [0x00007FF6493191EA+184970]
	GetHandleVerifier [0x00007FF64932086F+215311]
	GetHandleVerifier [0x00007FF649306EC4+110436]
	GetHandleVerifier [0x00007FF649307072+110866]
	GetHandleVerifier [0x00007FF6492ED479+5401]
	BaseThreadInitThunk [0x00007FFCAAD3E8D7+23]
	RtlUserThreadStart [0x00007FFCAC3F14FC+44]

[2025-04-24 21:16:16] Message: stale element reference: stale element not found in the current frame
  (Session info: chrome=135.0.7049.115); For documentation on this error, please visit: https://www.selenium.dev/documentation/webdriver/troubleshooting/errors#stale-element-reference-exception
Stacktrace:
	GetHandleVerifier [0x00007FF6492FEFA5+77893]
	GetHandleVerifier [0x00007FF6492FF000+77984]
	(No symbol) [0x00007FF6490C91BA]
	(No symbol) [0x00007FF6490D0AEC]
	(No symbol) [0x00007FF6490D3B5C]
	(No symbol) [0x00007FF6490D3C2F]
	(No symbol) [0x00007FF64911EA17]
	(No symbol) [0x00007FF64911F41C]
	(No symbol) [0x00007FF649111B1C]
	(No symbol) [0x00007FF64914716F]
	(No symbol) [0x00007FF6491119E6]
	(No symbol) [0x00007FF649147340]
	(No symbol) [0x00007FF64916F07F]
	(No symbol) [0x00007FF649146F03]
	(No symbol) [0x00007FF649110328]
	(No symbol) [0x00007FF649111093]
	GetHandleVerifier [0x00007FF6495B7B6D+2931725]
	GetHandleVerifier [0x00007FF6495B2132+2908626]
	GetHandleVerifier [0x00007FF6495D00F3+3031443]
	GetHandleVerifier [0x00007FF6493191EA+184970]
	GetHandleVerifier [0x00007FF64932086F+215311]
	GetHandleVerifier [0x00007FF649306EC4+110436]
	GetHandleVerifier [0x00007FF649307072+110866]
	GetHandleVerifier [0x00007FF6492ED479+5401]
	BaseThreadInitThunk [0x00007FFCAAD3E8D7+23]
	RtlUserThreadStart [0x00007FFCAC3F14FC+44]

[2025-04-24 21:16:16] Message: stale element reference: stale element not found in the current frame
  (Session info: chrome=135.0.7049.115); For documentation on this error, please visit: https://www.selenium.dev/documentation/webdriver/troubleshooting/errors#stale-element-reference-exception
Stacktrace:
	GetHandleVerifier [0x00007FF6492FEFA5+77893]
	GetHandleVerifier [0x00007FF6492FF000+77984]
	(No symbol) [0x00007FF6490C91BA]
	(No symbol) [0x00007FF6490D0AEC]
	(No symbol) [0x00007FF6490D3B5C]
	(No symbol) [0x00007FF6490D3C2F]
	(No symbol) [0x00007FF64911EA17]
	(No symbol) [0x00007FF64911F41C]
	(No symbol) [0x00007FF649111B1C]
	(No symbol) [0x00007FF64914716F]
	(No symbol) [0x00007FF6491119E6]
	(No symbol) [0x00007FF649147340]
	(No symbol) [0x00007FF64916F07F]
	(No symbol) [0x00007FF649146F03]
	(No symbol) [0x00007FF649110328]
	(No symbol) [0x00007FF649111093]
	GetHandleVerifier [0x00007FF6495B7B6D+2931725]
	GetHandleVerifier [0x00007FF6495B2132+2908626]
	GetHandleVerifier [0x00007FF6495D00F3+3031443]
	GetHandleVerifier [0x00007FF6493191EA+184970]
	GetHandleVerifier [0x00007FF64932086F+215311]
	GetHandleVerifier [0x00007FF649306EC4+110436]
	GetHandleVerifier [0x00007FF649307072+110866]
	GetHandleVerifier [0x00007FF6492ED479+5401]
	BaseThreadInitThunk [0x00007FFCAAD3E8D7+23]
	RtlUserThreadStart [0x00007FFCAC3F14FC+44]

[2025-04-24 21:16:16] Message: stale element reference: stale element not found in the current frame
  (Session info: chrome=135.0.7049.115); For documentation on this error, please visit: https://www.selenium.dev/documentation/webdriver/troubleshooting/errors#stale-element-reference-exception
Stacktrace:
	GetHandleVerifier [0x00007FF6492FEFA5+77893]
	GetHandleVerifier [0x00007FF6492FF000+77984]
	(No symbol) [0x00007FF6490C91BA]
	(No symbol) [0x00007FF6490D0AEC]
	(No symbol) [0x00007FF6490D3B5C]
	(No symbol) [0x00007FF6490D3C2F]
	(No symbol) [0x00007FF64911EA17]
	(No symbol) [0x00007FF64911F41C]
	(No symbol) [0x00007FF649111B1C]
	(No symbol) [0x00007FF64914716F]
	(No symbol) [0x00007FF6491119E6]
	(No symbol) [0x00007FF649147340]
	(No symbol) [0x00007FF64916F07F]
	(No symbol) [0x00007FF649146F03]
	(No symbol) [0x00007FF649110328]
	(No symbol) [0x00007FF649111093]
	GetHandleVerifier [0x00007FF6495B7B6D+2931725]
	GetHandleVerifier [0x00007FF6495B2132+2908626]
	GetHandleVerifier [0x00007FF6495D00F3+3031443]
	GetHandleVerifier [0x00007FF6493191EA+184970]
	GetHandleVerifier [0x00007FF64932086F+215311]
	GetHandleVerifier [0x00007FF649306EC4+110436]
	GetHandleVerifier [0x00007FF649307072+110866]
	GetHandleVerifier [0x00007FF6492ED479+5401]
	BaseThreadInitThunk [0x00007FFCAAD3E8D7+23]
	RtlUserThreadStart [0x00007FFCAC3F14FC+44]

[2025-04-24 21:16:16] Message: stale element reference: stale element not found in the current frame
  (Session info: chrome=135.0.7049.115); For documentation on this error, please visit: https://www.selenium.dev/documentation/webdriver/troubleshooting/errors#stale-element-reference-exception
Stacktrace:
	GetHandleVerifier [0x00007FF6492FEFA5+77893]
	GetHandleVerifier [0x00007FF6492FF000+77984]
	(No symbol) [0x00007FF6490C91BA]
	(No symbol) [0x00007FF6490D0AEC]
	(No symbol) [0x00007FF6490D3B5C]
	(No symbol) [0x00007FF6490D3C2F]
	(No symbol) [0x00007FF64911EA17]
	(No symbol) [0x00007FF64911F41C]
	(No symbol) [0x00007FF649111B1C]
	(No symbol) [0x00007FF64914716F]
	(No symbol) [0x00007FF6491119E6]
	(No symbol) [0x00007FF649147340]
	(No symbol) [0x00007FF64916F07F]
	(No symbol) [0x00007FF649146F03]
	(No symbol) [0x00007FF649110328]
	(No symbol) [0x00007FF649111093]
	GetHandleVerifier [0x00007FF6495B7B6D+2931725]
	GetHandleVerifier [0x00007FF6495B2132+2908626]
	GetHandleVerifier [0x00007FF6495D00F3+3031443]
	GetHandleVerifier [0x00007FF6493191EA+184970]
	GetHandleVerifier [0x00007FF64932086F+215311]
	GetHandleVerifier [0x00007FF649306EC4+110436]
	GetHandleVerifier [0x00007FF649307072+110866]
	GetHandleVerifier [0x00007FF6492ED479+5401]
	BaseThreadInitThunk [0x00007FFCAAD3E8D7+23]
	RtlUserThreadStart [0x00007FFCAC3F14FC+44]

[2025-04-24 21:16:16] Message: stale element reference: stale element not found in the current frame
  (Session info: chrome=135.0.7049.115); For documentation on this error, please visit: https://www.selenium.dev/documentation/webdriver/troubleshooting/errors#stale-element-reference-exception
Stacktrace:
	GetHandleVerifier [0x00007FF6492FEFA5+77893]
	GetHandleVerifier [0x00007FF6492FF000+77984]
	(No symbol) [0x00007FF6490C91BA]
	(No symbol) [0x00007FF6490D0AEC]
	(No symbol) [0x00007FF6490D3B5C]
	(No symbol) [0x00007FF6490D3C2F]
	(No symbol) [0x00007FF64911EA17]
	(No symbol) [0x00007FF64911F41C]
	(No symbol) [0x00007FF649111B1C]
	(No symbol) [0x00007FF64914716F]
	(No symbol) [0x00007FF6491119E6]
	(No symbol) [0x00007FF649147340]
	(No symbol) [0x00007FF64916F07F]
	(No symbol) [0x00007FF649146F03]
	(No symbol) [0x00007FF649110328]
	(No symbol) [0x00007FF649111093]
	GetHandleVerifier [0x00007FF6495B7B6D+2931725]
	GetHandleVerifier [0x00007FF6495B2132+2908626]
	GetHandleVerifier [0x00007FF6495D00F3+3031443]
	GetHandleVerifier [0x00007FF6493191EA+184970]
	GetHandleVerifier [0x00007FF64932086F+215311]
	GetHandleVerifier [0x00007FF649306EC4+110436]
	GetHandleVerifier [0x00007FF649307072+110866]
	GetHandleVerifier [0x00007FF6492ED479+5401]
	BaseThreadInitThunk [0x00007FFCAAD3E8D7+23]
	RtlUserThreadStart [0x00007FFCAC3F14FC+44]

[2025-04-24 21:16:16] Message: stale element reference: stale element not found in the current frame
  (Session info: chrome=135.0.7049.115); For documentation on this error, please visit: https://www.selenium.dev/documentation/webdriver/troubleshooting/errors#stale-element-reference-exception
Stacktrace:
	GetHandleVerifier [0x00007FF6492FEFA5+77893]
	GetHandleVerifier [0x00007FF6492FF000+77984]
	(No symbol) [0x00007FF6490C91BA]
	(No symbol) [0x00007FF6490D0AEC]
	(No symbol) [0x00007FF6490D3B5C]
	(No symbol) [0x00007FF6490D3C2F]
	(No symbol) [0x00007FF64911EA17]
	(No symbol) [0x00007FF64911F41C]
	(No symbol) [0x00007FF649111B1C]
	(No symbol) [0x00007FF64914716F]
	(No symbol) [0x00007FF6491119E6]
	(No symbol) [0x00007FF649147340]
	(No symbol) [0x00007FF64916F07F]
	(No symbol) [0x00007FF649146F03]
	(No symbol) [0x00007FF649110328]
	(No symbol) [0x00007FF649111093]
	GetHandleVerifier [0x00007FF6495B7B6D+2931725]
	GetHandleVerifier [0x00007FF6495B2132+2908626]
	GetHandleVerifier [0x00007FF6495D00F3+3031443]
	GetHandleVerifier [0x00007FF6493191EA+184970]
	GetHandleVerifier [0x00007FF64932086F+215311]
	GetHandleVerifier [0x00007FF649306EC4+110436]
	GetHandleVerifier [0x00007FF649307072+110866]
	GetHandleVerifier [0x00007FF6492ED479+5401]
	BaseThreadInitThunk [0x00007FFCAAD3E8D7+23]
	RtlUserThreadStart [0x00007FFCAC3F14FC+44]

[2025-04-24 21:16:16] Message: stale element reference: stale element not found in the current frame
  (Session info: chrome=135.0.7049.115); For documentation on this error, please visit: https://www.selenium.dev/documentation/webdriver/troubleshooting/errors#stale-element-reference-exception
Stacktrace:
	GetHandleVerifier [0x00007FF6492FEFA5+77893]
	GetHandleVerifier [0x00007FF6492FF000+77984]
	(No symbol) [0x00007FF6490C91BA]
	(No symbol) [0x00007FF6490D0AEC]
	(No symbol) [0x00007FF6490D3B5C]
	(No symbol) [0x00007FF6490D3C2F]
	(No symbol) [0x00007FF64911EA17]
	(No symbol) [0x00007FF64911F41C]
	(No symbol) [0x00007FF649111B1C]
	(No symbol) [0x00007FF64914716F]
	(No symbol) [0x00007FF6491119E6]
	(No symbol) [0x00007FF649147340]
	(No symbol) [0x00007FF64916F07F]
	(No symbol) [0x00007FF649146F03]
	(No symbol) [0x00007FF649110328]
	(No symbol) [0x00007FF649111093]
	GetHandleVerifier [0x00007FF6495B7B6D+2931725]
	GetHandleVerifier [0x00007FF6495B2132+2908626]
	GetHandleVerifier [0x00007FF6495D00F3+3031443]
	GetHandleVerifier [0x00007FF6493191EA+184970]
	GetHandleVerifier [0x00007FF64932086F+215311]
	GetHandleVerifier [0x00007FF649306EC4+110436]
	GetHandleVerifier [0x00007FF649307072+110866]
	GetHandleVerifier [0x00007FF6492ED479+5401]
	BaseThreadInitThunk [0x00007FFCAAD3E8D7+23]
	RtlUserThreadStart [0x00007FFCAC3F14FC+44]

[2025-04-24 21:16:16] Message: stale element reference: stale element not found in the current frame
  (Session info: chrome=135.0.7049.115); For documentation on this error, please visit: https://www.selenium.dev/documentation/webdriver/troubleshooting/errors#stale-element-reference-exception
Stacktrace:
	GetHandleVerifier [0x00007FF6492FEFA5+77893]
	GetHandleVerifier [0x00007FF6492FF000+77984]
	(No symbol) [0x00007FF6490C91BA]
	(No symbol) [0x00007FF6490D0AEC]
	(No symbol) [0x00007FF6490D3B5C]
	(No symbol) [0x00007FF6490D3C2F]
	(No symbol) [0x00007FF64911EA17]
	(No symbol) [0x00007FF64911F41C]
	(No symbol) [0x00007FF649111B1C]
	(No symbol) [0x00007FF64914716F]
	(No symbol) [0x00007FF6491119E6]
	(No symbol) [0x00007FF649147340]
	(No symbol) [0x00007FF64916F07F]
	(No symbol) [0x00007FF649146F03]
	(No symbol) [0x00007FF649110328]
	(No symbol) [0x00007FF649111093]
	GetHandleVerifier [0x00007FF6495B7B6D+2931725]
	GetHandleVerifier [0x00007FF6495B2132+2908626]
	GetHandleVerifier [0x00007FF6495D00F3+3031443]
	GetHandleVerifier [0x00007FF6493191EA+184970]
	GetHandleVerifier [0x00007FF64932086F+215311]
	GetHandleVerifier [0x00007FF649306EC4+110436]
	GetHandleVerifier [0x00007FF649307072+110866]
	GetHandleVerifier [0x00007FF6492ED479+5401]
	BaseThreadInitThunk [0x00007FFCAAD3E8D7+23]
	RtlUserThreadStart [0x00007FFCAC3F14FC+44]

[2025-04-24 21:16:16] Message: stale element reference: stale element not found in the current frame
  (Session info: chrome=135.0.7049.115); For documentation on this error, please visit: https://www.selenium.dev/documentation/webdriver/troubleshooting/errors#stale-element-reference-exception
Stacktrace:
	GetHandleVerifier [0x00007FF6492FEFA5+77893]
	GetHandleVerifier [0x00007FF6492FF000+77984]
	(No symbol) [0x00007FF6490C91BA]
	(No symbol) [0x00007FF6490D0AEC]
	(No symbol) [0x00007FF6490D3B5C]
	(No symbol) [0x00007FF6490D3C2F]
	(No symbol) [0x00007FF64911EA17]
	(No symbol) [0x00007FF64911F41C]
	(No symbol) [0x00007FF649111B1C]
	(No symbol) [0x00007FF64914716F]
	(No symbol) [0x00007FF6491119E6]
	(No symbol) [0x00007FF649147340]
	(No symbol) [0x00007FF64916F07F]
	(No symbol) [0x00007FF649146F03]
	(No symbol) [0x00007FF649110328]
	(No symbol) [0x00007FF649111093]
	GetHandleVerifier [0x00007FF6495B7B6D+2931725]
	GetHandleVerifier [0x00007FF6495B2132+2908626]
	GetHandleVerifier [0x00007FF6495D00F3+3031443]
	GetHandleVerifier [0x00007FF6493191EA+184970]
	GetHandleVerifier [0x00007FF64932086F+215311]
	GetHandleVerifier [0x00007FF649306EC4+110436]
	GetHandleVerifier [0x00007FF649307072+110866]
	GetHandleVerifier [0x00007FF6492ED479+5401]
	BaseThreadInitThunk [0x00007FFCAAD3E8D7+23]
	RtlUserThreadStart [0x00007FFCAC3F14FC+44]

[2025-04-24 21:16:16] Message: stale element reference: stale element not found in the current frame
  (Session info: chrome=135.0.7049.115); For documentation on this error, please visit: https://www.selenium.dev/documentation/webdriver/troubleshooting/errors#stale-element-reference-exception
Stacktrace:
	GetHandleVerifier [0x00007FF6492FEFA5+77893]
	GetHandleVerifier [0x00007FF6492FF000+77984]
	(No symbol) [0x00007FF6490C91BA]
	(No symbol) [0x00007FF6490D0AEC]
	(No symbol) [0x00007FF6490D3B5C]
	(No symbol) [0x00007FF6490D3C2F]
	(No symbol) [0x00007FF64911EA17]
	(No symbol) [0x00007FF64911F41C]
	(No symbol) [0x00007FF649111B1C]
	(No symbol) [0x00007FF64914716F]
	(No symbol) [0x00007FF6491119E6]
	(No symbol) [0x00007FF649147340]
	(No symbol) [0x00007FF64916F07F]
	(No symbol) [0x00007FF649146F03]
	(No symbol) [0x00007FF649110328]
	(No symbol) [0x00007FF649111093]
	GetHandleVerifier [0x00007FF6495B7B6D+2931725]
	GetHandleVerifier [0x00007FF6495B2132+2908626]
	GetHandleVerifier [0x00007FF6495D00F3+3031443]
	GetHandleVerifier [0x00007FF6493191EA+184970]
	GetHandleVerifier [0x00007FF64932086F+215311]
	GetHandleVerifier [0x00007FF649306EC4+110436]
	GetHandleVerifier [0x00007FF649307072+110866]
	GetHandleVerifier [0x00007FF6492ED479+5401]
	BaseThreadInitThunk [0x00007FFCAAD3E8D7+23]
	RtlUserThreadStart [0x00007FFCAC3F14FC+44]

[2025-04-24 21:16:16] Message: stale element reference: stale element not found in the current frame
  (Session info: chrome=135.0.7049.115); For documentation on this error, please visit: https://www.selenium.dev/documentation/webdriver/troubleshooting/errors#stale-element-reference-exception
Stacktrace:
	GetHandleVerifier [0x00007FF6492FEFA5+77893]
	GetHandleVerifier [0x00007FF6492FF000+77984]
	(No symbol) [0x00007FF6490C91BA]
	(No symbol) [0x00007FF6490D0AEC]
	(No symbol) [0x00007FF6490D3B5C]
	(No symbol) [0x00007FF6490D3C2F]
	(No symbol) [0x00007FF64911EA17]
	(No symbol) [0x00007FF64911F41C]
	(No symbol) [0x00007FF649111B1C]
	(No symbol) [0x00007FF64914716F]
	(No symbol) [0x00007FF6491119E6]
	(No symbol) [0x00007FF649147340]
	(No symbol) [0x00007FF64916F07F]
	(No symbol) [0x00007FF649146F03]
	(No symbol) [0x00007FF649110328]
	(No symbol) [0x00007FF649111093]
	GetHandleVerifier [0x00007FF6495B7B6D+2931725]
	GetHandleVerifier [0x00007FF6495B2132+2908626]
	GetHandleVerifier [0x00007FF6495D00F3+3031443]
	GetHandleVerifier [0x00007FF6493191EA+184970]
	GetHandleVerifier [0x00007FF64932086F+215311]
	GetHandleVerifier [0x00007FF649306EC4+110436]
	GetHandleVerifier [0x00007FF649307072+110866]
	GetHandleVerifier [0x00007FF6492ED479+5401]
	BaseThreadInitThunk [0x00007FFCAAD3E8D7+23]
	RtlUserThreadStart [0x00007FFCAC3F14FC+44]

[2025-04-24 21:16:16] Message: stale element reference: stale element not found in the current frame
  (Session info: chrome=135.0.7049.115); For documentation on this error, please visit: https://www.selenium.dev/documentation/webdriver/troubleshooting/errors#stale-element-reference-exception
Stacktrace:
	GetHandleVerifier [0x00007FF6492FEFA5+77893]
	GetHandleVerifier [0x00007FF6492FF000+77984]
	(No symbol) [0x00007FF6490C91BA]
	(No symbol) [0x00007FF6490D0AEC]
	(No symbol) [0x00007FF6490D3B5C]
	(No symbol) [0x00007FF6490D3C2F]
	(No symbol) [0x00007FF64911EA17]
	(No symbol) [0x00007FF64911F41C]
	(No symbol) [0x00007FF649111B1C]
	(No symbol) [0x00007FF64914716F]
	(No symbol) [0x00007FF6491119E6]
	(No symbol) [0x00007FF649147340]
	(No symbol) [0x00007FF64916F07F]
	(No symbol) [0x00007FF649146F03]
	(No symbol) [0x00007FF649110328]
	(No symbol) [0x00007FF649111093]
	GetHandleVerifier [0x00007FF6495B7B6D+2931725]
	GetHandleVerifier [0x00007FF6495B2132+2908626]
	GetHandleVerifier [0x00007FF6495D00F3+3031443]
	GetHandleVerifier [0x00007FF6493191EA+184970]
	GetHandleVerifier [0x00007FF64932086F+215311]
	GetHandleVerifier [0x00007FF649306EC4+110436]
	GetHandleVerifier [0x00007FF649307072+110866]
	GetHandleVerifier [0x00007FF6492ED479+5401]
	BaseThreadInitThunk [0x00007FFCAAD3E8D7+23]
	RtlUserThreadStart [0x00007FFCAC3F14FC+44]

[2025-04-24 21:16:16] Message: stale element reference: stale element not found in the current frame
  (Session info: chrome=135.0.7049.115); For documentation on this error, please visit: https://www.selenium.dev/documentation/webdriver/troubleshooting/errors#stale-element-reference-exception
Stacktrace:
	GetHandleVerifier [0x00007FF6492FEFA5+77893]
	GetHandleVerifier [0x00007FF6492FF000+77984]
	(No symbol) [0x00007FF6490C91BA]
	(No symbol) [0x00007FF6490D0AEC]
	(No symbol) [0x00007FF6490D3B5C]
	(No symbol) [0x00007FF6490D3C2F]
	(No symbol) [0x00007FF64911EA17]
	(No symbol) [0x00007FF64911F41C]
	(No symbol) [0x00007FF649111B1C]
	(No symbol) [0x00007FF64914716F]
	(No symbol) [0x00007FF6491119E6]
	(No symbol) [0x00007FF649147340]
	(No symbol) [0x00007FF64916F07F]
	(No symbol) [0x00007FF649146F03]
	(No symbol) [0x00007FF649110328]
	(No symbol) [0x00007FF649111093]
	GetHandleVerifier [0x00007FF6495B7B6D+2931725]
	GetHandleVerifier [0x00007FF6495B2132+2908626]
	GetHandleVerifier [0x00007FF6495D00F3+3031443]
	GetHandleVerifier [0x00007FF6493191EA+184970]
	GetHandleVerifier [0x00007FF64932086F+215311]
	GetHandleVerifier [0x00007FF649306EC4+110436]
	GetHandleVerifier [0x00007FF649307072+110866]
	GetHandleVerifier [0x00007FF6492ED479+5401]
	BaseThreadInitThunk [0x00007FFCAAD3E8D7+23]
	RtlUserThreadStart [0x00007FFCAC3F14FC+44]

[2025-04-24 21:16:16] Message: stale element reference: stale element not found in the current frame
  (Session info: chrome=135.0.7049.115); For documentation on this error, please visit: https://www.selenium.dev/documentation/webdriver/troubleshooting/errors#stale-element-reference-exception
Stacktrace:
	GetHandleVerifier [0x00007FF6492FEFA5+77893]
	GetHandleVerifier [0x00007FF6492FF000+77984]
	(No symbol) [0x00007FF6490C91BA]
	(No symbol) [0x00007FF6490D0AEC]
	(No symbol) [0x00007FF6490D3B5C]
	(No symbol) [0x00007FF6490D3C2F]
	(No symbol) [0x00007FF64911EA17]
	(No symbol) [0x00007FF64911F41C]
	(No symbol) [0x00007FF649111B1C]
	(No symbol) [0x00007FF64914716F]
	(No symbol) [0x00007FF6491119E6]
	(No symbol) [0x00007FF649147340]
	(No symbol) [0x00007FF64916F07F]
	(No symbol) [0x00007FF649146F03]
	(No symbol) [0x00007FF649110328]
	(No symbol) [0x00007FF649111093]
	GetHandleVerifier [0x00007FF6495B7B6D+2931725]
	GetHandleVerifier [0x00007FF6495B2132+2908626]
	GetHandleVerifier [0x00007FF6495D00F3+3031443]
	GetHandleVerifier [0x00007FF6493191EA+184970]
	GetHandleVerifier [0x00007FF64932086F+215311]
	GetHandleVerifier [0x00007FF649306EC4+110436]
	GetHandleVerifier [0x00007FF649307072+110866]
	GetHandleVerifier [0x00007FF6492ED479+5401]
	BaseThreadInitThunk [0x00007FFCAAD3E8D7+23]
	RtlUserThreadStart [0x00007FFCAC3F14FC+44]

[2025-04-24 21:16:16] Message: stale element reference: stale element not found in the current frame
  (Session info: chrome=135.0.7049.115); For documentation on this error, please visit: https://www.selenium.dev/documentation/webdriver/troubleshooting/errors#stale-element-reference-exception
Stacktrace:
	GetHandleVerifier [0x00007FF6492FEFA5+77893]
	GetHandleVerifier [0x00007FF6492FF000+77984]
	(No symbol) [0x00007FF6490C91BA]
	(No symbol) [0x00007FF6490D0AEC]
	(No symbol) [0x00007FF6490D3B5C]
	(No symbol) [0x00007FF6490D3C2F]
	(No symbol) [0x00007FF64911EA17]
	(No symbol) [0x00007FF64911F41C]
	(No symbol) [0x00007FF649111B1C]
	(No symbol) [0x00007FF64914716F]
	(No symbol) [0x00007FF6491119E6]
	(No symbol) [0x00007FF649147340]
	(No symbol) [0x00007FF64916F07F]
	(No symbol) [0x00007FF649146F03]
	(No symbol) [0x00007FF649110328]
	(No symbol) [0x00007FF649111093]
	GetHandleVerifier [0x00007FF6495B7B6D+2931725]
	GetHandleVerifier [0x00007FF6495B2132+2908626]
	GetHandleVerifier [0x00007FF6495D00F3+3031443]
	GetHandleVerifier [0x00007FF6493191EA+184970]
	GetHandleVerifier [0x00007FF64932086F+215311]
	GetHandleVerifier [0x00007FF649306EC4+110436]
	GetHandleVerifier [0x00007FF649307072+110866]
	GetHandleVerifier [0x00007FF6492ED479+5401]
	BaseThreadInitThunk [0x00007FFCAAD3E8D7+23]
	RtlUserThreadStart [0x00007FFCAC3F14FC+44]

[2025-04-24 21:16:16] Message: stale element reference: stale element not found in the current frame
  (Session info: chrome=135.0.7049.115); For documentation on this error, please visit: https://www.selenium.dev/documentation/webdriver/troubleshooting/errors#stale-element-reference-exception
Stacktrace:
	GetHandleVerifier [0x00007FF6492FEFA5+77893]
	GetHandleVerifier [0x00007FF6492FF000+77984]
	(No symbol) [0x00007FF6490C91BA]
	(No symbol) [0x00007FF6490D0AEC]
	(No symbol) [0x00007FF6490D3B5C]
	(No symbol) [0x00007FF6490D3C2F]
	(No symbol) [0x00007FF64911EA17]
	(No symbol) [0x00007FF64911F41C]
	(No symbol) [0x00007FF649111B1C]
	(No symbol) [0x00007FF64914716F]
	(No symbol) [0x00007FF6491119E6]
	(No symbol) [0x00007FF649147340]
	(No symbol) [0x00007FF64916F07F]
	(No symbol) [0x00007FF649146F03]
	(No symbol) [0x00007FF649110328]
	(No symbol) [0x00007FF649111093]
	GetHandleVerifier [0x00007FF6495B7B6D+2931725]
	GetHandleVerifier [0x00007FF6495B2132+2908626]
	GetHandleVerifier [0x00007FF6495D00F3+3031443]
	GetHandleVerifier [0x00007FF6493191EA+184970]
	GetHandleVerifier [0x00007FF64932086F+215311]
	GetHandleVerifier [0x00007FF649306EC4+110436]
	GetHandleVerifier [0x00007FF649307072+110866]
	GetHandleVerifier [0x00007FF6492ED479+5401]
	BaseThreadInitThunk [0x00007FFCAAD3E8D7+23]
	RtlUserThreadStart [0x00007FFCAC3F14FC+44]

[2025-04-24 21:16:16] Message: stale element reference: stale element not found in the current frame
  (Session info: chrome=135.0.7049.115); For documentation on this error, please visit: https://www.selenium.dev/documentation/webdriver/troubleshooting/errors#stale-element-reference-exception
Stacktrace:
	GetHandleVerifier [0x00007FF6492FEFA5+77893]
	GetHandleVerifier [0x00007FF6492FF000+77984]
	(No symbol) [0x00007FF6490C91BA]
	(No symbol) [0x00007FF6490D0AEC]
	(No symbol) [0x00007FF6490D3B5C]
	(No symbol) [0x00007FF6490D3C2F]
	(No symbol) [0x00007FF64911EA17]
	(No symbol) [0x00007FF64911F41C]
	(No symbol) [0x00007FF649111B1C]
	(No symbol) [0x00007FF64914716F]
	(No symbol) [0x00007FF6491119E6]
	(No symbol) [0x00007FF649147340]
	(No symbol) [0x00007FF64916F07F]
	(No symbol) [0x00007FF649146F03]
	(No symbol) [0x00007FF649110328]
	(No symbol) [0x00007FF649111093]
	GetHandleVerifier [0x00007FF6495B7B6D+2931725]
	GetHandleVerifier [0x00007FF6495B2132+2908626]
	GetHandleVerifier [0x00007FF6495D00F3+3031443]
	GetHandleVerifier [0x00007FF6493191EA+184970]
	GetHandleVerifier [0x00007FF64932086F+215311]
	GetHandleVerifier [0x00007FF649306EC4+110436]
	GetHandleVerifier [0x00007FF649307072+110866]
	GetHandleVerifier [0x00007FF6492ED479+5401]
	BaseThreadInitThunk [0x00007FFCAAD3E8D7+23]
	RtlUserThreadStart [0x00007FFCAC3F14FC+44]

[2025-04-24 21:16:16] Message: stale element reference: stale element not found in the current frame
  (Session info: chrome=135.0.7049.115); For documentation on this error, please visit: https://www.selenium.dev/documentation/webdriver/troubleshooting/errors#stale-element-reference-exception
Stacktrace:
	GetHandleVerifier [0x00007FF6492FEFA5+77893]
	GetHandleVerifier [0x00007FF6492FF000+77984]
	(No symbol) [0x00007FF6490C91BA]
	(No symbol) [0x00007FF6490D0AEC]
	(No symbol) [0x00007FF6490D3B5C]
	(No symbol) [0x00007FF6490D3C2F]
	(No symbol) [0x00007FF64911EA17]
	(No symbol) [0x00007FF64911F41C]
	(No symbol) [0x00007FF649111B1C]
	(No symbol) [0x00007FF64914716F]
	(No symbol) [0x00007FF6491119E6]
	(No symbol) [0x00007FF649147340]
	(No symbol) [0x00007FF64916F07F]
	(No symbol) [0x00007FF649146F03]
	(No symbol) [0x00007FF649110328]
	(No symbol) [0x00007FF649111093]
	GetHandleVerifier [0x00007FF6495B7B6D+2931725]
	GetHandleVerifier [0x00007FF6495B2132+2908626]
	GetHandleVerifier [0x00007FF6495D00F3+3031443]
	GetHandleVerifier [0x00007FF6493191EA+184970]
	GetHandleVerifier [0x00007FF64932086F+215311]
	GetHandleVerifier [0x00007FF649306EC4+110436]
	GetHandleVerifier [0x00007FF649307072+110866]
	GetHandleVerifier [0x00007FF6492ED479+5401]
	BaseThreadInitThunk [0x00007FFCAAD3E8D7+23]
	RtlUserThreadStart [0x00007FFCAC3F14FC+44]

[2025-04-24 21:16:16] Message: stale element reference: stale element not found in the current frame
  (Session info: chrome=135.0.7049.115); For documentation on this error, please visit: https://www.selenium.dev/documentation/webdriver/troubleshooting/errors#stale-element-reference-exception
Stacktrace:
	GetHandleVerifier [0x00007FF6492FEFA5+77893]
	GetHandleVerifier [0x00007FF6492FF000+77984]
	(No symbol) [0x00007FF6490C91BA]
	(No symbol) [0x00007FF6490D0AEC]
	(No symbol) [0x00007FF6490D3B5C]
	(No symbol) [0x00007FF6490D3C2F]
	(No symbol) [0x00007FF64911EA17]
	(No symbol) [0x00007FF64911F41C]
	(No symbol) [0x00007FF649111B1C]
	(No symbol) [0x00007FF64914716F]
	(No symbol) [0x00007FF6491119E6]
	(No symbol) [0x00007FF649147340]
	(No symbol) [0x00007FF64916F07F]
	(No symbol) [0x00007FF649146F03]
	(No symbol) [0x00007FF649110328]
	(No symbol) [0x00007FF649111093]
	GetHandleVerifier [0x00007FF6495B7B6D+2931725]
	GetHandleVerifier [0x00007FF6495B2132+2908626]
	GetHandleVerifier [0x00007FF6495D00F3+3031443]
	GetHandleVerifier [0x00007FF6493191EA+184970]
	GetHandleVerifier [0x00007FF64932086F+215311]
	GetHandleVerifier [0x00007FF649306EC4+110436]
	GetHandleVerifier [0x00007FF649307072+110866]
	GetHandleVerifier [0x00007FF6492ED479+5401]
	BaseThreadInitThunk [0x00007FFCAAD3E8D7+23]
	RtlUserThreadStart [0x00007FFCAC3F14FC+44]

[2025-04-24 21:16:16] Message: stale element reference: stale element not found in the current frame
  (Session info: chrome=135.0.7049.115); For documentation on this error, please visit: https://www.selenium.dev/documentation/webdriver/troubleshooting/errors#stale-element-reference-exception
Stacktrace:
	GetHandleVerifier [0x00007FF6492FEFA5+77893]
	GetHandleVerifier [0x00007FF6492FF000+77984]
	(No symbol) [0x00007FF6490C91BA]
	(No symbol) [0x00007FF6490D0AEC]
	(No symbol) [0x00007FF6490D3B5C]
	(No symbol) [0x00007FF6490D3C2F]
	(No symbol) [0x00007FF64911EA17]
	(No symbol) [0x00007FF64911F41C]
	(No symbol) [0x00007FF649111B1C]
	(No symbol) [0x00007FF64914716F]
	(No symbol) [0x00007FF6491119E6]
	(No symbol) [0x00007FF649147340]
	(No symbol) [0x00007FF64916F07F]
	(No symbol) [0x00007FF649146F03]
	(No symbol) [0x00007FF649110328]
	(No symbol) [0x00007FF649111093]
	GetHandleVerifier [0x00007FF6495B7B6D+2931725]
	GetHandleVerifier [0x00007FF6495B2132+2908626]
	GetHandleVerifier [0x00007FF6495D00F3+3031443]
	GetHandleVerifier [0x00007FF6493191EA+184970]
	GetHandleVerifier [0x00007FF64932086F+215311]
	GetHandleVerifier [0x00007FF649306EC4+110436]
	GetHandleVerifier [0x00007FF649307072+110866]
	GetHandleVerifier [0x00007FF6492ED479+5401]
	BaseThreadInitThunk [0x00007FFCAAD3E8D7+23]
	RtlUserThreadStart [0x00007FFCAC3F14FC+44]

[2025-04-24 21:16:16] Message: stale element reference: stale element not found in the current frame
  (Session info: chrome=135.0.7049.115); For documentation on this error, please visit: https://www.selenium.dev/documentation/webdriver/troubleshooting/errors#stale-element-reference-exception
Stacktrace:
	GetHandleVerifier [0x00007FF6492FEFA5+77893]
	GetHandleVerifier [0x00007FF6492FF000+77984]
	(No symbol) [0x00007FF6490C91BA]
	(No symbol) [0x00007FF6490D0AEC]
	(No symbol) [0x00007FF6490D3B5C]
	(No symbol) [0x00007FF6490D3C2F]
	(No symbol) [0x00007FF64911EA17]
	(No symbol) [0x00007FF64911F41C]
	(No symbol) [0x00007FF649111B1C]
	(No symbol) [0x00007FF64914716F]
	(No symbol) [0x00007FF6491119E6]
	(No symbol) [0x00007FF649147340]
	(No symbol) [0x00007FF64916F07F]
	(No symbol) [0x00007FF649146F03]
	(No symbol) [0x00007FF649110328]
	(No symbol) [0x00007FF649111093]
	GetHandleVerifier [0x00007FF6495B7B6D+2931725]
	GetHandleVerifier [0x00007FF6495B2132+2908626]
	GetHandleVerifier [0x00007FF6495D00F3+3031443]
	GetHandleVerifier [0x00007FF6493191EA+184970]
	GetHandleVerifier [0x00007FF64932086F+215311]
	GetHandleVerifier [0x00007FF649306EC4+110436]
	GetHandleVerifier [0x00007FF649307072+110866]
	GetHandleVerifier [0x00007FF6492ED479+5401]
	BaseThreadInitThunk [0x00007FFCAAD3E8D7+23]
	RtlUserThreadStart [0x00007FFCAC3F14FC+44]

[2025-04-24 21:16:16] Message: stale element reference: stale element not found in the current frame
  (Session info: chrome=135.0.7049.115); For documentation on this error, please visit: https://www.selenium.dev/documentation/webdriver/troubleshooting/errors#stale-element-reference-exception
Stacktrace:
	GetHandleVerifier [0x00007FF6492FEFA5+77893]
	GetHandleVerifier [0x00007FF6492FF000+77984]
	(No symbol) [0x00007FF6490C91BA]
	(No symbol) [0x00007FF6490D0AEC]
	(No symbol) [0x00007FF6490D3B5C]
	(No symbol) [0x00007FF6490D3C2F]
	(No symbol) [0x00007FF64911EA17]
	(No symbol) [0x00007FF64911F41C]
	(No symbol) [0x00007FF649111B1C]
	(No symbol) [0x00007FF64914716F]
	(No symbol) [0x00007FF6491119E6]
	(No symbol) [0x00007FF649147340]
	(No symbol) [0x00007FF64916F07F]
	(No symbol) [0x00007FF649146F03]
	(No symbol) [0x00007FF649110328]
	(No symbol) [0x00007FF649111093]
	GetHandleVerifier [0x00007FF6495B7B6D+2931725]
	GetHandleVerifier [0x00007FF6495B2132+2908626]
	GetHandleVerifier [0x00007FF6495D00F3+3031443]
	GetHandleVerifier [0x00007FF6493191EA+184970]
	GetHandleVerifier [0x00007FF64932086F+215311]
	GetHandleVerifier [0x00007FF649306EC4+110436]
	GetHandleVerifier [0x00007FF649307072+110866]
	GetHandleVerifier [0x00007FF6492ED479+5401]
	BaseThreadInitThunk [0x00007FFCAAD3E8D7+23]
	RtlUserThreadStart [0x00007FFCAC3F14FC+44]

[2025-04-24 21:16:16] Message: stale element reference: stale element not found in the current frame
  (Session info: chrome=135.0.7049.115); For documentation on this error, please visit: https://www.selenium.dev/documentation/webdriver/troubleshooting/errors#stale-element-reference-exception
Stacktrace:
	GetHandleVerifier [0x00007FF6492FEFA5+77893]
	GetHandleVerifier [0x00007FF6492FF000+77984]
	(No symbol) [0x00007FF6490C91BA]
	(No symbol) [0x00007FF6490D0AEC]
	(No symbol) [0x00007FF6490D3B5C]
	(No symbol) [0x00007FF6490D3C2F]
	(No symbol) [0x00007FF64911EA17]
	(No symbol) [0x00007FF64911F41C]
	(No symbol) [0x00007FF649111B1C]
	(No symbol) [0x00007FF64914716F]
	(No symbol) [0x00007FF6491119E6]
	(No symbol) [0x00007FF649147340]
	(No symbol) [0x00007FF64916F07F]
	(No symbol) [0x00007FF649146F03]
	(No symbol) [0x00007FF649110328]
	(No symbol) [0x00007FF649111093]
	GetHandleVerifier [0x00007FF6495B7B6D+2931725]
	GetHandleVerifier [0x00007FF6495B2132+2908626]
	GetHandleVerifier [0x00007FF6495D00F3+3031443]
	GetHandleVerifier [0x00007FF6493191EA+184970]
	GetHandleVerifier [0x00007FF64932086F+215311]
	GetHandleVerifier [0x00007FF649306EC4+110436]
	GetHandleVerifier [0x00007FF649307072+110866]
	GetHandleVerifier [0x00007FF6492ED479+5401]
	BaseThreadInitThunk [0x00007FFCAAD3E8D7+23]
	RtlUserThreadStart [0x00007FFCAC3F14FC+44]

[2025-04-24 21:16:16] Message: stale element reference: stale element not found in the current frame
  (Session info: chrome=135.0.7049.115); For documentation on this error, please visit: https://www.selenium.dev/documentation/webdriver/troubleshooting/errors#stale-element-reference-exception
Stacktrace:
	GetHandleVerifier [0x00007FF6492FEFA5+77893]
	GetHandleVerifier [0x00007FF6492FF000+77984]
	(No symbol) [0x00007FF6490C91BA]
	(No symbol) [0x00007FF6490D0AEC]
	(No symbol) [0x00007FF6490D3B5C]
	(No symbol) [0x00007FF6490D3C2F]
	(No symbol) [0x00007FF64911EA17]
	(No symbol) [0x00007FF64911F41C]
	(No symbol) [0x00007FF649111B1C]
	(No symbol) [0x00007FF64914716F]
	(No symbol) [0x00007FF6491119E6]
	(No symbol) [0x00007FF649147340]
	(No symbol) [0x00007FF64916F07F]
	(No symbol) [0x00007FF649146F03]
	(No symbol) [0x00007FF649110328]
	(No symbol) [0x00007FF649111093]
	GetHandleVerifier [0x00007FF6495B7B6D+2931725]
	GetHandleVerifier [0x00007FF6495B2132+2908626]
	GetHandleVerifier [0x00007FF6495D00F3+3031443]
	GetHandleVerifier [0x00007FF6493191EA+184970]
	GetHandleVerifier [0x00007FF64932086F+215311]
	GetHandleVerifier [0x00007FF649306EC4+110436]
	GetHandleVerifier [0x00007FF649307072+110866]
	GetHandleVerifier [0x00007FF6492ED479+5401]
	BaseThreadInitThunk [0x00007FFCAAD3E8D7+23]
	RtlUserThreadStart [0x00007FFCAC3F14FC+44]

[2025-04-24 21:16:16] Message: stale element reference: stale element not found in the current frame
  (Session info: chrome=135.0.7049.115); For documentation on this error, please visit: https://www.selenium.dev/documentation/webdriver/troubleshooting/errors#stale-element-reference-exception
Stacktrace:
	GetHandleVerifier [0x00007FF6492FEFA5+77893]
	GetHandleVerifier [0x00007FF6492FF000+77984]
	(No symbol) [0x00007FF6490C91BA]
	(No symbol) [0x00007FF6490D0AEC]
	(No symbol) [0x00007FF6490D3B5C]
	(No symbol) [0x00007FF6490D3C2F]
	(No symbol) [0x00007FF64911EA17]
	(No symbol) [0x00007FF64911F41C]
	(No symbol) [0x00007FF649111B1C]
	(No symbol) [0x00007FF64914716F]
	(No symbol) [0x00007FF6491119E6]
	(No symbol) [0x00007FF649147340]
	(No symbol) [0x00007FF64916F07F]
	(No symbol) [0x00007FF649146F03]
	(No symbol) [0x00007FF649110328]
	(No symbol) [0x00007FF649111093]
	GetHandleVerifier [0x00007FF6495B7B6D+2931725]
	GetHandleVerifier [0x00007FF6495B2132+2908626]
	GetHandleVerifier [0x00007FF6495D00F3+3031443]
	GetHandleVerifier [0x00007FF6493191EA+184970]
	GetHandleVerifier [0x00007FF64932086F+215311]
	GetHandleVerifier [0x00007FF649306EC4+110436]
	GetHandleVerifier [0x00007FF649307072+110866]
	GetHandleVerifier [0x00007FF6492ED479+5401]
	BaseThreadInitThunk [0x00007FFCAAD3E8D7+23]
	RtlUserThreadStart [0x00007FFCAC3F14FC+44]

[2025-04-24 21:16:16] Message: stale element reference: stale element not found in the current frame
  (Session info: chrome=135.0.7049.115); For documentation on this error, please visit: https://www.selenium.dev/documentation/webdriver/troubleshooting/errors#stale-element-reference-exception
Stacktrace:
	GetHandleVerifier [0x00007FF6492FEFA5+77893]
	GetHandleVerifier [0x00007FF6492FF000+77984]
	(No symbol) [0x00007FF6490C91BA]
	(No symbol) [0x00007FF6490D0AEC]
	(No symbol) [0x00007FF6490D3B5C]
	(No symbol) [0x00007FF6490D3C2F]
	(No symbol) [0x00007FF64911EA17]
	(No symbol) [0x00007FF64911F41C]
	(No symbol) [0x00007FF649111B1C]
	(No symbol) [0x00007FF64914716F]
	(No symbol) [0x00007FF6491119E6]
	(No symbol) [0x00007FF649147340]
	(No symbol) [0x00007FF64916F07F]
	(No symbol) [0x00007FF649146F03]
	(No symbol) [0x00007FF649110328]
	(No symbol) [0x00007FF649111093]
	GetHandleVerifier [0x00007FF6495B7B6D+2931725]
	GetHandleVerifier [0x00007FF6495B2132+2908626]
	GetHandleVerifier [0x00007FF6495D00F3+3031443]
	GetHandleVerifier [0x00007FF6493191EA+184970]
	GetHandleVerifier [0x00007FF64932086F+215311]
	GetHandleVerifier [0x00007FF649306EC4+110436]
	GetHandleVerifier [0x00007FF649307072+110866]
	GetHandleVerifier [0x00007FF6492ED479+5401]
	BaseThreadInitThunk [0x00007FFCAAD3E8D7+23]
	RtlUserThreadStart [0x00007FFCAC3F14FC+44]

[2025-04-24 21:16:16] Message: stale element reference: stale element not found in the current frame
  (Session info: chrome=135.0.7049.115); For documentation on this error, please visit: https://www.selenium.dev/documentation/webdriver/troubleshooting/errors#stale-element-reference-exception
Stacktrace:
	GetHandleVerifier [0x00007FF6492FEFA5+77893]
	GetHandleVerifier [0x00007FF6492FF000+77984]
	(No symbol) [0x00007FF6490C91BA]
	(No symbol) [0x00007FF6490D0AEC]
	(No symbol) [0x00007FF6490D3B5C]
	(No symbol) [0x00007FF6490D3C2F]
	(No symbol) [0x00007FF64911EA17]
	(No symbol) [0x00007FF64911F41C]
	(No symbol) [0x00007FF649111B1C]
	(No symbol) [0x00007FF64914716F]
	(No symbol) [0x00007FF6491119E6]
	(No symbol) [0x00007FF649147340]
	(No symbol) [0x00007FF64916F07F]
	(No symbol) [0x00007FF649146F03]
	(No symbol) [0x00007FF649110328]
	(No symbol) [0x00007FF649111093]
	GetHandleVerifier [0x00007FF6495B7B6D+2931725]
	GetHandleVerifier [0x00007FF6495B2132+2908626]
	GetHandleVerifier [0x00007FF6495D00F3+3031443]
	GetHandleVerifier [0x00007FF6493191EA+184970]
	GetHandleVerifier [0x00007FF64932086F+215311]
	GetHandleVerifier [0x00007FF649306EC4+110436]
	GetHandleVerifier [0x00007FF649307072+110866]
	GetHandleVerifier [0x00007FF6492ED479+5401]
	BaseThreadInitThunk [0x00007FFCAAD3E8D7+23]
	RtlUserThreadStart [0x00007FFCAC3F14FC+44]

[2025-04-24 21:18:06] Message: stale element reference: stale element not found in the current frame
  (Session info: chrome=135.0.7049.115); For documentation on this error, please visit: https://www.selenium.dev/documentation/webdriver/troubleshooting/errors#stale-element-reference-exception
Stacktrace:
	GetHandleVerifier [0x00007FF6492FEFA5+77893]
	GetHandleVerifier [0x00007FF6492FF000+77984]
	(No symbol) [0x00007FF6490C91BA]
	(No symbol) [0x00007FF6490D0AEC]
	(No symbol) [0x00007FF6490D3B5C]
	(No symbol) [0x00007FF6490D3C2F]
	(No symbol) [0x00007FF64911EA17]
	(No symbol) [0x00007FF64911F41C]
	(No symbol) [0x00007FF649111B1C]
	(No symbol) [0x00007FF64914716F]
	(No symbol) [0x00007FF6491119E6]
	(No symbol) [0x00007FF649147340]
	(No symbol) [0x00007FF64916F07F]
	(No symbol) [0x00007FF649146F03]
	(No symbol) [0x00007FF649110328]
	(No symbol) [0x00007FF649111093]
	GetHandleVerifier [0x00007FF6495B7B6D+2931725]
	GetHandleVerifier [0x00007FF6495B2132+2908626]
	GetHandleVerifier [0x00007FF6495D00F3+3031443]
	GetHandleVerifier [0x00007FF6493191EA+184970]
	GetHandleVerifier [0x00007FF64932086F+215311]
	GetHandleVerifier [0x00007FF649306EC4+110436]
	GetHandleVerifier [0x00007FF649307072+110866]
	GetHandleVerifier [0x00007FF6492ED479+5401]
	BaseThreadInitThunk [0x00007FFCAAD3E8D7+23]
	RtlUserThreadStart [0x00007FFCAC3F14FC+44]

[2025-04-24 21:18:06] Message: stale element reference: stale element not found in the current frame
  (Session info: chrome=135.0.7049.115); For documentation on this error, please visit: https://www.selenium.dev/documentation/webdriver/troubleshooting/errors#stale-element-reference-exception
Stacktrace:
	GetHandleVerifier [0x00007FF6492FEFA5+77893]
	GetHandleVerifier [0x00007FF6492FF000+77984]
	(No symbol) [0x00007FF6490C91BA]
	(No symbol) [0x00007FF6490D0AEC]
	(No symbol) [0x00007FF6490D3B5C]
	(No symbol) [0x00007FF6490D3C2F]
	(No symbol) [0x00007FF64911EA17]
	(No symbol) [0x00007FF64911F41C]
	(No symbol) [0x00007FF649111B1C]
	(No symbol) [0x00007FF64914716F]
	(No symbol) [0x00007FF6491119E6]
	(No symbol) [0x00007FF649147340]
	(No symbol) [0x00007FF64916F07F]
	(No symbol) [0x00007FF649146F03]
	(No symbol) [0x00007FF649110328]
	(No symbol) [0x00007FF649111093]
	GetHandleVerifier [0x00007FF6495B7B6D+2931725]
	GetHandleVerifier [0x00007FF6495B2132+2908626]
	GetHandleVerifier [0x00007FF6495D00F3+3031443]
	GetHandleVerifier [0x00007FF6493191EA+184970]
	GetHandleVerifier [0x00007FF64932086F+215311]
	GetHandleVerifier [0x00007FF649306EC4+110436]
	GetHandleVerifier [0x00007FF649307072+110866]
	GetHandleVerifier [0x00007FF6492ED479+5401]
	BaseThreadInitThunk [0x00007FFCAAD3E8D7+23]
	RtlUserThreadStart [0x00007FFCAC3F14FC+44]

[2025-04-24 21:18:06] Message: stale element reference: stale element not found in the current frame
  (Session info: chrome=135.0.7049.115); For documentation on this error, please visit: https://www.selenium.dev/documentation/webdriver/troubleshooting/errors#stale-element-reference-exception
Stacktrace:
	GetHandleVerifier [0x00007FF6492FEFA5+77893]
	GetHandleVerifier [0x00007FF6492FF000+77984]
	(No symbol) [0x00007FF6490C91BA]
	(No symbol) [0x00007FF6490D0AEC]
	(No symbol) [0x00007FF6490D3B5C]
	(No symbol) [0x00007FF6490D3C2F]
	(No symbol) [0x00007FF64911EA17]
	(No symbol) [0x00007FF64911F41C]
	(No symbol) [0x00007FF649111B1C]
	(No symbol) [0x00007FF64914716F]
	(No symbol) [0x00007FF6491119E6]
	(No symbol) [0x00007FF649147340]
	(No symbol) [0x00007FF64916F07F]
	(No symbol) [0x00007FF649146F03]
	(No symbol) [0x00007FF649110328]
	(No symbol) [0x00007FF649111093]
	GetHandleVerifier [0x00007FF6495B7B6D+2931725]
	GetHandleVerifier [0x00007FF6495B2132+2908626]
	GetHandleVerifier [0x00007FF6495D00F3+3031443]
	GetHandleVerifier [0x00007FF6493191EA+184970]
	GetHandleVerifier [0x00007FF64932086F+215311]
	GetHandleVerifier [0x00007FF649306EC4+110436]
	GetHandleVerifier [0x00007FF649307072+110866]
	GetHandleVerifier [0x00007FF6492ED479+5401]
	BaseThreadInitThunk [0x00007FFCAAD3E8D7+23]
	RtlUserThreadStart [0x00007FFCAC3F14FC+44]

[2025-04-24 21:18:06] Message: stale element reference: stale element not found in the current frame
  (Session info: chrome=135.0.7049.115); For documentation on this error, please visit: https://www.selenium.dev/documentation/webdriver/troubleshooting/errors#stale-element-reference-exception
Stacktrace:
	GetHandleVerifier [0x00007FF6492FEFA5+77893]
	GetHandleVerifier [0x00007FF6492FF000+77984]
	(No symbol) [0x00007FF6490C91BA]
	(No symbol) [0x00007FF6490D0AEC]
	(No symbol) [0x00007FF6490D3B5C]
	(No symbol) [0x00007FF6490D3C2F]
	(No symbol) [0x00007FF64911EA17]
	(No symbol) [0x00007FF64911F41C]
	(No symbol) [0x00007FF649111B1C]
	(No symbol) [0x00007FF64914716F]
	(No symbol) [0x00007FF6491119E6]
	(No symbol) [0x00007FF649147340]
	(No symbol) [0x00007FF64916F07F]
	(No symbol) [0x00007FF649146F03]
	(No symbol) [0x00007FF649110328]
	(No symbol) [0x00007FF649111093]
	GetHandleVerifier [0x00007FF6495B7B6D+2931725]
	GetHandleVerifier [0x00007FF6495B2132+2908626]
	GetHandleVerifier [0x00007FF6495D00F3+3031443]
	GetHandleVerifier [0x00007FF6493191EA+184970]
	GetHandleVerifier [0x00007FF64932086F+215311]
	GetHandleVerifier [0x00007FF649306EC4+110436]
	GetHandleVerifier [0x00007FF649307072+110866]
	GetHandleVerifier [0x00007FF6492ED479+5401]
	BaseThreadInitThunk [0x00007FFCAAD3E8D7+23]
	RtlUserThreadStart [0x00007FFCAC3F14FC+44]

[2025-04-24 21:18:06] Message: stale element reference: stale element not found in the current frame
  (Session info: chrome=135.0.7049.115); For documentation on this error, please visit: https://www.selenium.dev/documentation/webdriver/troubleshooting/errors#stale-element-reference-exception
Stacktrace:
	GetHandleVerifier [0x00007FF6492FEFA5+77893]
	GetHandleVerifier [0x00007FF6492FF000+77984]
	(No symbol) [0x00007FF6490C91BA]
	(No symbol) [0x00007FF6490D0AEC]
	(No symbol) [0x00007FF6490D3B5C]
	(No symbol) [0x00007FF6490D3C2F]
	(No symbol) [0x00007FF64911EA17]
	(No symbol) [0x00007FF64911F41C]
	(No symbol) [0x00007FF649111B1C]
	(No symbol) [0x00007FF64914716F]
	(No symbol) [0x00007FF6491119E6]
	(No symbol) [0x00007FF649147340]
	(No symbol) [0x00007FF64916F07F]
	(No symbol) [0x00007FF649146F03]
	(No symbol) [0x00007FF649110328]
	(No symbol) [0x00007FF649111093]
	GetHandleVerifier [0x00007FF6495B7B6D+2931725]
	GetHandleVerifier [0x00007FF6495B2132+2908626]
	GetHandleVerifier [0x00007FF6495D00F3+3031443]
	GetHandleVerifier [0x00007FF6493191EA+184970]
	GetHandleVerifier [0x00007FF64932086F+215311]
	GetHandleVerifier [0x00007FF649306EC4+110436]
	GetHandleVerifier [0x00007FF649307072+110866]
	GetHandleVerifier [0x00007FF6492ED479+5401]
	BaseThreadInitThunk [0x00007FFCAAD3E8D7+23]
	RtlUserThreadStart [0x00007FFCAC3F14FC+44]

[2025-04-24 21:18:06] Message: stale element reference: stale element not found in the current frame
  (Session info: chrome=135.0.7049.115); For documentation on this error, please visit: https://www.selenium.dev/documentation/webdriver/troubleshooting/errors#stale-element-reference-exception
Stacktrace:
	GetHandleVerifier [0x00007FF6492FEFA5+77893]
	GetHandleVerifier [0x00007FF6492FF000+77984]
	(No symbol) [0x00007FF6490C91BA]
	(No symbol) [0x00007FF6490D0AEC]
	(No symbol) [0x00007FF6490D3B5C]
	(No symbol) [0x00007FF6490D3C2F]
	(No symbol) [0x00007FF64911EA17]
	(No symbol) [0x00007FF64911F41C]
	(No symbol) [0x00007FF649111B1C]
	(No symbol) [0x00007FF64914716F]
	(No symbol) [0x00007FF6491119E6]
	(No symbol) [0x00007FF649147340]
	(No symbol) [0x00007FF64916F07F]
	(No symbol) [0x00007FF649146F03]
	(No symbol) [0x00007FF649110328]
	(No symbol) [0x00007FF649111093]
	GetHandleVerifier [0x00007FF6495B7B6D+2931725]
	GetHandleVerifier [0x00007FF6495B2132+2908626]
	GetHandleVerifier [0x00007FF6495D00F3+3031443]
	GetHandleVerifier [0x00007FF6493191EA+184970]
	GetHandleVerifier [0x00007FF64932086F+215311]
	GetHandleVerifier [0x00007FF649306EC4+110436]
	GetHandleVerifier [0x00007FF649307072+110866]
	GetHandleVerifier [0x00007FF6492ED479+5401]
	BaseThreadInitThunk [0x00007FFCAAD3E8D7+23]
	RtlUserThreadStart [0x00007FFCAC3F14FC+44]

[2025-04-24 21:18:06] Message: stale element reference: stale element not found in the current frame
  (Session info: chrome=135.0.7049.115); For documentation on this error, please visit: https://www.selenium.dev/documentation/webdriver/troubleshooting/errors#stale-element-reference-exception
Stacktrace:
	GetHandleVerifier [0x00007FF6492FEFA5+77893]
	GetHandleVerifier [0x00007FF6492FF000+77984]
	(No symbol) [0x00007FF6490C91BA]
	(No symbol) [0x00007FF6490D0AEC]
	(No symbol) [0x00007FF6490D3B5C]
	(No symbol) [0x00007FF6490D3C2F]
	(No symbol) [0x00007FF64911EA17]
	(No symbol) [0x00007FF64911F41C]
	(No symbol) [0x00007FF649111B1C]
	(No symbol) [0x00007FF64914716F]
	(No symbol) [0x00007FF6491119E6]
	(No symbol) [0x00007FF649147340]
	(No symbol) [0x00007FF64916F07F]
	(No symbol) [0x00007FF649146F03]
	(No symbol) [0x00007FF649110328]
	(No symbol) [0x00007FF649111093]
	GetHandleVerifier [0x00007FF6495B7B6D+2931725]
	GetHandleVerifier [0x00007FF6495B2132+2908626]
	GetHandleVerifier [0x00007FF6495D00F3+3031443]
	GetHandleVerifier [0x00007FF6493191EA+184970]
	GetHandleVerifier [0x00007FF64932086F+215311]
	GetHandleVerifier [0x00007FF649306EC4+110436]
	GetHandleVerifier [0x00007FF649307072+110866]
	GetHandleVerifier [0x00007FF6492ED479+5401]
	BaseThreadInitThunk [0x00007FFCAAD3E8D7+23]
	RtlUserThreadStart [0x00007FFCAC3F14FC+44]

[2025-04-24 21:18:06] Message: stale element reference: stale element not found in the current frame
  (Session info: chrome=135.0.7049.115); For documentation on this error, please visit: https://www.selenium.dev/documentation/webdriver/troubleshooting/errors#stale-element-reference-exception
Stacktrace:
	GetHandleVerifier [0x00007FF6492FEFA5+77893]
	GetHandleVerifier [0x00007FF6492FF000+77984]
	(No symbol) [0x00007FF6490C91BA]
	(No symbol) [0x00007FF6490D0AEC]
	(No symbol) [0x00007FF6490D3B5C]
	(No symbol) [0x00007FF6490D3C2F]
	(No symbol) [0x00007FF64911EA17]
	(No symbol) [0x00007FF64911F41C]
	(No symbol) [0x00007FF649111B1C]
	(No symbol) [0x00007FF64914716F]
	(No symbol) [0x00007FF6491119E6]
	(No symbol) [0x00007FF649147340]
	(No symbol) [0x00007FF64916F07F]
	(No symbol) [0x00007FF649146F03]
	(No symbol) [0x00007FF649110328]
	(No symbol) [0x00007FF649111093]
	GetHandleVerifier [0x00007FF6495B7B6D+2931725]
	GetHandleVerifier [0x00007FF6495B2132+2908626]
	GetHandleVerifier [0x00007FF6495D00F3+3031443]
	GetHandleVerifier [0x00007FF6493191EA+184970]
	GetHandleVerifier [0x00007FF64932086F+215311]
	GetHandleVerifier [0x00007FF649306EC4+110436]
	GetHandleVerifier [0x00007FF649307072+110866]
	GetHandleVerifier [0x00007FF6492ED479+5401]
	BaseThreadInitThunk [0x00007FFCAAD3E8D7+23]
	RtlUserThreadStart [0x00007FFCAC3F14FC+44]

[2025-04-24 21:18:06] Message: stale element reference: stale element not found in the current frame
  (Session info: chrome=135.0.7049.115); For documentation on this error, please visit: https://www.selenium.dev/documentation/webdriver/troubleshooting/errors#stale-element-reference-exception
Stacktrace:
	GetHandleVerifier [0x00007FF6492FEFA5+77893]
	GetHandleVerifier [0x00007FF6492FF000+77984]
	(No symbol) [0x00007FF6490C91BA]
	(No symbol) [0x00007FF6490D0AEC]
	(No symbol) [0x00007FF6490D3B5C]
	(No symbol) [0x00007FF6490D3C2F]
	(No symbol) [0x00007FF64911EA17]
	(No symbol) [0x00007FF64911F41C]
	(No symbol) [0x00007FF649111B1C]
	(No symbol) [0x00007FF64914716F]
	(No symbol) [0x00007FF6491119E6]
	(No symbol) [0x00007FF649147340]
	(No symbol) [0x00007FF64916F07F]
	(No symbol) [0x00007FF649146F03]
	(No symbol) [0x00007FF649110328]
	(No symbol) [0x00007FF649111093]
	GetHandleVerifier [0x00007FF6495B7B6D+2931725]
	GetHandleVerifier [0x00007FF6495B2132+2908626]
	GetHandleVerifier [0x00007FF6495D00F3+3031443]
	GetHandleVerifier [0x00007FF6493191EA+184970]
	GetHandleVerifier [0x00007FF64932086F+215311]
	GetHandleVerifier [0x00007FF649306EC4+110436]
	GetHandleVerifier [0x00007FF649307072+110866]
	GetHandleVerifier [0x00007FF6492ED479+5401]
	BaseThreadInitThunk [0x00007FFCAAD3E8D7+23]
	RtlUserThreadStart [0x00007FFCAC3F14FC+44]

[2025-04-24 21:18:06] Message: stale element reference: stale element not found in the current frame
  (Session info: chrome=135.0.7049.115); For documentation on this error, please visit: https://www.selenium.dev/documentation/webdriver/troubleshooting/errors#stale-element-reference-exception
Stacktrace:
	GetHandleVerifier [0x00007FF6492FEFA5+77893]
	GetHandleVerifier [0x00007FF6492FF000+77984]
	(No symbol) [0x00007FF6490C91BA]
	(No symbol) [0x00007FF6490D0AEC]
	(No symbol) [0x00007FF6490D3B5C]
	(No symbol) [0x00007FF6490D3C2F]
	(No symbol) [0x00007FF64911EA17]
	(No symbol) [0x00007FF64911F41C]
	(No symbol) [0x00007FF649111B1C]
	(No symbol) [0x00007FF64914716F]
	(No symbol) [0x00007FF6491119E6]
	(No symbol) [0x00007FF649147340]
	(No symbol) [0x00007FF64916F07F]
	(No symbol) [0x00007FF649146F03]
	(No symbol) [0x00007FF649110328]
	(No symbol) [0x00007FF649111093]
	GetHandleVerifier [0x00007FF6495B7B6D+2931725]
	GetHandleVerifier [0x00007FF6495B2132+2908626]
	GetHandleVerifier [0x00007FF6495D00F3+3031443]
	GetHandleVerifier [0x00007FF6493191EA+184970]
	GetHandleVerifier [0x00007FF64932086F+215311]
	GetHandleVerifier [0x00007FF649306EC4+110436]
	GetHandleVerifier [0x00007FF649307072+110866]
	GetHandleVerifier [0x00007FF6492ED479+5401]
	BaseThreadInitThunk [0x00007FFCAAD3E8D7+23]
	RtlUserThreadStart [0x00007FFCAC3F14FC+44]

[2025-04-24 21:18:06] Message: stale element reference: stale element not found in the current frame
  (Session info: chrome=135.0.7049.115); For documentation on this error, please visit: https://www.selenium.dev/documentation/webdriver/troubleshooting/errors#stale-element-reference-exception
Stacktrace:
	GetHandleVerifier [0x00007FF6492FEFA5+77893]
	GetHandleVerifier [0x00007FF6492FF000+77984]
	(No symbol) [0x00007FF6490C91BA]
	(No symbol) [0x00007FF6490D0AEC]
	(No symbol) [0x00007FF6490D3B5C]
	(No symbol) [0x00007FF6490D3C2F]
	(No symbol) [0x00007FF64911EA17]
	(No symbol) [0x00007FF64911F41C]
	(No symbol) [0x00007FF649111B1C]
	(No symbol) [0x00007FF64914716F]
	(No symbol) [0x00007FF6491119E6]
	(No symbol) [0x00007FF649147340]
	(No symbol) [0x00007FF64916F07F]
	(No symbol) [0x00007FF649146F03]
	(No symbol) [0x00007FF649110328]
	(No symbol) [0x00007FF649111093]
	GetHandleVerifier [0x00007FF6495B7B6D+2931725]
	GetHandleVerifier [0x00007FF6495B2132+2908626]
	GetHandleVerifier [0x00007FF6495D00F3+3031443]
	GetHandleVerifier [0x00007FF6493191EA+184970]
	GetHandleVerifier [0x00007FF64932086F+215311]
	GetHandleVerifier [0x00007FF649306EC4+110436]
	GetHandleVerifier [0x00007FF649307072+110866]
	GetHandleVerifier [0x00007FF6492ED479+5401]
	BaseThreadInitThunk [0x00007FFCAAD3E8D7+23]
	RtlUserThreadStart [0x00007FFCAC3F14FC+44]

[2025-04-24 21:18:06] Message: stale element reference: stale element not found in the current frame
  (Session info: chrome=135.0.7049.115); For documentation on this error, please visit: https://www.selenium.dev/documentation/webdriver/troubleshooting/errors#stale-element-reference-exception
Stacktrace:
	GetHandleVerifier [0x00007FF6492FEFA5+77893]
	GetHandleVerifier [0x00007FF6492FF000+77984]
	(No symbol) [0x00007FF6490C91BA]
	(No symbol) [0x00007FF6490D0AEC]
	(No symbol) [0x00007FF6490D3B5C]
	(No symbol) [0x00007FF6490D3C2F]
	(No symbol) [0x00007FF64911EA17]
	(No symbol) [0x00007FF64911F41C]
	(No symbol) [0x00007FF649111B1C]
	(No symbol) [0x00007FF64914716F]
	(No symbol) [0x00007FF6491119E6]
	(No symbol) [0x00007FF649147340]
	(No symbol) [0x00007FF64916F07F]
	(No symbol) [0x00007FF649146F03]
	(No symbol) [0x00007FF649110328]
	(No symbol) [0x00007FF649111093]
	GetHandleVerifier [0x00007FF6495B7B6D+2931725]
	GetHandleVerifier [0x00007FF6495B2132+2908626]
	GetHandleVerifier [0x00007FF6495D00F3+3031443]
	GetHandleVerifier [0x00007FF6493191EA+184970]
	GetHandleVerifier [0x00007FF64932086F+215311]
	GetHandleVerifier [0x00007FF649306EC4+110436]
	GetHandleVerifier [0x00007FF649307072+110866]
	GetHandleVerifier [0x00007FF6492ED479+5401]
	BaseThreadInitThunk [0x00007FFCAAD3E8D7+23]
	RtlUserThreadStart [0x00007FFCAC3F14FC+44]

[2025-04-24 21:18:06] Message: stale element reference: stale element not found in the current frame
  (Session info: chrome=135.0.7049.115); For documentation on this error, please visit: https://www.selenium.dev/documentation/webdriver/troubleshooting/errors#stale-element-reference-exception
Stacktrace:
	GetHandleVerifier [0x00007FF6492FEFA5+77893]
	GetHandleVerifier [0x00007FF6492FF000+77984]
	(No symbol) [0x00007FF6490C91BA]
	(No symbol) [0x00007FF6490D0AEC]
	(No symbol) [0x00007FF6490D3B5C]
	(No symbol) [0x00007FF6490D3C2F]
	(No symbol) [0x00007FF64911EA17]
	(No symbol) [0x00007FF64911F41C]
	(No symbol) [0x00007FF649111B1C]
	(No symbol) [0x00007FF64914716F]
	(No symbol) [0x00007FF6491119E6]
	(No symbol) [0x00007FF649147340]
	(No symbol) [0x00007FF64916F07F]
	(No symbol) [0x00007FF649146F03]
	(No symbol) [0x00007FF649110328]
	(No symbol) [0x00007FF649111093]
	GetHandleVerifier [0x00007FF6495B7B6D+2931725]
	GetHandleVerifier [0x00007FF6495B2132+2908626]
	GetHandleVerifier [0x00007FF6495D00F3+3031443]
	GetHandleVerifier [0x00007FF6493191EA+184970]
	GetHandleVerifier [0x00007FF64932086F+215311]
	GetHandleVerifier [0x00007FF649306EC4+110436]
	GetHandleVerifier [0x00007FF649307072+110866]
	GetHandleVerifier [0x00007FF6492ED479+5401]
	BaseThreadInitThunk [0x00007FFCAAD3E8D7+23]
	RtlUserThreadStart [0x00007FFCAC3F14FC+44]

[2025-04-24 21:18:06] Message: stale element reference: stale element not found in the current frame
  (Session info: chrome=135.0.7049.115); For documentation on this error, please visit: https://www.selenium.dev/documentation/webdriver/troubleshooting/errors#stale-element-reference-exception
Stacktrace:
	GetHandleVerifier [0x00007FF6492FEFA5+77893]
	GetHandleVerifier [0x00007FF6492FF000+77984]
	(No symbol) [0x00007FF6490C91BA]
	(No symbol) [0x00007FF6490D0AEC]
	(No symbol) [0x00007FF6490D3B5C]
	(No symbol) [0x00007FF6490D3C2F]
	(No symbol) [0x00007FF64911EA17]
	(No symbol) [0x00007FF64911F41C]
	(No symbol) [0x00007FF649111B1C]
	(No symbol) [0x00007FF64914716F]
	(No symbol) [0x00007FF6491119E6]
	(No symbol) [0x00007FF649147340]
	(No symbol) [0x00007FF64916F07F]
	(No symbol) [0x00007FF649146F03]
	(No symbol) [0x00007FF649110328]
	(No symbol) [0x00007FF649111093]
	GetHandleVerifier [0x00007FF6495B7B6D+2931725]
	GetHandleVerifier [0x00007FF6495B2132+2908626]
	GetHandleVerifier [0x00007FF6495D00F3+3031443]
	GetHandleVerifier [0x00007FF6493191EA+184970]
	GetHandleVerifier [0x00007FF64932086F+215311]
	GetHandleVerifier [0x00007FF649306EC4+110436]
	GetHandleVerifier [0x00007FF649307072+110866]
	GetHandleVerifier [0x00007FF6492ED479+5401]
	BaseThreadInitThunk [0x00007FFCAAD3E8D7+23]
	RtlUserThreadStart [0x00007FFCAC3F14FC+44]

[2025-04-24 21:18:06] Message: stale element reference: stale element not found in the current frame
  (Session info: chrome=135.0.7049.115); For documentation on this error, please visit: https://www.selenium.dev/documentation/webdriver/troubleshooting/errors#stale-element-reference-exception
Stacktrace:
	GetHandleVerifier [0x00007FF6492FEFA5+77893]
	GetHandleVerifier [0x00007FF6492FF000+77984]
	(No symbol) [0x00007FF6490C91BA]
	(No symbol) [0x00007FF6490D0AEC]
	(No symbol) [0x00007FF6490D3B5C]
	(No symbol) [0x00007FF6490D3C2F]
	(No symbol) [0x00007FF64911EA17]
	(No symbol) [0x00007FF64911F41C]
	(No symbol) [0x00007FF649111B1C]
	(No symbol) [0x00007FF64914716F]
	(No symbol) [0x00007FF6491119E6]
	(No symbol) [0x00007FF649147340]
	(No symbol) [0x00007FF64916F07F]
	(No symbol) [0x00007FF649146F03]
	(No symbol) [0x00007FF649110328]
	(No symbol) [0x00007FF649111093]
	GetHandleVerifier [0x00007FF6495B7B6D+2931725]
	GetHandleVerifier [0x00007FF6495B2132+2908626]
	GetHandleVerifier [0x00007FF6495D00F3+3031443]
	GetHandleVerifier [0x00007FF6493191EA+184970]
	GetHandleVerifier [0x00007FF64932086F+215311]
	GetHandleVerifier [0x00007FF649306EC4+110436]
	GetHandleVerifier [0x00007FF649307072+110866]
	GetHandleVerifier [0x00007FF6492ED479+5401]
	BaseThreadInitThunk [0x00007FFCAAD3E8D7+23]
	RtlUserThreadStart [0x00007FFCAC3F14FC+44]

[2025-04-24 21:18:06] Message: stale element reference: stale element not found in the current frame
  (Session info: chrome=135.0.7049.115); For documentation on this error, please visit: https://www.selenium.dev/documentation/webdriver/troubleshooting/errors#stale-element-reference-exception
Stacktrace:
	GetHandleVerifier [0x00007FF6492FEFA5+77893]
	GetHandleVerifier [0x00007FF6492FF000+77984]
	(No symbol) [0x00007FF6490C91BA]
	(No symbol) [0x00007FF6490D0AEC]
	(No symbol) [0x00007FF6490D3B5C]
	(No symbol) [0x00007FF6490D3C2F]
	(No symbol) [0x00007FF64911EA17]
	(No symbol) [0x00007FF64911F41C]
	(No symbol) [0x00007FF649111B1C]
	(No symbol) [0x00007FF64914716F]
	(No symbol) [0x00007FF6491119E6]
	(No symbol) [0x00007FF649147340]
	(No symbol) [0x00007FF64916F07F]
	(No symbol) [0x00007FF649146F03]
	(No symbol) [0x00007FF649110328]
	(No symbol) [0x00007FF649111093]
	GetHandleVerifier [0x00007FF6495B7B6D+2931725]
	GetHandleVerifier [0x00007FF6495B2132+2908626]
	GetHandleVerifier [0x00007FF6495D00F3+3031443]
	GetHandleVerifier [0x00007FF6493191EA+184970]
	GetHandleVerifier [0x00007FF64932086F+215311]
	GetHandleVerifier [0x00007FF649306EC4+110436]
	GetHandleVerifier [0x00007FF649307072+110866]
	GetHandleVerifier [0x00007FF6492ED479+5401]
	BaseThreadInitThunk [0x00007FFCAAD3E8D7+23]
	RtlUserThreadStart [0x00007FFCAC3F14FC+44]

[2025-04-24 21:18:06] Message: stale element reference: stale element not found in the current frame
  (Session info: chrome=135.0.7049.115); For documentation on this error, please visit: https://www.selenium.dev/documentation/webdriver/troubleshooting/errors#stale-element-reference-exception
Stacktrace:
	GetHandleVerifier [0x00007FF6492FEFA5+77893]
	GetHandleVerifier [0x00007FF6492FF000+77984]
	(No symbol) [0x00007FF6490C91BA]
	(No symbol) [0x00007FF6490D0AEC]
	(No symbol) [0x00007FF6490D3B5C]
	(No symbol) [0x00007FF6490D3C2F]
	(No symbol) [0x00007FF64911EA17]
	(No symbol) [0x00007FF64911F41C]
	(No symbol) [0x00007FF649111B1C]
	(No symbol) [0x00007FF64914716F]
	(No symbol) [0x00007FF6491119E6]
	(No symbol) [0x00007FF649147340]
	(No symbol) [0x00007FF64916F07F]
	(No symbol) [0x00007FF649146F03]
	(No symbol) [0x00007FF649110328]
	(No symbol) [0x00007FF649111093]
	GetHandleVerifier [0x00007FF6495B7B6D+2931725]
	GetHandleVerifier [0x00007FF6495B2132+2908626]
	GetHandleVerifier [0x00007FF6495D00F3+3031443]
	GetHandleVerifier [0x00007FF6493191EA+184970]
	GetHandleVerifier [0x00007FF64932086F+215311]
	GetHandleVerifier [0x00007FF649306EC4+110436]
	GetHandleVerifier [0x00007FF649307072+110866]
	GetHandleVerifier [0x00007FF6492ED479+5401]
	BaseThreadInitThunk [0x00007FFCAAD3E8D7+23]
	RtlUserThreadStart [0x00007FFCAC3F14FC+44]

[2025-04-24 21:18:06] Message: stale element reference: stale element not found in the current frame
  (Session info: chrome=135.0.7049.115); For documentation on this error, please visit: https://www.selenium.dev/documentation/webdriver/troubleshooting/errors#stale-element-reference-exception
Stacktrace:
	GetHandleVerifier [0x00007FF6492FEFA5+77893]
	GetHandleVerifier [0x00007FF6492FF000+77984]
	(No symbol) [0x00007FF6490C91BA]
	(No symbol) [0x00007FF6490D0AEC]
	(No symbol) [0x00007FF6490D3B5C]
	(No symbol) [0x00007FF6490D3C2F]
	(No symbol) [0x00007FF64911EA17]
	(No symbol) [0x00007FF64911F41C]
	(No symbol) [0x00007FF649111B1C]
	(No symbol) [0x00007FF64914716F]
	(No symbol) [0x00007FF6491119E6]
	(No symbol) [0x00007FF649147340]
	(No symbol) [0x00007FF64916F07F]
	(No symbol) [0x00007FF649146F03]
	(No symbol) [0x00007FF649110328]
	(No symbol) [0x00007FF649111093]
	GetHandleVerifier [0x00007FF6495B7B6D+2931725]
	GetHandleVerifier [0x00007FF6495B2132+2908626]
	GetHandleVerifier [0x00007FF6495D00F3+3031443]
	GetHandleVerifier [0x00007FF6493191EA+184970]
	GetHandleVerifier [0x00007FF64932086F+215311]
	GetHandleVerifier [0x00007FF649306EC4+110436]
	GetHandleVerifier [0x00007FF649307072+110866]
	GetHandleVerifier [0x00007FF6492ED479+5401]
	BaseThreadInitThunk [0x00007FFCAAD3E8D7+23]
	RtlUserThreadStart [0x00007FFCAC3F14FC+44]

[2025-04-24 21:18:06] Message: stale element reference: stale element not found in the current frame
  (Session info: chrome=135.0.7049.115); For documentation on this error, please visit: https://www.selenium.dev/documentation/webdriver/troubleshooting/errors#stale-element-reference-exception
Stacktrace:
	GetHandleVerifier [0x00007FF6492FEFA5+77893]
	GetHandleVerifier [0x00007FF6492FF000+77984]
	(No symbol) [0x00007FF6490C91BA]
	(No symbol) [0x00007FF6490D0AEC]
	(No symbol) [0x00007FF6490D3B5C]
	(No symbol) [0x00007FF6490D3C2F]
	(No symbol) [0x00007FF64911EA17]
	(No symbol) [0x00007FF64911F41C]
	(No symbol) [0x00007FF649111B1C]
	(No symbol) [0x00007FF64914716F]
	(No symbol) [0x00007FF6491119E6]
	(No symbol) [0x00007FF649147340]
	(No symbol) [0x00007FF64916F07F]
	(No symbol) [0x00007FF649146F03]
	(No symbol) [0x00007FF649110328]
	(No symbol) [0x00007FF649111093]
	GetHandleVerifier [0x00007FF6495B7B6D+2931725]
	GetHandleVerifier [0x00007FF6495B2132+2908626]
	GetHandleVerifier [0x00007FF6495D00F3+3031443]
	GetHandleVerifier [0x00007FF6493191EA+184970]
	GetHandleVerifier [0x00007FF64932086F+215311]
	GetHandleVerifier [0x00007FF649306EC4+110436]
	GetHandleVerifier [0x00007FF649307072+110866]
	GetHandleVerifier [0x00007FF6492ED479+5401]
	BaseThreadInitThunk [0x00007FFCAAD3E8D7+23]
	RtlUserThreadStart [0x00007FFCAC3F14FC+44]

[2025-04-24 21:18:06] Message: stale element reference: stale element not found in the current frame
  (Session info: chrome=135.0.7049.115); For documentation on this error, please visit: https://www.selenium.dev/documentation/webdriver/troubleshooting/errors#stale-element-reference-exception
Stacktrace:
	GetHandleVerifier [0x00007FF6492FEFA5+77893]
	GetHandleVerifier [0x00007FF6492FF000+77984]
	(No symbol) [0x00007FF6490C91BA]
	(No symbol) [0x00007FF6490D0AEC]
	(No symbol) [0x00007FF6490D3B5C]
	(No symbol) [0x00007FF6490D3C2F]
	(No symbol) [0x00007FF64911EA17]
	(No symbol) [0x00007FF64911F41C]
	(No symbol) [0x00007FF649111B1C]
	(No symbol) [0x00007FF64914716F]
	(No symbol) [0x00007FF6491119E6]
	(No symbol) [0x00007FF649147340]
	(No symbol) [0x00007FF64916F07F]
	(No symbol) [0x00007FF649146F03]
	(No symbol) [0x00007FF649110328]
	(No symbol) [0x00007FF649111093]
	GetHandleVerifier [0x00007FF6495B7B6D+2931725]
	GetHandleVerifier [0x00007FF6495B2132+2908626]
	GetHandleVerifier [0x00007FF6495D00F3+3031443]
	GetHandleVerifier [0x00007FF6493191EA+184970]
	GetHandleVerifier [0x00007FF64932086F+215311]
	GetHandleVerifier [0x00007FF649306EC4+110436]
	GetHandleVerifier [0x00007FF649307072+110866]
	GetHandleVerifier [0x00007FF6492ED479+5401]
	BaseThreadInitThunk [0x00007FFCAAD3E8D7+23]
	RtlUserThreadStart [0x00007FFCAC3F14FC+44]

[2025-04-24 21:18:06] Message: stale element reference: stale element not found in the current frame
  (Session info: chrome=135.0.7049.115); For documentation on this error, please visit: https://www.selenium.dev/documentation/webdriver/troubleshooting/errors#stale-element-reference-exception
Stacktrace:
	GetHandleVerifier [0x00007FF6492FEFA5+77893]
	GetHandleVerifier [0x00007FF6492FF000+77984]
	(No symbol) [0x00007FF6490C91BA]
	(No symbol) [0x00007FF6490D0AEC]
	(No symbol) [0x00007FF6490D3B5C]
	(No symbol) [0x00007FF6490D3C2F]
	(No symbol) [0x00007FF64911EA17]
	(No symbol) [0x00007FF64911F41C]
	(No symbol) [0x00007FF649111B1C]
	(No symbol) [0x00007FF64914716F]
	(No symbol) [0x00007FF6491119E6]
	(No symbol) [0x00007FF649147340]
	(No symbol) [0x00007FF64916F07F]
	(No symbol) [0x00007FF649146F03]
	(No symbol) [0x00007FF649110328]
	(No symbol) [0x00007FF649111093]
	GetHandleVerifier [0x00007FF6495B7B6D+2931725]
	GetHandleVerifier [0x00007FF6495B2132+2908626]
	GetHandleVerifier [0x00007FF6495D00F3+3031443]
	GetHandleVerifier [0x00007FF6493191EA+184970]
	GetHandleVerifier [0x00007FF64932086F+215311]
	GetHandleVerifier [0x00007FF649306EC4+110436]
	GetHandleVerifier [0x00007FF649307072+110866]
	GetHandleVerifier [0x00007FF6492ED479+5401]
	BaseThreadInitThunk [0x00007FFCAAD3E8D7+23]
	RtlUserThreadStart [0x00007FFCAC3F14FC+44]

[2025-04-24 21:18:06] Message: stale element reference: stale element not found in the current frame
  (Session info: chrome=135.0.7049.115); For documentation on this error, please visit: https://www.selenium.dev/documentation/webdriver/troubleshooting/errors#stale-element-reference-exception
Stacktrace:
	GetHandleVerifier [0x00007FF6492FEFA5+77893]
	GetHandleVerifier [0x00007FF6492FF000+77984]
	(No symbol) [0x00007FF6490C91BA]
	(No symbol) [0x00007FF6490D0AEC]
	(No symbol) [0x00007FF6490D3B5C]
	(No symbol) [0x00007FF6490D3C2F]
	(No symbol) [0x00007FF64911EA17]
	(No symbol) [0x00007FF64911F41C]
	(No symbol) [0x00007FF649111B1C]
	(No symbol) [0x00007FF64914716F]
	(No symbol) [0x00007FF6491119E6]
	(No symbol) [0x00007FF649147340]
	(No symbol) [0x00007FF64916F07F]
	(No symbol) [0x00007FF649146F03]
	(No symbol) [0x00007FF649110328]
	(No symbol) [0x00007FF649111093]
	GetHandleVerifier [0x00007FF6495B7B6D+2931725]
	GetHandleVerifier [0x00007FF6495B2132+2908626]
	GetHandleVerifier [0x00007FF6495D00F3+3031443]
	GetHandleVerifier [0x00007FF6493191EA+184970]
	GetHandleVerifier [0x00007FF64932086F+215311]
	GetHandleVerifier [0x00007FF649306EC4+110436]
	GetHandleVerifier [0x00007FF649307072+110866]
	GetHandleVerifier [0x00007FF6492ED479+5401]
	BaseThreadInitThunk [0x00007FFCAAD3E8D7+23]
	RtlUserThreadStart [0x00007FFCAC3F14FC+44]

[2025-04-24 21:18:06] Message: stale element reference: stale element not found in the current frame
  (Session info: chrome=135.0.7049.115); For documentation on this error, please visit: https://www.selenium.dev/documentation/webdriver/troubleshooting/errors#stale-element-reference-exception
Stacktrace:
	GetHandleVerifier [0x00007FF6492FEFA5+77893]
	GetHandleVerifier [0x00007FF6492FF000+77984]
	(No symbol) [0x00007FF6490C91BA]
	(No symbol) [0x00007FF6490D0AEC]
	(No symbol) [0x00007FF6490D3B5C]
	(No symbol) [0x00007FF6490D3C2F]
	(No symbol) [0x00007FF64911EA17]
	(No symbol) [0x00007FF64911F41C]
	(No symbol) [0x00007FF649111B1C]
	(No symbol) [0x00007FF64914716F]
	(No symbol) [0x00007FF6491119E6]
	(No symbol) [0x00007FF649147340]
	(No symbol) [0x00007FF64916F07F]
	(No symbol) [0x00007FF649146F03]
	(No symbol) [0x00007FF649110328]
	(No symbol) [0x00007FF649111093]
	GetHandleVerifier [0x00007FF6495B7B6D+2931725]
	GetHandleVerifier [0x00007FF6495B2132+2908626]
	GetHandleVerifier [0x00007FF6495D00F3+3031443]
	GetHandleVerifier [0x00007FF6493191EA+184970]
	GetHandleVerifier [0x00007FF64932086F+215311]
	GetHandleVerifier [0x00007FF649306EC4+110436]
	GetHandleVerifier [0x00007FF649307072+110866]
	GetHandleVerifier [0x00007FF6492ED479+5401]
	BaseThreadInitThunk [0x00007FFCAAD3E8D7+23]
	RtlUserThreadStart [0x00007FFCAC3F14FC+44]

[2025-04-24 21:18:06] Message: stale element reference: stale element not found in the current frame
  (Session info: chrome=135.0.7049.115); For documentation on this error, please visit: https://www.selenium.dev/documentation/webdriver/troubleshooting/errors#stale-element-reference-exception
Stacktrace:
	GetHandleVerifier [0x00007FF6492FEFA5+77893]
	GetHandleVerifier [0x00007FF6492FF000+77984]
	(No symbol) [0x00007FF6490C91BA]
	(No symbol) [0x00007FF6490D0AEC]
	(No symbol) [0x00007FF6490D3B5C]
	(No symbol) [0x00007FF6490D3C2F]
	(No symbol) [0x00007FF64911EA17]
	(No symbol) [0x00007FF64911F41C]
	(No symbol) [0x00007FF649111B1C]
	(No symbol) [0x00007FF64914716F]
	(No symbol) [0x00007FF6491119E6]
	(No symbol) [0x00007FF649147340]
	(No symbol) [0x00007FF64916F07F]
	(No symbol) [0x00007FF649146F03]
	(No symbol) [0x00007FF649110328]
	(No symbol) [0x00007FF649111093]
	GetHandleVerifier [0x00007FF6495B7B6D+2931725]
	GetHandleVerifier [0x00007FF6495B2132+2908626]
	GetHandleVerifier [0x00007FF6495D00F3+3031443]
	GetHandleVerifier [0x00007FF6493191EA+184970]
	GetHandleVerifier [0x00007FF64932086F+215311]
	GetHandleVerifier [0x00007FF649306EC4+110436]
	GetHandleVerifier [0x00007FF649307072+110866]
	GetHandleVerifier [0x00007FF6492ED479+5401]
	BaseThreadInitThunk [0x00007FFCAAD3E8D7+23]
	RtlUserThreadStart [0x00007FFCAC3F14FC+44]

[2025-04-24 21:18:06] Message: stale element reference: stale element not found in the current frame
  (Session info: chrome=135.0.7049.115); For documentation on this error, please visit: https://www.selenium.dev/documentation/webdriver/troubleshooting/errors#stale-element-reference-exception
Stacktrace:
	GetHandleVerifier [0x00007FF6492FEFA5+77893]
	GetHandleVerifier [0x00007FF6492FF000+77984]
	(No symbol) [0x00007FF6490C91BA]
	(No symbol) [0x00007FF6490D0AEC]
	(No symbol) [0x00007FF6490D3B5C]
	(No symbol) [0x00007FF6490D3C2F]
	(No symbol) [0x00007FF64911EA17]
	(No symbol) [0x00007FF64911F41C]
	(No symbol) [0x00007FF649111B1C]
	(No symbol) [0x00007FF64914716F]
	(No symbol) [0x00007FF6491119E6]
	(No symbol) [0x00007FF649147340]
	(No symbol) [0x00007FF64916F07F]
	(No symbol) [0x00007FF649146F03]
	(No symbol) [0x00007FF649110328]
	(No symbol) [0x00007FF649111093]
	GetHandleVerifier [0x00007FF6495B7B6D+2931725]
	GetHandleVerifier [0x00007FF6495B2132+2908626]
	GetHandleVerifier [0x00007FF6495D00F3+3031443]
	GetHandleVerifier [0x00007FF6493191EA+184970]
	GetHandleVerifier [0x00007FF64932086F+215311]
	GetHandleVerifier [0x00007FF649306EC4+110436]
	GetHandleVerifier [0x00007FF649307072+110866]
	GetHandleVerifier [0x00007FF6492ED479+5401]
	BaseThreadInitThunk [0x00007FFCAAD3E8D7+23]
	RtlUserThreadStart [0x00007FFCAC3F14FC+44]

[2025-04-24 21:18:07] Message: stale element reference: stale element not found in the current frame
  (Session info: chrome=135.0.7049.115); For documentation on this error, please visit: https://www.selenium.dev/documentation/webdriver/troubleshooting/errors#stale-element-reference-exception
Stacktrace:
	GetHandleVerifier [0x00007FF6492FEFA5+77893]
	GetHandleVerifier [0x00007FF6492FF000+77984]
	(No symbol) [0x00007FF6490C91BA]
	(No symbol) [0x00007FF6490D0AEC]
	(No symbol) [0x00007FF6490D3B5C]
	(No symbol) [0x00007FF6490D3C2F]
	(No symbol) [0x00007FF64911EA17]
	(No symbol) [0x00007FF64911F41C]
	(No symbol) [0x00007FF649111B1C]
	(No symbol) [0x00007FF64914716F]
	(No symbol) [0x00007FF6491119E6]
	(No symbol) [0x00007FF649147340]
	(No symbol) [0x00007FF64916F07F]
	(No symbol) [0x00007FF649146F03]
	(No symbol) [0x00007FF649110328]
	(No symbol) [0x00007FF649111093]
	GetHandleVerifier [0x00007FF6495B7B6D+2931725]
	GetHandleVerifier [0x00007FF6495B2132+2908626]
	GetHandleVerifier [0x00007FF6495D00F3+3031443]
	GetHandleVerifier [0x00007FF6493191EA+184970]
	GetHandleVerifier [0x00007FF64932086F+215311]
	GetHandleVerifier [0x00007FF649306EC4+110436]
	GetHandleVerifier [0x00007FF649307072+110866]
	GetHandleVerifier [0x00007FF6492ED479+5401]
	BaseThreadInitThunk [0x00007FFCAAD3E8D7+23]
	RtlUserThreadStart [0x00007FFCAC3F14FC+44]

[2025-04-24 21:18:07] Message: stale element reference: stale element not found in the current frame
  (Session info: chrome=135.0.7049.115); For documentation on this error, please visit: https://www.selenium.dev/documentation/webdriver/troubleshooting/errors#stale-element-reference-exception
Stacktrace:
	GetHandleVerifier [0x00007FF6492FEFA5+77893]
	GetHandleVerifier [0x00007FF6492FF000+77984]
	(No symbol) [0x00007FF6490C91BA]
	(No symbol) [0x00007FF6490D0AEC]
	(No symbol) [0x00007FF6490D3B5C]
	(No symbol) [0x00007FF6490D3C2F]
	(No symbol) [0x00007FF64911EA17]
	(No symbol) [0x00007FF64911F41C]
	(No symbol) [0x00007FF649111B1C]
	(No symbol) [0x00007FF64914716F]
	(No symbol) [0x00007FF6491119E6]
	(No symbol) [0x00007FF649147340]
	(No symbol) [0x00007FF64916F07F]
	(No symbol) [0x00007FF649146F03]
	(No symbol) [0x00007FF649110328]
	(No symbol) [0x00007FF649111093]
	GetHandleVerifier [0x00007FF6495B7B6D+2931725]
	GetHandleVerifier [0x00007FF6495B2132+2908626]
	GetHandleVerifier [0x00007FF6495D00F3+3031443]
	GetHandleVerifier [0x00007FF6493191EA+184970]
	GetHandleVerifier [0x00007FF64932086F+215311]
	GetHandleVerifier [0x00007FF649306EC4+110436]
	GetHandleVerifier [0x00007FF649307072+110866]
	GetHandleVerifier [0x00007FF6492ED479+5401]
	BaseThreadInitThunk [0x00007FFCAAD3E8D7+23]
	RtlUserThreadStart [0x00007FFCAC3F14FC+44]

[2025-04-24 21:18:07] Message: stale element reference: stale element not found in the current frame
  (Session info: chrome=135.0.7049.115); For documentation on this error, please visit: https://www.selenium.dev/documentation/webdriver/troubleshooting/errors#stale-element-reference-exception
Stacktrace:
	GetHandleVerifier [0x00007FF6492FEFA5+77893]
	GetHandleVerifier [0x00007FF6492FF000+77984]
	(No symbol) [0x00007FF6490C91BA]
	(No symbol) [0x00007FF6490D0AEC]
	(No symbol) [0x00007FF6490D3B5C]
	(No symbol) [0x00007FF6490D3C2F]
	(No symbol) [0x00007FF64911EA17]
	(No symbol) [0x00007FF64911F41C]
	(No symbol) [0x00007FF649111B1C]
	(No symbol) [0x00007FF64914716F]
	(No symbol) [0x00007FF6491119E6]
	(No symbol) [0x00007FF649147340]
	(No symbol) [0x00007FF64916F07F]
	(No symbol) [0x00007FF649146F03]
	(No symbol) [0x00007FF649110328]
	(No symbol) [0x00007FF649111093]
	GetHandleVerifier [0x00007FF6495B7B6D+2931725]
	GetHandleVerifier [0x00007FF6495B2132+2908626]
	GetHandleVerifier [0x00007FF6495D00F3+3031443]
	GetHandleVerifier [0x00007FF6493191EA+184970]
	GetHandleVerifier [0x00007FF64932086F+215311]
	GetHandleVerifier [0x00007FF649306EC4+110436]
	GetHandleVerifier [0x00007FF649307072+110866]
	GetHandleVerifier [0x00007FF6492ED479+5401]
	BaseThreadInitThunk [0x00007FFCAAD3E8D7+23]
	RtlUserThreadStart [0x00007FFCAC3F14FC+44]

[2025-04-24 21:18:07] Message: stale element reference: stale element not found in the current frame
  (Session info: chrome=135.0.7049.115); For documentation on this error, please visit: https://www.selenium.dev/documentation/webdriver/troubleshooting/errors#stale-element-reference-exception
Stacktrace:
	GetHandleVerifier [0x00007FF6492FEFA5+77893]
	GetHandleVerifier [0x00007FF6492FF000+77984]
	(No symbol) [0x00007FF6490C91BA]
	(No symbol) [0x00007FF6490D0AEC]
	(No symbol) [0x00007FF6490D3B5C]
	(No symbol) [0x00007FF6490D3C2F]
	(No symbol) [0x00007FF64911EA17]
	(No symbol) [0x00007FF64911F41C]
	(No symbol) [0x00007FF649111B1C]
	(No symbol) [0x00007FF64914716F]
	(No symbol) [0x00007FF6491119E6]
	(No symbol) [0x00007FF649147340]
	(No symbol) [0x00007FF64916F07F]
	(No symbol) [0x00007FF649146F03]
	(No symbol) [0x00007FF649110328]
	(No symbol) [0x00007FF649111093]
	GetHandleVerifier [0x00007FF6495B7B6D+2931725]
	GetHandleVerifier [0x00007FF6495B2132+2908626]
	GetHandleVerifier [0x00007FF6495D00F3+3031443]
	GetHandleVerifier [0x00007FF6493191EA+184970]
	GetHandleVerifier [0x00007FF64932086F+215311]
	GetHandleVerifier [0x00007FF649306EC4+110436]
	GetHandleVerifier [0x00007FF649307072+110866]
	GetHandleVerifier [0x00007FF6492ED479+5401]
	BaseThreadInitThunk [0x00007FFCAAD3E8D7+23]
	RtlUserThreadStart [0x00007FFCAC3F14FC+44]

[2025-04-24 21:18:07] Message: stale element reference: stale element not found in the current frame
  (Session info: chrome=135.0.7049.115); For documentation on this error, please visit: https://www.selenium.dev/documentation/webdriver/troubleshooting/errors#stale-element-reference-exception
Stacktrace:
	GetHandleVerifier [0x00007FF6492FEFA5+77893]
	GetHandleVerifier [0x00007FF6492FF000+77984]
	(No symbol) [0x00007FF6490C91BA]
	(No symbol) [0x00007FF6490D0AEC]
	(No symbol) [0x00007FF6490D3B5C]
	(No symbol) [0x00007FF6490D3C2F]
	(No symbol) [0x00007FF64911EA17]
	(No symbol) [0x00007FF64911F41C]
	(No symbol) [0x00007FF649111B1C]
	(No symbol) [0x00007FF64914716F]
	(No symbol) [0x00007FF6491119E6]
	(No symbol) [0x00007FF649147340]
	(No symbol) [0x00007FF64916F07F]
	(No symbol) [0x00007FF649146F03]
	(No symbol) [0x00007FF649110328]
	(No symbol) [0x00007FF649111093]
	GetHandleVerifier [0x00007FF6495B7B6D+2931725]
	GetHandleVerifier [0x00007FF6495B2132+2908626]
	GetHandleVerifier [0x00007FF6495D00F3+3031443]
	GetHandleVerifier [0x00007FF6493191EA+184970]
	GetHandleVerifier [0x00007FF64932086F+215311]
	GetHandleVerifier [0x00007FF649306EC4+110436]
	GetHandleVerifier [0x00007FF649307072+110866]
	GetHandleVerifier [0x00007FF6492ED479+5401]
	BaseThreadInitThunk [0x00007FFCAAD3E8D7+23]
	RtlUserThreadStart [0x00007FFCAC3F14FC+44]

[2025-04-24 21:18:07] Message: stale element reference: stale element not found in the current frame
  (Session info: chrome=135.0.7049.115); For documentation on this error, please visit: https://www.selenium.dev/documentation/webdriver/troubleshooting/errors#stale-element-reference-exception
Stacktrace:
	GetHandleVerifier [0x00007FF6492FEFA5+77893]
	GetHandleVerifier [0x00007FF6492FF000+77984]
	(No symbol) [0x00007FF6490C91BA]
	(No symbol) [0x00007FF6490D0AEC]
	(No symbol) [0x00007FF6490D3B5C]
	(No symbol) [0x00007FF6490D3C2F]
	(No symbol) [0x00007FF64911EA17]
	(No symbol) [0x00007FF64911F41C]
	(No symbol) [0x00007FF649111B1C]
	(No symbol) [0x00007FF64914716F]
	(No symbol) [0x00007FF6491119E6]
	(No symbol) [0x00007FF649147340]
	(No symbol) [0x00007FF64916F07F]
	(No symbol) [0x00007FF649146F03]
	(No symbol) [0x00007FF649110328]
	(No symbol) [0x00007FF649111093]
	GetHandleVerifier [0x00007FF6495B7B6D+2931725]
	GetHandleVerifier [0x00007FF6495B2132+2908626]
	GetHandleVerifier [0x00007FF6495D00F3+3031443]
	GetHandleVerifier [0x00007FF6493191EA+184970]
	GetHandleVerifier [0x00007FF64932086F+215311]
	GetHandleVerifier [0x00007FF649306EC4+110436]
	GetHandleVerifier [0x00007FF649307072+110866]
	GetHandleVerifier [0x00007FF6492ED479+5401]
	BaseThreadInitThunk [0x00007FFCAAD3E8D7+23]
	RtlUserThreadStart [0x00007FFCAC3F14FC+44]

[2025-04-24 21:18:07] Message: stale element reference: stale element not found in the current frame
  (Session info: chrome=135.0.7049.115); For documentation on this error, please visit: https://www.selenium.dev/documentation/webdriver/troubleshooting/errors#stale-element-reference-exception
Stacktrace:
	GetHandleVerifier [0x00007FF6492FEFA5+77893]
	GetHandleVerifier [0x00007FF6492FF000+77984]
	(No symbol) [0x00007FF6490C91BA]
	(No symbol) [0x00007FF6490D0AEC]
	(No symbol) [0x00007FF6490D3B5C]
	(No symbol) [0x00007FF6490D3C2F]
	(No symbol) [0x00007FF64911EA17]
	(No symbol) [0x00007FF64911F41C]
	(No symbol) [0x00007FF649111B1C]
	(No symbol) [0x00007FF64914716F]
	(No symbol) [0x00007FF6491119E6]
	(No symbol) [0x00007FF649147340]
	(No symbol) [0x00007FF64916F07F]
	(No symbol) [0x00007FF649146F03]
	(No symbol) [0x00007FF649110328]
	(No symbol) [0x00007FF649111093]
	GetHandleVerifier [0x00007FF6495B7B6D+2931725]
	GetHandleVerifier [0x00007FF6495B2132+2908626]
	GetHandleVerifier [0x00007FF6495D00F3+3031443]
	GetHandleVerifier [0x00007FF6493191EA+184970]
	GetHandleVerifier [0x00007FF64932086F+215311]
	GetHandleVerifier [0x00007FF649306EC4+110436]
	GetHandleVerifier [0x00007FF649307072+110866]
	GetHandleVerifier [0x00007FF6492ED479+5401]
	BaseThreadInitThunk [0x00007FFCAAD3E8D7+23]
	RtlUserThreadStart [0x00007FFCAC3F14FC+44]

[2025-04-24 21:18:07] Message: stale element reference: stale element not found in the current frame
  (Session info: chrome=135.0.7049.115); For documentation on this error, please visit: https://www.selenium.dev/documentation/webdriver/troubleshooting/errors#stale-element-reference-exception
Stacktrace:
	GetHandleVerifier [0x00007FF6492FEFA5+77893]
	GetHandleVerifier [0x00007FF6492FF000+77984]
	(No symbol) [0x00007FF6490C91BA]
	(No symbol) [0x00007FF6490D0AEC]
	(No symbol) [0x00007FF6490D3B5C]
	(No symbol) [0x00007FF6490D3C2F]
	(No symbol) [0x00007FF64911EA17]
	(No symbol) [0x00007FF64911F41C]
	(No symbol) [0x00007FF649111B1C]
	(No symbol) [0x00007FF64914716F]
	(No symbol) [0x00007FF6491119E6]
	(No symbol) [0x00007FF649147340]
	(No symbol) [0x00007FF64916F07F]
	(No symbol) [0x00007FF649146F03]
	(No symbol) [0x00007FF649110328]
	(No symbol) [0x00007FF649111093]
	GetHandleVerifier [0x00007FF6495B7B6D+2931725]
	GetHandleVerifier [0x00007FF6495B2132+2908626]
	GetHandleVerifier [0x00007FF6495D00F3+3031443]
	GetHandleVerifier [0x00007FF6493191EA+184970]
	GetHandleVerifier [0x00007FF64932086F+215311]
	GetHandleVerifier [0x00007FF649306EC4+110436]
	GetHandleVerifier [0x00007FF649307072+110866]
	GetHandleVerifier [0x00007FF6492ED479+5401]
	BaseThreadInitThunk [0x00007FFCAAD3E8D7+23]
	RtlUserThreadStart [0x00007FFCAC3F14FC+44]

[2025-04-24 21:18:07] Message: stale element reference: stale element not found in the current frame
  (Session info: chrome=135.0.7049.115); For documentation on this error, please visit: https://www.selenium.dev/documentation/webdriver/troubleshooting/errors#stale-element-reference-exception
Stacktrace:
	GetHandleVerifier [0x00007FF6492FEFA5+77893]
	GetHandleVerifier [0x00007FF6492FF000+77984]
	(No symbol) [0x00007FF6490C91BA]
	(No symbol) [0x00007FF6490D0AEC]
	(No symbol) [0x00007FF6490D3B5C]
	(No symbol) [0x00007FF6490D3C2F]
	(No symbol) [0x00007FF64911EA17]
	(No symbol) [0x00007FF64911F41C]
	(No symbol) [0x00007FF649111B1C]
	(No symbol) [0x00007FF64914716F]
	(No symbol) [0x00007FF6491119E6]
	(No symbol) [0x00007FF649147340]
	(No symbol) [0x00007FF64916F07F]
	(No symbol) [0x00007FF649146F03]
	(No symbol) [0x00007FF649110328]
	(No symbol) [0x00007FF649111093]
	GetHandleVerifier [0x00007FF6495B7B6D+2931725]
	GetHandleVerifier [0x00007FF6495B2132+2908626]
	GetHandleVerifier [0x00007FF6495D00F3+3031443]
	GetHandleVerifier [0x00007FF6493191EA+184970]
	GetHandleVerifier [0x00007FF64932086F+215311]
	GetHandleVerifier [0x00007FF649306EC4+110436]
	GetHandleVerifier [0x00007FF649307072+110866]
	GetHandleVerifier [0x00007FF6492ED479+5401]
	BaseThreadInitThunk [0x00007FFCAAD3E8D7+23]
	RtlUserThreadStart [0x00007FFCAC3F14FC+44]

[2025-04-24 21:18:07] Message: stale element reference: stale element not found in the current frame
  (Session info: chrome=135.0.7049.115); For documentation on this error, please visit: https://www.selenium.dev/documentation/webdriver/troubleshooting/errors#stale-element-reference-exception
Stacktrace:
	GetHandleVerifier [0x00007FF6492FEFA5+77893]
	GetHandleVerifier [0x00007FF6492FF000+77984]
	(No symbol) [0x00007FF6490C91BA]
	(No symbol) [0x00007FF6490D0AEC]
	(No symbol) [0x00007FF6490D3B5C]
	(No symbol) [0x00007FF6490D3C2F]
	(No symbol) [0x00007FF64911EA17]
	(No symbol) [0x00007FF64911F41C]
	(No symbol) [0x00007FF649111B1C]
	(No symbol) [0x00007FF64914716F]
	(No symbol) [0x00007FF6491119E6]
	(No symbol) [0x00007FF649147340]
	(No symbol) [0x00007FF64916F07F]
	(No symbol) [0x00007FF649146F03]
	(No symbol) [0x00007FF649110328]
	(No symbol) [0x00007FF649111093]
	GetHandleVerifier [0x00007FF6495B7B6D+2931725]
	GetHandleVerifier [0x00007FF6495B2132+2908626]
	GetHandleVerifier [0x00007FF6495D00F3+3031443]
	GetHandleVerifier [0x00007FF6493191EA+184970]
	GetHandleVerifier [0x00007FF64932086F+215311]
	GetHandleVerifier [0x00007FF649306EC4+110436]
	GetHandleVerifier [0x00007FF649307072+110866]
	GetHandleVerifier [0x00007FF6492ED479+5401]
	BaseThreadInitThunk [0x00007FFCAAD3E8D7+23]
	RtlUserThreadStart [0x00007FFCAC3F14FC+44]

[2025-04-24 21:18:07] Message: stale element reference: stale element not found in the current frame
  (Session info: chrome=135.0.7049.115); For documentation on this error, please visit: https://www.selenium.dev/documentation/webdriver/troubleshooting/errors#stale-element-reference-exception
Stacktrace:
	GetHandleVerifier [0x00007FF6492FEFA5+77893]
	GetHandleVerifier [0x00007FF6492FF000+77984]
	(No symbol) [0x00007FF6490C91BA]
	(No symbol) [0x00007FF6490D0AEC]
	(No symbol) [0x00007FF6490D3B5C]
	(No symbol) [0x00007FF6490D3C2F]
	(No symbol) [0x00007FF64911EA17]
	(No symbol) [0x00007FF64911F41C]
	(No symbol) [0x00007FF649111B1C]
	(No symbol) [0x00007FF64914716F]
	(No symbol) [0x00007FF6491119E6]
	(No symbol) [0x00007FF649147340]
	(No symbol) [0x00007FF64916F07F]
	(No symbol) [0x00007FF649146F03]
	(No symbol) [0x00007FF649110328]
	(No symbol) [0x00007FF649111093]
	GetHandleVerifier [0x00007FF6495B7B6D+2931725]
	GetHandleVerifier [0x00007FF6495B2132+2908626]
	GetHandleVerifier [0x00007FF6495D00F3+3031443]
	GetHandleVerifier [0x00007FF6493191EA+184970]
	GetHandleVerifier [0x00007FF64932086F+215311]
	GetHandleVerifier [0x00007FF649306EC4+110436]
	GetHandleVerifier [0x00007FF649307072+110866]
	GetHandleVerifier [0x00007FF6492ED479+5401]
	BaseThreadInitThunk [0x00007FFCAAD3E8D7+23]
	RtlUserThreadStart [0x00007FFCAC3F14FC+44]

[2025-04-24 21:18:07] Message: stale element reference: stale element not found in the current frame
  (Session info: chrome=135.0.7049.115); For documentation on this error, please visit: https://www.selenium.dev/documentation/webdriver/troubleshooting/errors#stale-element-reference-exception
Stacktrace:
	GetHandleVerifier [0x00007FF6492FEFA5+77893]
	GetHandleVerifier [0x00007FF6492FF000+77984]
	(No symbol) [0x00007FF6490C91BA]
	(No symbol) [0x00007FF6490D0AEC]
	(No symbol) [0x00007FF6490D3B5C]
	(No symbol) [0x00007FF6490D3C2F]
	(No symbol) [0x00007FF64911EA17]
	(No symbol) [0x00007FF64911F41C]
	(No symbol) [0x00007FF649111B1C]
	(No symbol) [0x00007FF64914716F]
	(No symbol) [0x00007FF6491119E6]
	(No symbol) [0x00007FF649147340]
	(No symbol) [0x00007FF64916F07F]
	(No symbol) [0x00007FF649146F03]
	(No symbol) [0x00007FF649110328]
	(No symbol) [0x00007FF649111093]
	GetHandleVerifier [0x00007FF6495B7B6D+2931725]
	GetHandleVerifier [0x00007FF6495B2132+2908626]
	GetHandleVerifier [0x00007FF6495D00F3+3031443]
	GetHandleVerifier [0x00007FF6493191EA+184970]
	GetHandleVerifier [0x00007FF64932086F+215311]
	GetHandleVerifier [0x00007FF649306EC4+110436]
	GetHandleVerifier [0x00007FF649307072+110866]
	GetHandleVerifier [0x00007FF6492ED479+5401]
	BaseThreadInitThunk [0x00007FFCAAD3E8D7+23]
	RtlUserThreadStart [0x00007FFCAC3F14FC+44]

[2025-04-24 21:18:07] Message: stale element reference: stale element not found in the current frame
  (Session info: chrome=135.0.7049.115); For documentation on this error, please visit: https://www.selenium.dev/documentation/webdriver/troubleshooting/errors#stale-element-reference-exception
Stacktrace:
	GetHandleVerifier [0x00007FF6492FEFA5+77893]
	GetHandleVerifier [0x00007FF6492FF000+77984]
	(No symbol) [0x00007FF6490C91BA]
	(No symbol) [0x00007FF6490D0AEC]
	(No symbol) [0x00007FF6490D3B5C]
	(No symbol) [0x00007FF6490D3C2F]
	(No symbol) [0x00007FF64911EA17]
	(No symbol) [0x00007FF64911F41C]
	(No symbol) [0x00007FF649111B1C]
	(No symbol) [0x00007FF64914716F]
	(No symbol) [0x00007FF6491119E6]
	(No symbol) [0x00007FF649147340]
	(No symbol) [0x00007FF64916F07F]
	(No symbol) [0x00007FF649146F03]
	(No symbol) [0x00007FF649110328]
	(No symbol) [0x00007FF649111093]
	GetHandleVerifier [0x00007FF6495B7B6D+2931725]
	GetHandleVerifier [0x00007FF6495B2132+2908626]
	GetHandleVerifier [0x00007FF6495D00F3+3031443]
	GetHandleVerifier [0x00007FF6493191EA+184970]
	GetHandleVerifier [0x00007FF64932086F+215311]
	GetHandleVerifier [0x00007FF649306EC4+110436]
	GetHandleVerifier [0x00007FF649307072+110866]
	GetHandleVerifier [0x00007FF6492ED479+5401]
	BaseThreadInitThunk [0x00007FFCAAD3E8D7+23]
	RtlUserThreadStart [0x00007FFCAC3F14FC+44]

[2025-04-24 21:18:07] Message: stale element reference: stale element not found in the current frame
  (Session info: chrome=135.0.7049.115); For documentation on this error, please visit: https://www.selenium.dev/documentation/webdriver/troubleshooting/errors#stale-element-reference-exception
Stacktrace:
	GetHandleVerifier [0x00007FF6492FEFA5+77893]
	GetHandleVerifier [0x00007FF6492FF000+77984]
	(No symbol) [0x00007FF6490C91BA]
	(No symbol) [0x00007FF6490D0AEC]
	(No symbol) [0x00007FF6490D3B5C]
	(No symbol) [0x00007FF6490D3C2F]
	(No symbol) [0x00007FF64911EA17]
	(No symbol) [0x00007FF64911F41C]
	(No symbol) [0x00007FF649111B1C]
	(No symbol) [0x00007FF64914716F]
	(No symbol) [0x00007FF6491119E6]
	(No symbol) [0x00007FF649147340]
	(No symbol) [0x00007FF64916F07F]
	(No symbol) [0x00007FF649146F03]
	(No symbol) [0x00007FF649110328]
	(No symbol) [0x00007FF649111093]
	GetHandleVerifier [0x00007FF6495B7B6D+2931725]
	GetHandleVerifier [0x00007FF6495B2132+2908626]
	GetHandleVerifier [0x00007FF6495D00F3+3031443]
	GetHandleVerifier [0x00007FF6493191EA+184970]
	GetHandleVerifier [0x00007FF64932086F+215311]
	GetHandleVerifier [0x00007FF649306EC4+110436]
	GetHandleVerifier [0x00007FF649307072+110866]
	GetHandleVerifier [0x00007FF6492ED479+5401]
	BaseThreadInitThunk [0x00007FFCAAD3E8D7+23]
	RtlUserThreadStart [0x00007FFCAC3F14FC+44]

[2025-04-24 21:18:07] Message: stale element reference: stale element not found in the current frame
  (Session info: chrome=135.0.7049.115); For documentation on this error, please visit: https://www.selenium.dev/documentation/webdriver/troubleshooting/errors#stale-element-reference-exception
Stacktrace:
	GetHandleVerifier [0x00007FF6492FEFA5+77893]
	GetHandleVerifier [0x00007FF6492FF000+77984]
	(No symbol) [0x00007FF6490C91BA]
	(No symbol) [0x00007FF6490D0AEC]
	(No symbol) [0x00007FF6490D3B5C]
	(No symbol) [0x00007FF6490D3C2F]
	(No symbol) [0x00007FF64911EA17]
	(No symbol) [0x00007FF64911F41C]
	(No symbol) [0x00007FF649111B1C]
	(No symbol) [0x00007FF64914716F]
	(No symbol) [0x00007FF6491119E6]
	(No symbol) [0x00007FF649147340]
	(No symbol) [0x00007FF64916F07F]
	(No symbol) [0x00007FF649146F03]
	(No symbol) [0x00007FF649110328]
	(No symbol) [0x00007FF649111093]
	GetHandleVerifier [0x00007FF6495B7B6D+2931725]
	GetHandleVerifier [0x00007FF6495B2132+2908626]
	GetHandleVerifier [0x00007FF6495D00F3+3031443]
	GetHandleVerifier [0x00007FF6493191EA+184970]
	GetHandleVerifier [0x00007FF64932086F+215311]
	GetHandleVerifier [0x00007FF649306EC4+110436]
	GetHandleVerifier [0x00007FF649307072+110866]
	GetHandleVerifier [0x00007FF6492ED479+5401]
	BaseThreadInitThunk [0x00007FFCAAD3E8D7+23]
	RtlUserThreadStart [0x00007FFCAC3F14FC+44]

[2025-04-24 21:18:07] Message: stale element reference: stale element not found in the current frame
  (Session info: chrome=135.0.7049.115); For documentation on this error, please visit: https://www.selenium.dev/documentation/webdriver/troubleshooting/errors#stale-element-reference-exception
Stacktrace:
	GetHandleVerifier [0x00007FF6492FEFA5+77893]
	GetHandleVerifier [0x00007FF6492FF000+77984]
	(No symbol) [0x00007FF6490C91BA]
	(No symbol) [0x00007FF6490D0AEC]
	(No symbol) [0x00007FF6490D3B5C]
	(No symbol) [0x00007FF6490D3C2F]
	(No symbol) [0x00007FF64911EA17]
	(No symbol) [0x00007FF64911F41C]
	(No symbol) [0x00007FF649111B1C]
	(No symbol) [0x00007FF64914716F]
	(No symbol) [0x00007FF6491119E6]
	(No symbol) [0x00007FF649147340]
	(No symbol) [0x00007FF64916F07F]
	(No symbol) [0x00007FF649146F03]
	(No symbol) [0x00007FF649110328]
	(No symbol) [0x00007FF649111093]
	GetHandleVerifier [0x00007FF6495B7B6D+2931725]
	GetHandleVerifier [0x00007FF6495B2132+2908626]
	GetHandleVerifier [0x00007FF6495D00F3+3031443]
	GetHandleVerifier [0x00007FF6493191EA+184970]
	GetHandleVerifier [0x00007FF64932086F+215311]
	GetHandleVerifier [0x00007FF649306EC4+110436]
	GetHandleVerifier [0x00007FF649307072+110866]
	GetHandleVerifier [0x00007FF6492ED479+5401]
	BaseThreadInitThunk [0x00007FFCAAD3E8D7+23]
	RtlUserThreadStart [0x00007FFCAC3F14FC+44]

[2025-04-24 21:18:07] Message: stale element reference: stale element not found in the current frame
  (Session info: chrome=135.0.7049.115); For documentation on this error, please visit: https://www.selenium.dev/documentation/webdriver/troubleshooting/errors#stale-element-reference-exception
Stacktrace:
	GetHandleVerifier [0x00007FF6492FEFA5+77893]
	GetHandleVerifier [0x00007FF6492FF000+77984]
	(No symbol) [0x00007FF6490C91BA]
	(No symbol) [0x00007FF6490D0AEC]
	(No symbol) [0x00007FF6490D3B5C]
	(No symbol) [0x00007FF6490D3C2F]
	(No symbol) [0x00007FF64911EA17]
	(No symbol) [0x00007FF64911F41C]
	(No symbol) [0x00007FF649111B1C]
	(No symbol) [0x00007FF64914716F]
	(No symbol) [0x00007FF6491119E6]
	(No symbol) [0x00007FF649147340]
	(No symbol) [0x00007FF64916F07F]
	(No symbol) [0x00007FF649146F03]
	(No symbol) [0x00007FF649110328]
	(No symbol) [0x00007FF649111093]
	GetHandleVerifier [0x00007FF6495B7B6D+2931725]
	GetHandleVerifier [0x00007FF6495B2132+2908626]
	GetHandleVerifier [0x00007FF6495D00F3+3031443]
	GetHandleVerifier [0x00007FF6493191EA+184970]
	GetHandleVerifier [0x00007FF64932086F+215311]
	GetHandleVerifier [0x00007FF649306EC4+110436]
	GetHandleVerifier [0x00007FF649307072+110866]
	GetHandleVerifier [0x00007FF6492ED479+5401]
	BaseThreadInitThunk [0x00007FFCAAD3E8D7+23]
	RtlUserThreadStart [0x00007FFCAC3F14FC+44]

[2025-04-24 21:18:07] Message: stale element reference: stale element not found in the current frame
  (Session info: chrome=135.0.7049.115); For documentation on this error, please visit: https://www.selenium.dev/documentation/webdriver/troubleshooting/errors#stale-element-reference-exception
Stacktrace:
	GetHandleVerifier [0x00007FF6492FEFA5+77893]
	GetHandleVerifier [0x00007FF6492FF000+77984]
	(No symbol) [0x00007FF6490C91BA]
	(No symbol) [0x00007FF6490D0AEC]
	(No symbol) [0x00007FF6490D3B5C]
	(No symbol) [0x00007FF6490D3C2F]
	(No symbol) [0x00007FF64911EA17]
	(No symbol) [0x00007FF64911F41C]
	(No symbol) [0x00007FF649111B1C]
	(No symbol) [0x00007FF64914716F]
	(No symbol) [0x00007FF6491119E6]
	(No symbol) [0x00007FF649147340]
	(No symbol) [0x00007FF64916F07F]
	(No symbol) [0x00007FF649146F03]
	(No symbol) [0x00007FF649110328]
	(No symbol) [0x00007FF649111093]
	GetHandleVerifier [0x00007FF6495B7B6D+2931725]
	GetHandleVerifier [0x00007FF6495B2132+2908626]
	GetHandleVerifier [0x00007FF6495D00F3+3031443]
	GetHandleVerifier [0x00007FF6493191EA+184970]
	GetHandleVerifier [0x00007FF64932086F+215311]
	GetHandleVerifier [0x00007FF649306EC4+110436]
	GetHandleVerifier [0x00007FF649307072+110866]
	GetHandleVerifier [0x00007FF6492ED479+5401]
	BaseThreadInitThunk [0x00007FFCAAD3E8D7+23]
	RtlUserThreadStart [0x00007FFCAC3F14FC+44]

[2025-04-24 21:18:07] Message: stale element reference: stale element not found in the current frame
  (Session info: chrome=135.0.7049.115); For documentation on this error, please visit: https://www.selenium.dev/documentation/webdriver/troubleshooting/errors#stale-element-reference-exception
Stacktrace:
	GetHandleVerifier [0x00007FF6492FEFA5+77893]
	GetHandleVerifier [0x00007FF6492FF000+77984]
	(No symbol) [0x00007FF6490C91BA]
	(No symbol) [0x00007FF6490D0AEC]
	(No symbol) [0x00007FF6490D3B5C]
	(No symbol) [0x00007FF6490D3C2F]
	(No symbol) [0x00007FF64911EA17]
	(No symbol) [0x00007FF64911F41C]
	(No symbol) [0x00007FF649111B1C]
	(No symbol) [0x00007FF64914716F]
	(No symbol) [0x00007FF6491119E6]
	(No symbol) [0x00007FF649147340]
	(No symbol) [0x00007FF64916F07F]
	(No symbol) [0x00007FF649146F03]
	(No symbol) [0x00007FF649110328]
	(No symbol) [0x00007FF649111093]
	GetHandleVerifier [0x00007FF6495B7B6D+2931725]
	GetHandleVerifier [0x00007FF6495B2132+2908626]
	GetHandleVerifier [0x00007FF6495D00F3+3031443]
	GetHandleVerifier [0x00007FF6493191EA+184970]
	GetHandleVerifier [0x00007FF64932086F+215311]
	GetHandleVerifier [0x00007FF649306EC4+110436]
	GetHandleVerifier [0x00007FF649307072+110866]
	GetHandleVerifier [0x00007FF6492ED479+5401]
	BaseThreadInitThunk [0x00007FFCAAD3E8D7+23]
	RtlUserThreadStart [0x00007FFCAC3F14FC+44]

[2025-04-24 21:18:07] Message: stale element reference: stale element not found in the current frame
  (Session info: chrome=135.0.7049.115); For documentation on this error, please visit: https://www.selenium.dev/documentation/webdriver/troubleshooting/errors#stale-element-reference-exception
Stacktrace:
	GetHandleVerifier [0x00007FF6492FEFA5+77893]
	GetHandleVerifier [0x00007FF6492FF000+77984]
	(No symbol) [0x00007FF6490C91BA]
	(No symbol) [0x00007FF6490D0AEC]
	(No symbol) [0x00007FF6490D3B5C]
	(No symbol) [0x00007FF6490D3C2F]
	(No symbol) [0x00007FF64911EA17]
	(No symbol) [0x00007FF64911F41C]
	(No symbol) [0x00007FF649111B1C]
	(No symbol) [0x00007FF64914716F]
	(No symbol) [0x00007FF6491119E6]
	(No symbol) [0x00007FF649147340]
	(No symbol) [0x00007FF64916F07F]
	(No symbol) [0x00007FF649146F03]
	(No symbol) [0x00007FF649110328]
	(No symbol) [0x00007FF649111093]
	GetHandleVerifier [0x00007FF6495B7B6D+2931725]
	GetHandleVerifier [0x00007FF6495B2132+2908626]
	GetHandleVerifier [0x00007FF6495D00F3+3031443]
	GetHandleVerifier [0x00007FF6493191EA+184970]
	GetHandleVerifier [0x00007FF64932086F+215311]
	GetHandleVerifier [0x00007FF649306EC4+110436]
	GetHandleVerifier [0x00007FF649307072+110866]
	GetHandleVerifier [0x00007FF6492ED479+5401]
	BaseThreadInitThunk [0x00007FFCAAD3E8D7+23]
	RtlUserThreadStart [0x00007FFCAC3F14FC+44]

[2025-04-24 21:18:07] Message: stale element reference: stale element not found in the current frame
  (Session info: chrome=135.0.7049.115); For documentation on this error, please visit: https://www.selenium.dev/documentation/webdriver/troubleshooting/errors#stale-element-reference-exception
Stacktrace:
	GetHandleVerifier [0x00007FF6492FEFA5+77893]
	GetHandleVerifier [0x00007FF6492FF000+77984]
	(No symbol) [0x00007FF6490C91BA]
	(No symbol) [0x00007FF6490D0AEC]
	(No symbol) [0x00007FF6490D3B5C]
	(No symbol) [0x00007FF6490D3C2F]
	(No symbol) [0x00007FF64911EA17]
	(No symbol) [0x00007FF64911F41C]
	(No symbol) [0x00007FF649111B1C]
	(No symbol) [0x00007FF64914716F]
	(No symbol) [0x00007FF6491119E6]
	(No symbol) [0x00007FF649147340]
	(No symbol) [0x00007FF64916F07F]
	(No symbol) [0x00007FF649146F03]
	(No symbol) [0x00007FF649110328]
	(No symbol) [0x00007FF649111093]
	GetHandleVerifier [0x00007FF6495B7B6D+2931725]
	GetHandleVerifier [0x00007FF6495B2132+2908626]
	GetHandleVerifier [0x00007FF6495D00F3+3031443]
	GetHandleVerifier [0x00007FF6493191EA+184970]
	GetHandleVerifier [0x00007FF64932086F+215311]
	GetHandleVerifier [0x00007FF649306EC4+110436]
	GetHandleVerifier [0x00007FF649307072+110866]
	GetHandleVerifier [0x00007FF6492ED479+5401]
	BaseThreadInitThunk [0x00007FFCAAD3E8D7+23]
	RtlUserThreadStart [0x00007FFCAC3F14FC+44]

[2025-04-24 21:18:07] Message: stale element reference: stale element not found in the current frame
  (Session info: chrome=135.0.7049.115); For documentation on this error, please visit: https://www.selenium.dev/documentation/webdriver/troubleshooting/errors#stale-element-reference-exception
Stacktrace:
	GetHandleVerifier [0x00007FF6492FEFA5+77893]
	GetHandleVerifier [0x00007FF6492FF000+77984]
	(No symbol) [0x00007FF6490C91BA]
	(No symbol) [0x00007FF6490D0AEC]
	(No symbol) [0x00007FF6490D3B5C]
	(No symbol) [0x00007FF6490D3C2F]
	(No symbol) [0x00007FF64911EA17]
	(No symbol) [0x00007FF64911F41C]
	(No symbol) [0x00007FF649111B1C]
	(No symbol) [0x00007FF64914716F]
	(No symbol) [0x00007FF6491119E6]
	(No symbol) [0x00007FF649147340]
	(No symbol) [0x00007FF64916F07F]
	(No symbol) [0x00007FF649146F03]
	(No symbol) [0x00007FF649110328]
	(No symbol) [0x00007FF649111093]
	GetHandleVerifier [0x00007FF6495B7B6D+2931725]
	GetHandleVerifier [0x00007FF6495B2132+2908626]
	GetHandleVerifier [0x00007FF6495D00F3+3031443]
	GetHandleVerifier [0x00007FF6493191EA+184970]
	GetHandleVerifier [0x00007FF64932086F+215311]
	GetHandleVerifier [0x00007FF649306EC4+110436]
	GetHandleVerifier [0x00007FF649307072+110866]
	GetHandleVerifier [0x00007FF6492ED479+5401]
	BaseThreadInitThunk [0x00007FFCAAD3E8D7+23]
	RtlUserThreadStart [0x00007FFCAC3F14FC+44]

[2025-04-24 21:18:58] Message: stale element reference: stale element not found in the current frame
  (Session info: chrome=135.0.7049.115); For documentation on this error, please visit: https://www.selenium.dev/documentation/webdriver/troubleshooting/errors#stale-element-reference-exception
Stacktrace:
	GetHandleVerifier [0x00007FF6492FEFA5+77893]
	GetHandleVerifier [0x00007FF6492FF000+77984]
	(No symbol) [0x00007FF6490C91BA]
	(No symbol) [0x00007FF6490D0AEC]
	(No symbol) [0x00007FF6490D3B5C]
	(No symbol) [0x00007FF6490D3C2F]
	(No symbol) [0x00007FF64911EA17]
	(No symbol) [0x00007FF64911F41C]
	(No symbol) [0x00007FF649111B1C]
	(No symbol) [0x00007FF64914716F]
	(No symbol) [0x00007FF6491119E6]
	(No symbol) [0x00007FF649147340]
	(No symbol) [0x00007FF64916F07F]
	(No symbol) [0x00007FF649146F03]
	(No symbol) [0x00007FF649110328]
	(No symbol) [0x00007FF649111093]
	GetHandleVerifier [0x00007FF6495B7B6D+2931725]
	GetHandleVerifier [0x00007FF6495B2132+2908626]
	GetHandleVerifier [0x00007FF6495D00F3+3031443]
	GetHandleVerifier [0x00007FF6493191EA+184970]
	GetHandleVerifier [0x00007FF64932086F+215311]
	GetHandleVerifier [0x00007FF649306EC4+110436]
	GetHandleVerifier [0x00007FF649307072+110866]
	GetHandleVerifier [0x00007FF6492ED479+5401]
	BaseThreadInitThunk [0x00007FFCAAD3E8D7+23]
	RtlUserThreadStart [0x00007FFCAC3F14FC+44]

[2025-04-24 21:18:58] Message: stale element reference: stale element not found in the current frame
  (Session info: chrome=135.0.7049.115); For documentation on this error, please visit: https://www.selenium.dev/documentation/webdriver/troubleshooting/errors#stale-element-reference-exception
Stacktrace:
	GetHandleVerifier [0x00007FF6492FEFA5+77893]
	GetHandleVerifier [0x00007FF6492FF000+77984]
	(No symbol) [0x00007FF6490C91BA]
	(No symbol) [0x00007FF6490D0AEC]
	(No symbol) [0x00007FF6490D3B5C]
	(No symbol) [0x00007FF6490D3C2F]
	(No symbol) [0x00007FF64911EA17]
	(No symbol) [0x00007FF64911F41C]
	(No symbol) [0x00007FF649111B1C]
	(No symbol) [0x00007FF64914716F]
	(No symbol) [0x00007FF6491119E6]
	(No symbol) [0x00007FF649147340]
	(No symbol) [0x00007FF64916F07F]
	(No symbol) [0x00007FF649146F03]
	(No symbol) [0x00007FF649110328]
	(No symbol) [0x00007FF649111093]
	GetHandleVerifier [0x00007FF6495B7B6D+2931725]
	GetHandleVerifier [0x00007FF6495B2132+2908626]
	GetHandleVerifier [0x00007FF6495D00F3+3031443]
	GetHandleVerifier [0x00007FF6493191EA+184970]
	GetHandleVerifier [0x00007FF64932086F+215311]
	GetHandleVerifier [0x00007FF649306EC4+110436]
	GetHandleVerifier [0x00007FF649307072+110866]
	GetHandleVerifier [0x00007FF6492ED479+5401]
	BaseThreadInitThunk [0x00007FFCAAD3E8D7+23]
	RtlUserThreadStart [0x00007FFCAC3F14FC+44]

[2025-04-24 21:18:58] Message: stale element reference: stale element not found in the current frame
  (Session info: chrome=135.0.7049.115); For documentation on this error, please visit: https://www.selenium.dev/documentation/webdriver/troubleshooting/errors#stale-element-reference-exception
Stacktrace:
	GetHandleVerifier [0x00007FF6492FEFA5+77893]
	GetHandleVerifier [0x00007FF6492FF000+77984]
	(No symbol) [0x00007FF6490C91BA]
	(No symbol) [0x00007FF6490D0AEC]
	(No symbol) [0x00007FF6490D3B5C]
	(No symbol) [0x00007FF6490D3C2F]
	(No symbol) [0x00007FF64911EA17]
	(No symbol) [0x00007FF64911F41C]
	(No symbol) [0x00007FF649111B1C]
	(No symbol) [0x00007FF64914716F]
	(No symbol) [0x00007FF6491119E6]
	(No symbol) [0x00007FF649147340]
	(No symbol) [0x00007FF64916F07F]
	(No symbol) [0x00007FF649146F03]
	(No symbol) [0x00007FF649110328]
	(No symbol) [0x00007FF649111093]
	GetHandleVerifier [0x00007FF6495B7B6D+2931725]
	GetHandleVerifier [0x00007FF6495B2132+2908626]
	GetHandleVerifier [0x00007FF6495D00F3+3031443]
	GetHandleVerifier [0x00007FF6493191EA+184970]
	GetHandleVerifier [0x00007FF64932086F+215311]
	GetHandleVerifier [0x00007FF649306EC4+110436]
	GetHandleVerifier [0x00007FF649307072+110866]
	GetHandleVerifier [0x00007FF6492ED479+5401]
	BaseThreadInitThunk [0x00007FFCAAD3E8D7+23]
	RtlUserThreadStart [0x00007FFCAC3F14FC+44]

[2025-04-24 21:18:58] Message: stale element reference: stale element not found in the current frame
  (Session info: chrome=135.0.7049.115); For documentation on this error, please visit: https://www.selenium.dev/documentation/webdriver/troubleshooting/errors#stale-element-reference-exception
Stacktrace:
	GetHandleVerifier [0x00007FF6492FEFA5+77893]
	GetHandleVerifier [0x00007FF6492FF000+77984]
	(No symbol) [0x00007FF6490C91BA]
	(No symbol) [0x00007FF6490D0AEC]
	(No symbol) [0x00007FF6490D3B5C]
	(No symbol) [0x00007FF6490D3C2F]
	(No symbol) [0x00007FF64911EA17]
	(No symbol) [0x00007FF64911F41C]
	(No symbol) [0x00007FF649111B1C]
	(No symbol) [0x00007FF64914716F]
	(No symbol) [0x00007FF6491119E6]
	(No symbol) [0x00007FF649147340]
	(No symbol) [0x00007FF64916F07F]
	(No symbol) [0x00007FF649146F03]
	(No symbol) [0x00007FF649110328]
	(No symbol) [0x00007FF649111093]
	GetHandleVerifier [0x00007FF6495B7B6D+2931725]
	GetHandleVerifier [0x00007FF6495B2132+2908626]
	GetHandleVerifier [0x00007FF6495D00F3+3031443]
	GetHandleVerifier [0x00007FF6493191EA+184970]
	GetHandleVerifier [0x00007FF64932086F+215311]
	GetHandleVerifier [0x00007FF649306EC4+110436]
	GetHandleVerifier [0x00007FF649307072+110866]
	GetHandleVerifier [0x00007FF6492ED479+5401]
	BaseThreadInitThunk [0x00007FFCAAD3E8D7+23]
	RtlUserThreadStart [0x00007FFCAC3F14FC+44]

[2025-04-24 21:18:58] Message: stale element reference: stale element not found in the current frame
  (Session info: chrome=135.0.7049.115); For documentation on this error, please visit: https://www.selenium.dev/documentation/webdriver/troubleshooting/errors#stale-element-reference-exception
Stacktrace:
	GetHandleVerifier [0x00007FF6492FEFA5+77893]
	GetHandleVerifier [0x00007FF6492FF000+77984]
	(No symbol) [0x00007FF6490C91BA]
	(No symbol) [0x00007FF6490D0AEC]
	(No symbol) [0x00007FF6490D3B5C]
	(No symbol) [0x00007FF6490D3C2F]
	(No symbol) [0x00007FF64911EA17]
	(No symbol) [0x00007FF64911F41C]
	(No symbol) [0x00007FF649111B1C]
	(No symbol) [0x00007FF64914716F]
	(No symbol) [0x00007FF6491119E6]
	(No symbol) [0x00007FF649147340]
	(No symbol) [0x00007FF64916F07F]
	(No symbol) [0x00007FF649146F03]
	(No symbol) [0x00007FF649110328]
	(No symbol) [0x00007FF649111093]
	GetHandleVerifier [0x00007FF6495B7B6D+2931725]
	GetHandleVerifier [0x00007FF6495B2132+2908626]
	GetHandleVerifier [0x00007FF6495D00F3+3031443]
	GetHandleVerifier [0x00007FF6493191EA+184970]
	GetHandleVerifier [0x00007FF64932086F+215311]
	GetHandleVerifier [0x00007FF649306EC4+110436]
	GetHandleVerifier [0x00007FF649307072+110866]
	GetHandleVerifier [0x00007FF6492ED479+5401]
	BaseThreadInitThunk [0x00007FFCAAD3E8D7+23]
	RtlUserThreadStart [0x00007FFCAC3F14FC+44]

[2025-04-24 21:18:58] Message: stale element reference: stale element not found in the current frame
  (Session info: chrome=135.0.7049.115); For documentation on this error, please visit: https://www.selenium.dev/documentation/webdriver/troubleshooting/errors#stale-element-reference-exception
Stacktrace:
	GetHandleVerifier [0x00007FF6492FEFA5+77893]
	GetHandleVerifier [0x00007FF6492FF000+77984]
	(No symbol) [0x00007FF6490C91BA]
	(No symbol) [0x00007FF6490D0AEC]
	(No symbol) [0x00007FF6490D3B5C]
	(No symbol) [0x00007FF6490D3C2F]
	(No symbol) [0x00007FF64911EA17]
	(No symbol) [0x00007FF64911F41C]
	(No symbol) [0x00007FF649111B1C]
	(No symbol) [0x00007FF64914716F]
	(No symbol) [0x00007FF6491119E6]
	(No symbol) [0x00007FF649147340]
	(No symbol) [0x00007FF64916F07F]
	(No symbol) [0x00007FF649146F03]
	(No symbol) [0x00007FF649110328]
	(No symbol) [0x00007FF649111093]
	GetHandleVerifier [0x00007FF6495B7B6D+2931725]
	GetHandleVerifier [0x00007FF6495B2132+2908626]
	GetHandleVerifier [0x00007FF6495D00F3+3031443]
	GetHandleVerifier [0x00007FF6493191EA+184970]
	GetHandleVerifier [0x00007FF64932086F+215311]
	GetHandleVerifier [0x00007FF649306EC4+110436]
	GetHandleVerifier [0x00007FF649307072+110866]
	GetHandleVerifier [0x00007FF6492ED479+5401]
	BaseThreadInitThunk [0x00007FFCAAD3E8D7+23]
	RtlUserThreadStart [0x00007FFCAC3F14FC+44]

[2025-04-24 21:18:58] Message: stale element reference: stale element not found in the current frame
  (Session info: chrome=135.0.7049.115); For documentation on this error, please visit: https://www.selenium.dev/documentation/webdriver/troubleshooting/errors#stale-element-reference-exception
Stacktrace:
	GetHandleVerifier [0x00007FF6492FEFA5+77893]
	GetHandleVerifier [0x00007FF6492FF000+77984]
	(No symbol) [0x00007FF6490C91BA]
	(No symbol) [0x00007FF6490D0AEC]
	(No symbol) [0x00007FF6490D3B5C]
	(No symbol) [0x00007FF6490D3C2F]
	(No symbol) [0x00007FF64911EA17]
	(No symbol) [0x00007FF64911F41C]
	(No symbol) [0x00007FF649111B1C]
	(No symbol) [0x00007FF64914716F]
	(No symbol) [0x00007FF6491119E6]
	(No symbol) [0x00007FF649147340]
	(No symbol) [0x00007FF64916F07F]
	(No symbol) [0x00007FF649146F03]
	(No symbol) [0x00007FF649110328]
	(No symbol) [0x00007FF649111093]
	GetHandleVerifier [0x00007FF6495B7B6D+2931725]
	GetHandleVerifier [0x00007FF6495B2132+2908626]
	GetHandleVerifier [0x00007FF6495D00F3+3031443]
	GetHandleVerifier [0x00007FF6493191EA+184970]
	GetHandleVerifier [0x00007FF64932086F+215311]
	GetHandleVerifier [0x00007FF649306EC4+110436]
	GetHandleVerifier [0x00007FF649307072+110866]
	GetHandleVerifier [0x00007FF6492ED479+5401]
	BaseThreadInitThunk [0x00007FFCAAD3E8D7+23]
	RtlUserThreadStart [0x00007FFCAC3F14FC+44]

[2025-04-24 21:18:58] Message: stale element reference: stale element not found in the current frame
  (Session info: chrome=135.0.7049.115); For documentation on this error, please visit: https://www.selenium.dev/documentation/webdriver/troubleshooting/errors#stale-element-reference-exception
Stacktrace:
	GetHandleVerifier [0x00007FF6492FEFA5+77893]
	GetHandleVerifier [0x00007FF6492FF000+77984]
	(No symbol) [0x00007FF6490C91BA]
	(No symbol) [0x00007FF6490D0AEC]
	(No symbol) [0x00007FF6490D3B5C]
	(No symbol) [0x00007FF6490D3C2F]
	(No symbol) [0x00007FF64911EA17]
	(No symbol) [0x00007FF64911F41C]
	(No symbol) [0x00007FF649111B1C]
	(No symbol) [0x00007FF64914716F]
	(No symbol) [0x00007FF6491119E6]
	(No symbol) [0x00007FF649147340]
	(No symbol) [0x00007FF64916F07F]
	(No symbol) [0x00007FF649146F03]
	(No symbol) [0x00007FF649110328]
	(No symbol) [0x00007FF649111093]
	GetHandleVerifier [0x00007FF6495B7B6D+2931725]
	GetHandleVerifier [0x00007FF6495B2132+2908626]
	GetHandleVerifier [0x00007FF6495D00F3+3031443]
	GetHandleVerifier [0x00007FF6493191EA+184970]
	GetHandleVerifier [0x00007FF64932086F+215311]
	GetHandleVerifier [0x00007FF649306EC4+110436]
	GetHandleVerifier [0x00007FF649307072+110866]
	GetHandleVerifier [0x00007FF6492ED479+5401]
	BaseThreadInitThunk [0x00007FFCAAD3E8D7+23]
	RtlUserThreadStart [0x00007FFCAC3F14FC+44]

[2025-04-24 21:18:58] Message: stale element reference: stale element not found in the current frame
  (Session info: chrome=135.0.7049.115); For documentation on this error, please visit: https://www.selenium.dev/documentation/webdriver/troubleshooting/errors#stale-element-reference-exception
Stacktrace:
	GetHandleVerifier [0x00007FF6492FEFA5+77893]
	GetHandleVerifier [0x00007FF6492FF000+77984]
	(No symbol) [0x00007FF6490C91BA]
	(No symbol) [0x00007FF6490D0AEC]
	(No symbol) [0x00007FF6490D3B5C]
	(No symbol) [0x00007FF6490D3C2F]
	(No symbol) [0x00007FF64911EA17]
	(No symbol) [0x00007FF64911F41C]
	(No symbol) [0x00007FF649111B1C]
	(No symbol) [0x00007FF64914716F]
	(No symbol) [0x00007FF6491119E6]
	(No symbol) [0x00007FF649147340]
	(No symbol) [0x00007FF64916F07F]
	(No symbol) [0x00007FF649146F03]
	(No symbol) [0x00007FF649110328]
	(No symbol) [0x00007FF649111093]
	GetHandleVerifier [0x00007FF6495B7B6D+2931725]
	GetHandleVerifier [0x00007FF6495B2132+2908626]
	GetHandleVerifier [0x00007FF6495D00F3+3031443]
	GetHandleVerifier [0x00007FF6493191EA+184970]
	GetHandleVerifier [0x00007FF64932086F+215311]
	GetHandleVerifier [0x00007FF649306EC4+110436]
	GetHandleVerifier [0x00007FF649307072+110866]
	GetHandleVerifier [0x00007FF6492ED479+5401]
	BaseThreadInitThunk [0x00007FFCAAD3E8D7+23]
	RtlUserThreadStart [0x00007FFCAC3F14FC+44]

[2025-04-24 21:18:58] Message: stale element reference: stale element not found in the current frame
  (Session info: chrome=135.0.7049.115); For documentation on this error, please visit: https://www.selenium.dev/documentation/webdriver/troubleshooting/errors#stale-element-reference-exception
Stacktrace:
	GetHandleVerifier [0x00007FF6492FEFA5+77893]
	GetHandleVerifier [0x00007FF6492FF000+77984]
	(No symbol) [0x00007FF6490C91BA]
	(No symbol) [0x00007FF6490D0AEC]
	(No symbol) [0x00007FF6490D3B5C]
	(No symbol) [0x00007FF6490D3C2F]
	(No symbol) [0x00007FF64911EA17]
	(No symbol) [0x00007FF64911F41C]
	(No symbol) [0x00007FF649111B1C]
	(No symbol) [0x00007FF64914716F]
	(No symbol) [0x00007FF6491119E6]
	(No symbol) [0x00007FF649147340]
	(No symbol) [0x00007FF64916F07F]
	(No symbol) [0x00007FF649146F03]
	(No symbol) [0x00007FF649110328]
	(No symbol) [0x00007FF649111093]
	GetHandleVerifier [0x00007FF6495B7B6D+2931725]
	GetHandleVerifier [0x00007FF6495B2132+2908626]
	GetHandleVerifier [0x00007FF6495D00F3+3031443]
	GetHandleVerifier [0x00007FF6493191EA+184970]
	GetHandleVerifier [0x00007FF64932086F+215311]
	GetHandleVerifier [0x00007FF649306EC4+110436]
	GetHandleVerifier [0x00007FF649307072+110866]
	GetHandleVerifier [0x00007FF6492ED479+5401]
	BaseThreadInitThunk [0x00007FFCAAD3E8D7+23]
	RtlUserThreadStart [0x00007FFCAC3F14FC+44]

[2025-04-24 21:18:58] Message: stale element reference: stale element not found in the current frame
  (Session info: chrome=135.0.7049.115); For documentation on this error, please visit: https://www.selenium.dev/documentation/webdriver/troubleshooting/errors#stale-element-reference-exception
Stacktrace:
	GetHandleVerifier [0x00007FF6492FEFA5+77893]
	GetHandleVerifier [0x00007FF6492FF000+77984]
	(No symbol) [0x00007FF6490C91BA]
	(No symbol) [0x00007FF6490D0AEC]
	(No symbol) [0x00007FF6490D3B5C]
	(No symbol) [0x00007FF6490D3C2F]
	(No symbol) [0x00007FF64911EA17]
	(No symbol) [0x00007FF64911F41C]
	(No symbol) [0x00007FF649111B1C]
	(No symbol) [0x00007FF64914716F]
	(No symbol) [0x00007FF6491119E6]
	(No symbol) [0x00007FF649147340]
	(No symbol) [0x00007FF64916F07F]
	(No symbol) [0x00007FF649146F03]
	(No symbol) [0x00007FF649110328]
	(No symbol) [0x00007FF649111093]
	GetHandleVerifier [0x00007FF6495B7B6D+2931725]
	GetHandleVerifier [0x00007FF6495B2132+2908626]
	GetHandleVerifier [0x00007FF6495D00F3+3031443]
	GetHandleVerifier [0x00007FF6493191EA+184970]
	GetHandleVerifier [0x00007FF64932086F+215311]
	GetHandleVerifier [0x00007FF649306EC4+110436]
	GetHandleVerifier [0x00007FF649307072+110866]
	GetHandleVerifier [0x00007FF6492ED479+5401]
	BaseThreadInitThunk [0x00007FFCAAD3E8D7+23]
	RtlUserThreadStart [0x00007FFCAC3F14FC+44]

[2025-04-24 21:18:58] Message: stale element reference: stale element not found in the current frame
  (Session info: chrome=135.0.7049.115); For documentation on this error, please visit: https://www.selenium.dev/documentation/webdriver/troubleshooting/errors#stale-element-reference-exception
Stacktrace:
	GetHandleVerifier [0x00007FF6492FEFA5+77893]
	GetHandleVerifier [0x00007FF6492FF000+77984]
	(No symbol) [0x00007FF6490C91BA]
	(No symbol) [0x00007FF6490D0AEC]
	(No symbol) [0x00007FF6490D3B5C]
	(No symbol) [0x00007FF6490D3C2F]
	(No symbol) [0x00007FF64911EA17]
	(No symbol) [0x00007FF64911F41C]
	(No symbol) [0x00007FF649111B1C]
	(No symbol) [0x00007FF64914716F]
	(No symbol) [0x00007FF6491119E6]
	(No symbol) [0x00007FF649147340]
	(No symbol) [0x00007FF64916F07F]
	(No symbol) [0x00007FF649146F03]
	(No symbol) [0x00007FF649110328]
	(No symbol) [0x00007FF649111093]
	GetHandleVerifier [0x00007FF6495B7B6D+2931725]
	GetHandleVerifier [0x00007FF6495B2132+2908626]
	GetHandleVerifier [0x00007FF6495D00F3+3031443]
	GetHandleVerifier [0x00007FF6493191EA+184970]
	GetHandleVerifier [0x00007FF64932086F+215311]
	GetHandleVerifier [0x00007FF649306EC4+110436]
	GetHandleVerifier [0x00007FF649307072+110866]
	GetHandleVerifier [0x00007FF6492ED479+5401]
	BaseThreadInitThunk [0x00007FFCAAD3E8D7+23]
	RtlUserThreadStart [0x00007FFCAC3F14FC+44]

[2025-04-24 21:18:58] Message: stale element reference: stale element not found in the current frame
  (Session info: chrome=135.0.7049.115); For documentation on this error, please visit: https://www.selenium.dev/documentation/webdriver/troubleshooting/errors#stale-element-reference-exception
Stacktrace:
	GetHandleVerifier [0x00007FF6492FEFA5+77893]
	GetHandleVerifier [0x00007FF6492FF000+77984]
	(No symbol) [0x00007FF6490C91BA]
	(No symbol) [0x00007FF6490D0AEC]
	(No symbol) [0x00007FF6490D3B5C]
	(No symbol) [0x00007FF6490D3C2F]
	(No symbol) [0x00007FF64911EA17]
	(No symbol) [0x00007FF64911F41C]
	(No symbol) [0x00007FF649111B1C]
	(No symbol) [0x00007FF64914716F]
	(No symbol) [0x00007FF6491119E6]
	(No symbol) [0x00007FF649147340]
	(No symbol) [0x00007FF64916F07F]
	(No symbol) [0x00007FF649146F03]
	(No symbol) [0x00007FF649110328]
	(No symbol) [0x00007FF649111093]
	GetHandleVerifier [0x00007FF6495B7B6D+2931725]
	GetHandleVerifier [0x00007FF6495B2132+2908626]
	GetHandleVerifier [0x00007FF6495D00F3+3031443]
	GetHandleVerifier [0x00007FF6493191EA+184970]
	GetHandleVerifier [0x00007FF64932086F+215311]
	GetHandleVerifier [0x00007FF649306EC4+110436]
	GetHandleVerifier [0x00007FF649307072+110866]
	GetHandleVerifier [0x00007FF6492ED479+5401]
	BaseThreadInitThunk [0x00007FFCAAD3E8D7+23]
	RtlUserThreadStart [0x00007FFCAC3F14FC+44]

[2025-04-24 21:18:58] Message: stale element reference: stale element not found in the current frame
  (Session info: chrome=135.0.7049.115); For documentation on this error, please visit: https://www.selenium.dev/documentation/webdriver/troubleshooting/errors#stale-element-reference-exception
Stacktrace:
	GetHandleVerifier [0x00007FF6492FEFA5+77893]
	GetHandleVerifier [0x00007FF6492FF000+77984]
	(No symbol) [0x00007FF6490C91BA]
	(No symbol) [0x00007FF6490D0AEC]
	(No symbol) [0x00007FF6490D3B5C]
	(No symbol) [0x00007FF6490D3C2F]
	(No symbol) [0x00007FF64911EA17]
	(No symbol) [0x00007FF64911F41C]
	(No symbol) [0x00007FF649111B1C]
	(No symbol) [0x00007FF64914716F]
	(No symbol) [0x00007FF6491119E6]
	(No symbol) [0x00007FF649147340]
	(No symbol) [0x00007FF64916F07F]
	(No symbol) [0x00007FF649146F03]
	(No symbol) [0x00007FF649110328]
	(No symbol) [0x00007FF649111093]
	GetHandleVerifier [0x00007FF6495B7B6D+2931725]
	GetHandleVerifier [0x00007FF6495B2132+2908626]
	GetHandleVerifier [0x00007FF6495D00F3+3031443]
	GetHandleVerifier [0x00007FF6493191EA+184970]
	GetHandleVerifier [0x00007FF64932086F+215311]
	GetHandleVerifier [0x00007FF649306EC4+110436]
	GetHandleVerifier [0x00007FF649307072+110866]
	GetHandleVerifier [0x00007FF6492ED479+5401]
	BaseThreadInitThunk [0x00007FFCAAD3E8D7+23]
	RtlUserThreadStart [0x00007FFCAC3F14FC+44]

[2025-04-24 21:18:58] Message: stale element reference: stale element not found in the current frame
  (Session info: chrome=135.0.7049.115); For documentation on this error, please visit: https://www.selenium.dev/documentation/webdriver/troubleshooting/errors#stale-element-reference-exception
Stacktrace:
	GetHandleVerifier [0x00007FF6492FEFA5+77893]
	GetHandleVerifier [0x00007FF6492FF000+77984]
	(No symbol) [0x00007FF6490C91BA]
	(No symbol) [0x00007FF6490D0AEC]
	(No symbol) [0x00007FF6490D3B5C]
	(No symbol) [0x00007FF6490D3C2F]
	(No symbol) [0x00007FF64911EA17]
	(No symbol) [0x00007FF64911F41C]
	(No symbol) [0x00007FF649111B1C]
	(No symbol) [0x00007FF64914716F]
	(No symbol) [0x00007FF6491119E6]
	(No symbol) [0x00007FF649147340]
	(No symbol) [0x00007FF64916F07F]
	(No symbol) [0x00007FF649146F03]
	(No symbol) [0x00007FF649110328]
	(No symbol) [0x00007FF649111093]
	GetHandleVerifier [0x00007FF6495B7B6D+2931725]
	GetHandleVerifier [0x00007FF6495B2132+2908626]
	GetHandleVerifier [0x00007FF6495D00F3+3031443]
	GetHandleVerifier [0x00007FF6493191EA+184970]
	GetHandleVerifier [0x00007FF64932086F+215311]
	GetHandleVerifier [0x00007FF649306EC4+110436]
	GetHandleVerifier [0x00007FF649307072+110866]
	GetHandleVerifier [0x00007FF6492ED479+5401]
	BaseThreadInitThunk [0x00007FFCAAD3E8D7+23]
	RtlUserThreadStart [0x00007FFCAC3F14FC+44]

[2025-04-24 21:18:58] Message: stale element reference: stale element not found in the current frame
  (Session info: chrome=135.0.7049.115); For documentation on this error, please visit: https://www.selenium.dev/documentation/webdriver/troubleshooting/errors#stale-element-reference-exception
Stacktrace:
	GetHandleVerifier [0x00007FF6492FEFA5+77893]
	GetHandleVerifier [0x00007FF6492FF000+77984]
	(No symbol) [0x00007FF6490C91BA]
	(No symbol) [0x00007FF6490D0AEC]
	(No symbol) [0x00007FF6490D3B5C]
	(No symbol) [0x00007FF6490D3C2F]
	(No symbol) [0x00007FF64911EA17]
	(No symbol) [0x00007FF64911F41C]
	(No symbol) [0x00007FF649111B1C]
	(No symbol) [0x00007FF64914716F]
	(No symbol) [0x00007FF6491119E6]
	(No symbol) [0x00007FF649147340]
	(No symbol) [0x00007FF64916F07F]
	(No symbol) [0x00007FF649146F03]
	(No symbol) [0x00007FF649110328]
	(No symbol) [0x00007FF649111093]
	GetHandleVerifier [0x00007FF6495B7B6D+2931725]
	GetHandleVerifier [0x00007FF6495B2132+2908626]
	GetHandleVerifier [0x00007FF6495D00F3+3031443]
	GetHandleVerifier [0x00007FF6493191EA+184970]
	GetHandleVerifier [0x00007FF64932086F+215311]
	GetHandleVerifier [0x00007FF649306EC4+110436]
	GetHandleVerifier [0x00007FF649307072+110866]
	GetHandleVerifier [0x00007FF6492ED479+5401]
	BaseThreadInitThunk [0x00007FFCAAD3E8D7+23]
	RtlUserThreadStart [0x00007FFCAC3F14FC+44]

[2025-04-24 21:18:58] Message: stale element reference: stale element not found in the current frame
  (Session info: chrome=135.0.7049.115); For documentation on this error, please visit: https://www.selenium.dev/documentation/webdriver/troubleshooting/errors#stale-element-reference-exception
Stacktrace:
	GetHandleVerifier [0x00007FF6492FEFA5+77893]
	GetHandleVerifier [0x00007FF6492FF000+77984]
	(No symbol) [0x00007FF6490C91BA]
	(No symbol) [0x00007FF6490D0AEC]
	(No symbol) [0x00007FF6490D3B5C]
	(No symbol) [0x00007FF6490D3C2F]
	(No symbol) [0x00007FF64911EA17]
	(No symbol) [0x00007FF64911F41C]
	(No symbol) [0x00007FF649111B1C]
	(No symbol) [0x00007FF64914716F]
	(No symbol) [0x00007FF6491119E6]
	(No symbol) [0x00007FF649147340]
	(No symbol) [0x00007FF64916F07F]
	(No symbol) [0x00007FF649146F03]
	(No symbol) [0x00007FF649110328]
	(No symbol) [0x00007FF649111093]
	GetHandleVerifier [0x00007FF6495B7B6D+2931725]
	GetHandleVerifier [0x00007FF6495B2132+2908626]
	GetHandleVerifier [0x00007FF6495D00F3+3031443]
	GetHandleVerifier [0x00007FF6493191EA+184970]
	GetHandleVerifier [0x00007FF64932086F+215311]
	GetHandleVerifier [0x00007FF649306EC4+110436]
	GetHandleVerifier [0x00007FF649307072+110866]
	GetHandleVerifier [0x00007FF6492ED479+5401]
	BaseThreadInitThunk [0x00007FFCAAD3E8D7+23]
	RtlUserThreadStart [0x00007FFCAC3F14FC+44]

[2025-04-24 21:18:58] Message: stale element reference: stale element not found in the current frame
  (Session info: chrome=135.0.7049.115); For documentation on this error, please visit: https://www.selenium.dev/documentation/webdriver/troubleshooting/errors#stale-element-reference-exception
Stacktrace:
	GetHandleVerifier [0x00007FF6492FEFA5+77893]
	GetHandleVerifier [0x00007FF6492FF000+77984]
	(No symbol) [0x00007FF6490C91BA]
	(No symbol) [0x00007FF6490D0AEC]
	(No symbol) [0x00007FF6490D3B5C]
	(No symbol) [0x00007FF6490D3C2F]
	(No symbol) [0x00007FF64911EA17]
	(No symbol) [0x00007FF64911F41C]
	(No symbol) [0x00007FF649111B1C]
	(No symbol) [0x00007FF64914716F]
	(No symbol) [0x00007FF6491119E6]
	(No symbol) [0x00007FF649147340]
	(No symbol) [0x00007FF64916F07F]
	(No symbol) [0x00007FF649146F03]
	(No symbol) [0x00007FF649110328]
	(No symbol) [0x00007FF649111093]
	GetHandleVerifier [0x00007FF6495B7B6D+2931725]
	GetHandleVerifier [0x00007FF6495B2132+2908626]
	GetHandleVerifier [0x00007FF6495D00F3+3031443]
	GetHandleVerifier [0x00007FF6493191EA+184970]
	GetHandleVerifier [0x00007FF64932086F+215311]
	GetHandleVerifier [0x00007FF649306EC4+110436]
	GetHandleVerifier [0x00007FF649307072+110866]
	GetHandleVerifier [0x00007FF6492ED479+5401]
	BaseThreadInitThunk [0x00007FFCAAD3E8D7+23]
	RtlUserThreadStart [0x00007FFCAC3F14FC+44]

[2025-04-24 21:18:58] Message: stale element reference: stale element not found in the current frame
  (Session info: chrome=135.0.7049.115); For documentation on this error, please visit: https://www.selenium.dev/documentation/webdriver/troubleshooting/errors#stale-element-reference-exception
Stacktrace:
	GetHandleVerifier [0x00007FF6492FEFA5+77893]
	GetHandleVerifier [0x00007FF6492FF000+77984]
	(No symbol) [0x00007FF6490C91BA]
	(No symbol) [0x00007FF6490D0AEC]
	(No symbol) [0x00007FF6490D3B5C]
	(No symbol) [0x00007FF6490D3C2F]
	(No symbol) [0x00007FF64911EA17]
	(No symbol) [0x00007FF64911F41C]
	(No symbol) [0x00007FF649111B1C]
	(No symbol) [0x00007FF64914716F]
	(No symbol) [0x00007FF6491119E6]
	(No symbol) [0x00007FF649147340]
	(No symbol) [0x00007FF64916F07F]
	(No symbol) [0x00007FF649146F03]
	(No symbol) [0x00007FF649110328]
	(No symbol) [0x00007FF649111093]
	GetHandleVerifier [0x00007FF6495B7B6D+2931725]
	GetHandleVerifier [0x00007FF6495B2132+2908626]
	GetHandleVerifier [0x00007FF6495D00F3+3031443]
	GetHandleVerifier [0x00007FF6493191EA+184970]
	GetHandleVerifier [0x00007FF64932086F+215311]
	GetHandleVerifier [0x00007FF649306EC4+110436]
	GetHandleVerifier [0x00007FF649307072+110866]
	GetHandleVerifier [0x00007FF6492ED479+5401]
	BaseThreadInitThunk [0x00007FFCAAD3E8D7+23]
	RtlUserThreadStart [0x00007FFCAC3F14FC+44]

[2025-04-24 21:18:58] Message: stale element reference: stale element not found in the current frame
  (Session info: chrome=135.0.7049.115); For documentation on this error, please visit: https://www.selenium.dev/documentation/webdriver/troubleshooting/errors#stale-element-reference-exception
Stacktrace:
	GetHandleVerifier [0x00007FF6492FEFA5+77893]
	GetHandleVerifier [0x00007FF6492FF000+77984]
	(No symbol) [0x00007FF6490C91BA]
	(No symbol) [0x00007FF6490D0AEC]
	(No symbol) [0x00007FF6490D3B5C]
	(No symbol) [0x00007FF6490D3C2F]
	(No symbol) [0x00007FF64911EA17]
	(No symbol) [0x00007FF64911F41C]
	(No symbol) [0x00007FF649111B1C]
	(No symbol) [0x00007FF64914716F]
	(No symbol) [0x00007FF6491119E6]
	(No symbol) [0x00007FF649147340]
	(No symbol) [0x00007FF64916F07F]
	(No symbol) [0x00007FF649146F03]
	(No symbol) [0x00007FF649110328]
	(No symbol) [0x00007FF649111093]
	GetHandleVerifier [0x00007FF6495B7B6D+2931725]
	GetHandleVerifier [0x00007FF6495B2132+2908626]
	GetHandleVerifier [0x00007FF6495D00F3+3031443]
	GetHandleVerifier [0x00007FF6493191EA+184970]
	GetHandleVerifier [0x00007FF64932086F+215311]
	GetHandleVerifier [0x00007FF649306EC4+110436]
	GetHandleVerifier [0x00007FF649307072+110866]
	GetHandleVerifier [0x00007FF6492ED479+5401]
	BaseThreadInitThunk [0x00007FFCAAD3E8D7+23]
	RtlUserThreadStart [0x00007FFCAC3F14FC+44]

[2025-04-24 21:18:58] Message: stale element reference: stale element not found in the current frame
  (Session info: chrome=135.0.7049.115); For documentation on this error, please visit: https://www.selenium.dev/documentation/webdriver/troubleshooting/errors#stale-element-reference-exception
Stacktrace:
	GetHandleVerifier [0x00007FF6492FEFA5+77893]
	GetHandleVerifier [0x00007FF6492FF000+77984]
	(No symbol) [0x00007FF6490C91BA]
	(No symbol) [0x00007FF6490D0AEC]
	(No symbol) [0x00007FF6490D3B5C]
	(No symbol) [0x00007FF6490D3C2F]
	(No symbol) [0x00007FF64911EA17]
	(No symbol) [0x00007FF64911F41C]
	(No symbol) [0x00007FF649111B1C]
	(No symbol) [0x00007FF64914716F]
	(No symbol) [0x00007FF6491119E6]
	(No symbol) [0x00007FF649147340]
	(No symbol) [0x00007FF64916F07F]
	(No symbol) [0x00007FF649146F03]
	(No symbol) [0x00007FF649110328]
	(No symbol) [0x00007FF649111093]
	GetHandleVerifier [0x00007FF6495B7B6D+2931725]
	GetHandleVerifier [0x00007FF6495B2132+2908626]
	GetHandleVerifier [0x00007FF6495D00F3+3031443]
	GetHandleVerifier [0x00007FF6493191EA+184970]
	GetHandleVerifier [0x00007FF64932086F+215311]
	GetHandleVerifier [0x00007FF649306EC4+110436]
	GetHandleVerifier [0x00007FF649307072+110866]
	GetHandleVerifier [0x00007FF6492ED479+5401]
	BaseThreadInitThunk [0x00007FFCAAD3E8D7+23]
	RtlUserThreadStart [0x00007FFCAC3F14FC+44]

[2025-04-24 21:18:58] Message: stale element reference: stale element not found in the current frame
  (Session info: chrome=135.0.7049.115); For documentation on this error, please visit: https://www.selenium.dev/documentation/webdriver/troubleshooting/errors#stale-element-reference-exception
Stacktrace:
	GetHandleVerifier [0x00007FF6492FEFA5+77893]
	GetHandleVerifier [0x00007FF6492FF000+77984]
	(No symbol) [0x00007FF6490C91BA]
	(No symbol) [0x00007FF6490D0AEC]
	(No symbol) [0x00007FF6490D3B5C]
	(No symbol) [0x00007FF6490D3C2F]
	(No symbol) [0x00007FF64911EA17]
	(No symbol) [0x00007FF64911F41C]
	(No symbol) [0x00007FF649111B1C]
	(No symbol) [0x00007FF64914716F]
	(No symbol) [0x00007FF6491119E6]
	(No symbol) [0x00007FF649147340]
	(No symbol) [0x00007FF64916F07F]
	(No symbol) [0x00007FF649146F03]
	(No symbol) [0x00007FF649110328]
	(No symbol) [0x00007FF649111093]
	GetHandleVerifier [0x00007FF6495B7B6D+2931725]
	GetHandleVerifier [0x00007FF6495B2132+2908626]
	GetHandleVerifier [0x00007FF6495D00F3+3031443]
	GetHandleVerifier [0x00007FF6493191EA+184970]
	GetHandleVerifier [0x00007FF64932086F+215311]
	GetHandleVerifier [0x00007FF649306EC4+110436]
	GetHandleVerifier [0x00007FF649307072+110866]
	GetHandleVerifier [0x00007FF6492ED479+5401]
	BaseThreadInitThunk [0x00007FFCAAD3E8D7+23]
	RtlUserThreadStart [0x00007FFCAC3F14FC+44]

[2025-04-24 21:18:58] Message: stale element reference: stale element not found in the current frame
  (Session info: chrome=135.0.7049.115); For documentation on this error, please visit: https://www.selenium.dev/documentation/webdriver/troubleshooting/errors#stale-element-reference-exception
Stacktrace:
	GetHandleVerifier [0x00007FF6492FEFA5+77893]
	GetHandleVerifier [0x00007FF6492FF000+77984]
	(No symbol) [0x00007FF6490C91BA]
	(No symbol) [0x00007FF6490D0AEC]
	(No symbol) [0x00007FF6490D3B5C]
	(No symbol) [0x00007FF6490D3C2F]
	(No symbol) [0x00007FF64911EA17]
	(No symbol) [0x00007FF64911F41C]
	(No symbol) [0x00007FF649111B1C]
	(No symbol) [0x00007FF64914716F]
	(No symbol) [0x00007FF6491119E6]
	(No symbol) [0x00007FF649147340]
	(No symbol) [0x00007FF64916F07F]
	(No symbol) [0x00007FF649146F03]
	(No symbol) [0x00007FF649110328]
	(No symbol) [0x00007FF649111093]
	GetHandleVerifier [0x00007FF6495B7B6D+2931725]
	GetHandleVerifier [0x00007FF6495B2132+2908626]
	GetHandleVerifier [0x00007FF6495D00F3+3031443]
	GetHandleVerifier [0x00007FF6493191EA+184970]
	GetHandleVerifier [0x00007FF64932086F+215311]
	GetHandleVerifier [0x00007FF649306EC4+110436]
	GetHandleVerifier [0x00007FF649307072+110866]
	GetHandleVerifier [0x00007FF6492ED479+5401]
	BaseThreadInitThunk [0x00007FFCAAD3E8D7+23]
	RtlUserThreadStart [0x00007FFCAC3F14FC+44]

[2025-04-24 21:18:58] Message: stale element reference: stale element not found in the current frame
  (Session info: chrome=135.0.7049.115); For documentation on this error, please visit: https://www.selenium.dev/documentation/webdriver/troubleshooting/errors#stale-element-reference-exception
Stacktrace:
	GetHandleVerifier [0x00007FF6492FEFA5+77893]
	GetHandleVerifier [0x00007FF6492FF000+77984]
	(No symbol) [0x00007FF6490C91BA]
	(No symbol) [0x00007FF6490D0AEC]
	(No symbol) [0x00007FF6490D3B5C]
	(No symbol) [0x00007FF6490D3C2F]
	(No symbol) [0x00007FF64911EA17]
	(No symbol) [0x00007FF64911F41C]
	(No symbol) [0x00007FF649111B1C]
	(No symbol) [0x00007FF64914716F]
	(No symbol) [0x00007FF6491119E6]
	(No symbol) [0x00007FF649147340]
	(No symbol) [0x00007FF64916F07F]
	(No symbol) [0x00007FF649146F03]
	(No symbol) [0x00007FF649110328]
	(No symbol) [0x00007FF649111093]
	GetHandleVerifier [0x00007FF6495B7B6D+2931725]
	GetHandleVerifier [0x00007FF6495B2132+2908626]
	GetHandleVerifier [0x00007FF6495D00F3+3031443]
	GetHandleVerifier [0x00007FF6493191EA+184970]
	GetHandleVerifier [0x00007FF64932086F+215311]
	GetHandleVerifier [0x00007FF649306EC4+110436]
	GetHandleVerifier [0x00007FF649307072+110866]
	GetHandleVerifier [0x00007FF6492ED479+5401]
	BaseThreadInitThunk [0x00007FFCAAD3E8D7+23]
	RtlUserThreadStart [0x00007FFCAC3F14FC+44]

[2025-04-24 21:18:58] Message: stale element reference: stale element not found in the current frame
  (Session info: chrome=135.0.7049.115); For documentation on this error, please visit: https://www.selenium.dev/documentation/webdriver/troubleshooting/errors#stale-element-reference-exception
Stacktrace:
	GetHandleVerifier [0x00007FF6492FEFA5+77893]
	GetHandleVerifier [0x00007FF6492FF000+77984]
	(No symbol) [0x00007FF6490C91BA]
	(No symbol) [0x00007FF6490D0AEC]
	(No symbol) [0x00007FF6490D3B5C]
	(No symbol) [0x00007FF6490D3C2F]
	(No symbol) [0x00007FF64911EA17]
	(No symbol) [0x00007FF64911F41C]
	(No symbol) [0x00007FF649111B1C]
	(No symbol) [0x00007FF64914716F]
	(No symbol) [0x00007FF6491119E6]
	(No symbol) [0x00007FF649147340]
	(No symbol) [0x00007FF64916F07F]
	(No symbol) [0x00007FF649146F03]
	(No symbol) [0x00007FF649110328]
	(No symbol) [0x00007FF649111093]
	GetHandleVerifier [0x00007FF6495B7B6D+2931725]
	GetHandleVerifier [0x00007FF6495B2132+2908626]
	GetHandleVerifier [0x00007FF6495D00F3+3031443]
	GetHandleVerifier [0x00007FF6493191EA+184970]
	GetHandleVerifier [0x00007FF64932086F+215311]
	GetHandleVerifier [0x00007FF649306EC4+110436]
	GetHandleVerifier [0x00007FF649307072+110866]
	GetHandleVerifier [0x00007FF6492ED479+5401]
	BaseThreadInitThunk [0x00007FFCAAD3E8D7+23]
	RtlUserThreadStart [0x00007FFCAC3F14FC+44]

[2025-04-24 21:18:58] Message: stale element reference: stale element not found in the current frame
  (Session info: chrome=135.0.7049.115); For documentation on this error, please visit: https://www.selenium.dev/documentation/webdriver/troubleshooting/errors#stale-element-reference-exception
Stacktrace:
	GetHandleVerifier [0x00007FF6492FEFA5+77893]
	GetHandleVerifier [0x00007FF6492FF000+77984]
	(No symbol) [0x00007FF6490C91BA]
	(No symbol) [0x00007FF6490D0AEC]
	(No symbol) [0x00007FF6490D3B5C]
	(No symbol) [0x00007FF6490D3C2F]
	(No symbol) [0x00007FF64911EA17]
	(No symbol) [0x00007FF64911F41C]
	(No symbol) [0x00007FF649111B1C]
	(No symbol) [0x00007FF64914716F]
	(No symbol) [0x00007FF6491119E6]
	(No symbol) [0x00007FF649147340]
	(No symbol) [0x00007FF64916F07F]
	(No symbol) [0x00007FF649146F03]
	(No symbol) [0x00007FF649110328]
	(No symbol) [0x00007FF649111093]
	GetHandleVerifier [0x00007FF6495B7B6D+2931725]
	GetHandleVerifier [0x00007FF6495B2132+2908626]
	GetHandleVerifier [0x00007FF6495D00F3+3031443]
	GetHandleVerifier [0x00007FF6493191EA+184970]
	GetHandleVerifier [0x00007FF64932086F+215311]
	GetHandleVerifier [0x00007FF649306EC4+110436]
	GetHandleVerifier [0x00007FF649307072+110866]
	GetHandleVerifier [0x00007FF6492ED479+5401]
	BaseThreadInitThunk [0x00007FFCAAD3E8D7+23]
	RtlUserThreadStart [0x00007FFCAC3F14FC+44]

[2025-04-24 21:18:58] Message: stale element reference: stale element not found in the current frame
  (Session info: chrome=135.0.7049.115); For documentation on this error, please visit: https://www.selenium.dev/documentation/webdriver/troubleshooting/errors#stale-element-reference-exception
Stacktrace:
	GetHandleVerifier [0x00007FF6492FEFA5+77893]
	GetHandleVerifier [0x00007FF6492FF000+77984]
	(No symbol) [0x00007FF6490C91BA]
	(No symbol) [0x00007FF6490D0AEC]
	(No symbol) [0x00007FF6490D3B5C]
	(No symbol) [0x00007FF6490D3C2F]
	(No symbol) [0x00007FF64911EA17]
	(No symbol) [0x00007FF64911F41C]
	(No symbol) [0x00007FF649111B1C]
	(No symbol) [0x00007FF64914716F]
	(No symbol) [0x00007FF6491119E6]
	(No symbol) [0x00007FF649147340]
	(No symbol) [0x00007FF64916F07F]
	(No symbol) [0x00007FF649146F03]
	(No symbol) [0x00007FF649110328]
	(No symbol) [0x00007FF649111093]
	GetHandleVerifier [0x00007FF6495B7B6D+2931725]
	GetHandleVerifier [0x00007FF6495B2132+2908626]
	GetHandleVerifier [0x00007FF6495D00F3+3031443]
	GetHandleVerifier [0x00007FF6493191EA+184970]
	GetHandleVerifier [0x00007FF64932086F+215311]
	GetHandleVerifier [0x00007FF649306EC4+110436]
	GetHandleVerifier [0x00007FF649307072+110866]
	GetHandleVerifier [0x00007FF6492ED479+5401]
	BaseThreadInitThunk [0x00007FFCAAD3E8D7+23]
	RtlUserThreadStart [0x00007FFCAC3F14FC+44]

[2025-04-24 21:18:58] Message: stale element reference: stale element not found in the current frame
  (Session info: chrome=135.0.7049.115); For documentation on this error, please visit: https://www.selenium.dev/documentation/webdriver/troubleshooting/errors#stale-element-reference-exception
Stacktrace:
	GetHandleVerifier [0x00007FF6492FEFA5+77893]
	GetHandleVerifier [0x00007FF6492FF000+77984]
	(No symbol) [0x00007FF6490C91BA]
	(No symbol) [0x00007FF6490D0AEC]
	(No symbol) [0x00007FF6490D3B5C]
	(No symbol) [0x00007FF6490D3C2F]
	(No symbol) [0x00007FF64911EA17]
	(No symbol) [0x00007FF64911F41C]
	(No symbol) [0x00007FF649111B1C]
	(No symbol) [0x00007FF64914716F]
	(No symbol) [0x00007FF6491119E6]
	(No symbol) [0x00007FF649147340]
	(No symbol) [0x00007FF64916F07F]
	(No symbol) [0x00007FF649146F03]
	(No symbol) [0x00007FF649110328]
	(No symbol) [0x00007FF649111093]
	GetHandleVerifier [0x00007FF6495B7B6D+2931725]
	GetHandleVerifier [0x00007FF6495B2132+2908626]
	GetHandleVerifier [0x00007FF6495D00F3+3031443]
	GetHandleVerifier [0x00007FF6493191EA+184970]
	GetHandleVerifier [0x00007FF64932086F+215311]
	GetHandleVerifier [0x00007FF649306EC4+110436]
	GetHandleVerifier [0x00007FF649307072+110866]
	GetHandleVerifier [0x00007FF6492ED479+5401]
	BaseThreadInitThunk [0x00007FFCAAD3E8D7+23]
	RtlUserThreadStart [0x00007FFCAC3F14FC+44]

[2025-04-24 21:18:58] Message: stale element reference: stale element not found in the current frame
  (Session info: chrome=135.0.7049.115); For documentation on this error, please visit: https://www.selenium.dev/documentation/webdriver/troubleshooting/errors#stale-element-reference-exception
Stacktrace:
	GetHandleVerifier [0x00007FF6492FEFA5+77893]
	GetHandleVerifier [0x00007FF6492FF000+77984]
	(No symbol) [0x00007FF6490C91BA]
	(No symbol) [0x00007FF6490D0AEC]
	(No symbol) [0x00007FF6490D3B5C]
	(No symbol) [0x00007FF6490D3C2F]
	(No symbol) [0x00007FF64911EA17]
	(No symbol) [0x00007FF64911F41C]
	(No symbol) [0x00007FF649111B1C]
	(No symbol) [0x00007FF64914716F]
	(No symbol) [0x00007FF6491119E6]
	(No symbol) [0x00007FF649147340]
	(No symbol) [0x00007FF64916F07F]
	(No symbol) [0x00007FF649146F03]
	(No symbol) [0x00007FF649110328]
	(No symbol) [0x00007FF649111093]
	GetHandleVerifier [0x00007FF6495B7B6D+2931725]
	GetHandleVerifier [0x00007FF6495B2132+2908626]
	GetHandleVerifier [0x00007FF6495D00F3+3031443]
	GetHandleVerifier [0x00007FF6493191EA+184970]
	GetHandleVerifier [0x00007FF64932086F+215311]
	GetHandleVerifier [0x00007FF649306EC4+110436]
	GetHandleVerifier [0x00007FF649307072+110866]
	GetHandleVerifier [0x00007FF6492ED479+5401]
	BaseThreadInitThunk [0x00007FFCAAD3E8D7+23]
	RtlUserThreadStart [0x00007FFCAC3F14FC+44]

[2025-04-24 21:18:58] Message: stale element reference: stale element not found in the current frame
  (Session info: chrome=135.0.7049.115); For documentation on this error, please visit: https://www.selenium.dev/documentation/webdriver/troubleshooting/errors#stale-element-reference-exception
Stacktrace:
	GetHandleVerifier [0x00007FF6492FEFA5+77893]
	GetHandleVerifier [0x00007FF6492FF000+77984]
	(No symbol) [0x00007FF6490C91BA]
	(No symbol) [0x00007FF6490D0AEC]
	(No symbol) [0x00007FF6490D3B5C]
	(No symbol) [0x00007FF6490D3C2F]
	(No symbol) [0x00007FF64911EA17]
	(No symbol) [0x00007FF64911F41C]
	(No symbol) [0x00007FF649111B1C]
	(No symbol) [0x00007FF64914716F]
	(No symbol) [0x00007FF6491119E6]
	(No symbol) [0x00007FF649147340]
	(No symbol) [0x00007FF64916F07F]
	(No symbol) [0x00007FF649146F03]
	(No symbol) [0x00007FF649110328]
	(No symbol) [0x00007FF649111093]
	GetHandleVerifier [0x00007FF6495B7B6D+2931725]
	GetHandleVerifier [0x00007FF6495B2132+2908626]
	GetHandleVerifier [0x00007FF6495D00F3+3031443]
	GetHandleVerifier [0x00007FF6493191EA+184970]
	GetHandleVerifier [0x00007FF64932086F+215311]
	GetHandleVerifier [0x00007FF649306EC4+110436]
	GetHandleVerifier [0x00007FF649307072+110866]
	GetHandleVerifier [0x00007FF6492ED479+5401]
	BaseThreadInitThunk [0x00007FFCAAD3E8D7+23]
	RtlUserThreadStart [0x00007FFCAC3F14FC+44]

[2025-04-24 21:18:58] Message: stale element reference: stale element not found in the current frame
  (Session info: chrome=135.0.7049.115); For documentation on this error, please visit: https://www.selenium.dev/documentation/webdriver/troubleshooting/errors#stale-element-reference-exception
Stacktrace:
	GetHandleVerifier [0x00007FF6492FEFA5+77893]
	GetHandleVerifier [0x00007FF6492FF000+77984]
	(No symbol) [0x00007FF6490C91BA]
	(No symbol) [0x00007FF6490D0AEC]
	(No symbol) [0x00007FF6490D3B5C]
	(No symbol) [0x00007FF6490D3C2F]
	(No symbol) [0x00007FF64911EA17]
	(No symbol) [0x00007FF64911F41C]
	(No symbol) [0x00007FF649111B1C]
	(No symbol) [0x00007FF64914716F]
	(No symbol) [0x00007FF6491119E6]
	(No symbol) [0x00007FF649147340]
	(No symbol) [0x00007FF64916F07F]
	(No symbol) [0x00007FF649146F03]
	(No symbol) [0x00007FF649110328]
	(No symbol) [0x00007FF649111093]
	GetHandleVerifier [0x00007FF6495B7B6D+2931725]
	GetHandleVerifier [0x00007FF6495B2132+2908626]
	GetHandleVerifier [0x00007FF6495D00F3+3031443]
	GetHandleVerifier [0x00007FF6493191EA+184970]
	GetHandleVerifier [0x00007FF64932086F+215311]
	GetHandleVerifier [0x00007FF649306EC4+110436]
	GetHandleVerifier [0x00007FF649307072+110866]
	GetHandleVerifier [0x00007FF6492ED479+5401]
	BaseThreadInitThunk [0x00007FFCAAD3E8D7+23]
	RtlUserThreadStart [0x00007FFCAC3F14FC+44]

[2025-04-24 21:18:58] Message: stale element reference: stale element not found in the current frame
  (Session info: chrome=135.0.7049.115); For documentation on this error, please visit: https://www.selenium.dev/documentation/webdriver/troubleshooting/errors#stale-element-reference-exception
Stacktrace:
	GetHandleVerifier [0x00007FF6492FEFA5+77893]
	GetHandleVerifier [0x00007FF6492FF000+77984]
	(No symbol) [0x00007FF6490C91BA]
	(No symbol) [0x00007FF6490D0AEC]
	(No symbol) [0x00007FF6490D3B5C]
	(No symbol) [0x00007FF6490D3C2F]
	(No symbol) [0x00007FF64911EA17]
	(No symbol) [0x00007FF64911F41C]
	(No symbol) [0x00007FF649111B1C]
	(No symbol) [0x00007FF64914716F]
	(No symbol) [0x00007FF6491119E6]
	(No symbol) [0x00007FF649147340]
	(No symbol) [0x00007FF64916F07F]
	(No symbol) [0x00007FF649146F03]
	(No symbol) [0x00007FF649110328]
	(No symbol) [0x00007FF649111093]
	GetHandleVerifier [0x00007FF6495B7B6D+2931725]
	GetHandleVerifier [0x00007FF6495B2132+2908626]
	GetHandleVerifier [0x00007FF6495D00F3+3031443]
	GetHandleVerifier [0x00007FF6493191EA+184970]
	GetHandleVerifier [0x00007FF64932086F+215311]
	GetHandleVerifier [0x00007FF649306EC4+110436]
	GetHandleVerifier [0x00007FF649307072+110866]
	GetHandleVerifier [0x00007FF6492ED479+5401]
	BaseThreadInitThunk [0x00007FFCAAD3E8D7+23]
	RtlUserThreadStart [0x00007FFCAC3F14FC+44]

[2025-04-24 21:18:58] Message: stale element reference: stale element not found in the current frame
  (Session info: chrome=135.0.7049.115); For documentation on this error, please visit: https://www.selenium.dev/documentation/webdriver/troubleshooting/errors#stale-element-reference-exception
Stacktrace:
	GetHandleVerifier [0x00007FF6492FEFA5+77893]
	GetHandleVerifier [0x00007FF6492FF000+77984]
	(No symbol) [0x00007FF6490C91BA]
	(No symbol) [0x00007FF6490D0AEC]
	(No symbol) [0x00007FF6490D3B5C]
	(No symbol) [0x00007FF6490D3C2F]
	(No symbol) [0x00007FF64911EA17]
	(No symbol) [0x00007FF64911F41C]
	(No symbol) [0x00007FF649111B1C]
	(No symbol) [0x00007FF64914716F]
	(No symbol) [0x00007FF6491119E6]
	(No symbol) [0x00007FF649147340]
	(No symbol) [0x00007FF64916F07F]
	(No symbol) [0x00007FF649146F03]
	(No symbol) [0x00007FF649110328]
	(No symbol) [0x00007FF649111093]
	GetHandleVerifier [0x00007FF6495B7B6D+2931725]
	GetHandleVerifier [0x00007FF6495B2132+2908626]
	GetHandleVerifier [0x00007FF6495D00F3+3031443]
	GetHandleVerifier [0x00007FF6493191EA+184970]
	GetHandleVerifier [0x00007FF64932086F+215311]
	GetHandleVerifier [0x00007FF649306EC4+110436]
	GetHandleVerifier [0x00007FF649307072+110866]
	GetHandleVerifier [0x00007FF6492ED479+5401]
	BaseThreadInitThunk [0x00007FFCAAD3E8D7+23]
	RtlUserThreadStart [0x00007FFCAC3F14FC+44]

[2025-04-24 21:18:58] Message: stale element reference: stale element not found in the current frame
  (Session info: chrome=135.0.7049.115); For documentation on this error, please visit: https://www.selenium.dev/documentation/webdriver/troubleshooting/errors#stale-element-reference-exception
Stacktrace:
	GetHandleVerifier [0x00007FF6492FEFA5+77893]
	GetHandleVerifier [0x00007FF6492FF000+77984]
	(No symbol) [0x00007FF6490C91BA]
	(No symbol) [0x00007FF6490D0AEC]
	(No symbol) [0x00007FF6490D3B5C]
	(No symbol) [0x00007FF6490D3C2F]
	(No symbol) [0x00007FF64911EA17]
	(No symbol) [0x00007FF64911F41C]
	(No symbol) [0x00007FF649111B1C]
	(No symbol) [0x00007FF64914716F]
	(No symbol) [0x00007FF6491119E6]
	(No symbol) [0x00007FF649147340]
	(No symbol) [0x00007FF64916F07F]
	(No symbol) [0x00007FF649146F03]
	(No symbol) [0x00007FF649110328]
	(No symbol) [0x00007FF649111093]
	GetHandleVerifier [0x00007FF6495B7B6D+2931725]
	GetHandleVerifier [0x00007FF6495B2132+2908626]
	GetHandleVerifier [0x00007FF6495D00F3+3031443]
	GetHandleVerifier [0x00007FF6493191EA+184970]
	GetHandleVerifier [0x00007FF64932086F+215311]
	GetHandleVerifier [0x00007FF649306EC4+110436]
	GetHandleVerifier [0x00007FF649307072+110866]
	GetHandleVerifier [0x00007FF6492ED479+5401]
	BaseThreadInitThunk [0x00007FFCAAD3E8D7+23]
	RtlUserThreadStart [0x00007FFCAC3F14FC+44]

[2025-04-24 21:18:58] Message: stale element reference: stale element not found in the current frame
  (Session info: chrome=135.0.7049.115); For documentation on this error, please visit: https://www.selenium.dev/documentation/webdriver/troubleshooting/errors#stale-element-reference-exception
Stacktrace:
	GetHandleVerifier [0x00007FF6492FEFA5+77893]
	GetHandleVerifier [0x00007FF6492FF000+77984]
	(No symbol) [0x00007FF6490C91BA]
	(No symbol) [0x00007FF6490D0AEC]
	(No symbol) [0x00007FF6490D3B5C]
	(No symbol) [0x00007FF6490D3C2F]
	(No symbol) [0x00007FF64911EA17]
	(No symbol) [0x00007FF64911F41C]
	(No symbol) [0x00007FF649111B1C]
	(No symbol) [0x00007FF64914716F]
	(No symbol) [0x00007FF6491119E6]
	(No symbol) [0x00007FF649147340]
	(No symbol) [0x00007FF64916F07F]
	(No symbol) [0x00007FF649146F03]
	(No symbol) [0x00007FF649110328]
	(No symbol) [0x00007FF649111093]
	GetHandleVerifier [0x00007FF6495B7B6D+2931725]
	GetHandleVerifier [0x00007FF6495B2132+2908626]
	GetHandleVerifier [0x00007FF6495D00F3+3031443]
	GetHandleVerifier [0x00007FF6493191EA+184970]
	GetHandleVerifier [0x00007FF64932086F+215311]
	GetHandleVerifier [0x00007FF649306EC4+110436]
	GetHandleVerifier [0x00007FF649307072+110866]
	GetHandleVerifier [0x00007FF6492ED479+5401]
	BaseThreadInitThunk [0x00007FFCAAD3E8D7+23]
	RtlUserThreadStart [0x00007FFCAC3F14FC+44]

[2025-04-24 21:18:58] Message: stale element reference: stale element not found in the current frame
  (Session info: chrome=135.0.7049.115); For documentation on this error, please visit: https://www.selenium.dev/documentation/webdriver/troubleshooting/errors#stale-element-reference-exception
Stacktrace:
	GetHandleVerifier [0x00007FF6492FEFA5+77893]
	GetHandleVerifier [0x00007FF6492FF000+77984]
	(No symbol) [0x00007FF6490C91BA]
	(No symbol) [0x00007FF6490D0AEC]
	(No symbol) [0x00007FF6490D3B5C]
	(No symbol) [0x00007FF6490D3C2F]
	(No symbol) [0x00007FF64911EA17]
	(No symbol) [0x00007FF64911F41C]
	(No symbol) [0x00007FF649111B1C]
	(No symbol) [0x00007FF64914716F]
	(No symbol) [0x00007FF6491119E6]
	(No symbol) [0x00007FF649147340]
	(No symbol) [0x00007FF64916F07F]
	(No symbol) [0x00007FF649146F03]
	(No symbol) [0x00007FF649110328]
	(No symbol) [0x00007FF649111093]
	GetHandleVerifier [0x00007FF6495B7B6D+2931725]
	GetHandleVerifier [0x00007FF6495B2132+2908626]
	GetHandleVerifier [0x00007FF6495D00F3+3031443]
	GetHandleVerifier [0x00007FF6493191EA+184970]
	GetHandleVerifier [0x00007FF64932086F+215311]
	GetHandleVerifier [0x00007FF649306EC4+110436]
	GetHandleVerifier [0x00007FF649307072+110866]
	GetHandleVerifier [0x00007FF6492ED479+5401]
	BaseThreadInitThunk [0x00007FFCAAD3E8D7+23]
	RtlUserThreadStart [0x00007FFCAC3F14FC+44]

[2025-04-24 21:18:58] Message: stale element reference: stale element not found in the current frame
  (Session info: chrome=135.0.7049.115); For documentation on this error, please visit: https://www.selenium.dev/documentation/webdriver/troubleshooting/errors#stale-element-reference-exception
Stacktrace:
	GetHandleVerifier [0x00007FF6492FEFA5+77893]
	GetHandleVerifier [0x00007FF6492FF000+77984]
	(No symbol) [0x00007FF6490C91BA]
	(No symbol) [0x00007FF6490D0AEC]
	(No symbol) [0x00007FF6490D3B5C]
	(No symbol) [0x00007FF6490D3C2F]
	(No symbol) [0x00007FF64911EA17]
	(No symbol) [0x00007FF64911F41C]
	(No symbol) [0x00007FF649111B1C]
	(No symbol) [0x00007FF64914716F]
	(No symbol) [0x00007FF6491119E6]
	(No symbol) [0x00007FF649147340]
	(No symbol) [0x00007FF64916F07F]
	(No symbol) [0x00007FF649146F03]
	(No symbol) [0x00007FF649110328]
	(No symbol) [0x00007FF649111093]
	GetHandleVerifier [0x00007FF6495B7B6D+2931725]
	GetHandleVerifier [0x00007FF6495B2132+2908626]
	GetHandleVerifier [0x00007FF6495D00F3+3031443]
	GetHandleVerifier [0x00007FF6493191EA+184970]
	GetHandleVerifier [0x00007FF64932086F+215311]
	GetHandleVerifier [0x00007FF649306EC4+110436]
	GetHandleVerifier [0x00007FF649307072+110866]
	GetHandleVerifier [0x00007FF6492ED479+5401]
	BaseThreadInitThunk [0x00007FFCAAD3E8D7+23]
	RtlUserThreadStart [0x00007FFCAC3F14FC+44]

[2025-04-24 21:18:58] Message: stale element reference: stale element not found in the current frame
  (Session info: chrome=135.0.7049.115); For documentation on this error, please visit: https://www.selenium.dev/documentation/webdriver/troubleshooting/errors#stale-element-reference-exception
Stacktrace:
	GetHandleVerifier [0x00007FF6492FEFA5+77893]
	GetHandleVerifier [0x00007FF6492FF000+77984]
	(No symbol) [0x00007FF6490C91BA]
	(No symbol) [0x00007FF6490D0AEC]
	(No symbol) [0x00007FF6490D3B5C]
	(No symbol) [0x00007FF6490D3C2F]
	(No symbol) [0x00007FF64911EA17]
	(No symbol) [0x00007FF64911F41C]
	(No symbol) [0x00007FF649111B1C]
	(No symbol) [0x00007FF64914716F]
	(No symbol) [0x00007FF6491119E6]
	(No symbol) [0x00007FF649147340]
	(No symbol) [0x00007FF64916F07F]
	(No symbol) [0x00007FF649146F03]
	(No symbol) [0x00007FF649110328]
	(No symbol) [0x00007FF649111093]
	GetHandleVerifier [0x00007FF6495B7B6D+2931725]
	GetHandleVerifier [0x00007FF6495B2132+2908626]
	GetHandleVerifier [0x00007FF6495D00F3+3031443]
	GetHandleVerifier [0x00007FF6493191EA+184970]
	GetHandleVerifier [0x00007FF64932086F+215311]
	GetHandleVerifier [0x00007FF649306EC4+110436]
	GetHandleVerifier [0x00007FF649307072+110866]
	GetHandleVerifier [0x00007FF6492ED479+5401]
	BaseThreadInitThunk [0x00007FFCAAD3E8D7+23]
	RtlUserThreadStart [0x00007FFCAC3F14FC+44]

[2025-04-24 21:18:58] Message: stale element reference: stale element not found in the current frame
  (Session info: chrome=135.0.7049.115); For documentation on this error, please visit: https://www.selenium.dev/documentation/webdriver/troubleshooting/errors#stale-element-reference-exception
Stacktrace:
	GetHandleVerifier [0x00007FF6492FEFA5+77893]
	GetHandleVerifier [0x00007FF6492FF000+77984]
	(No symbol) [0x00007FF6490C91BA]
	(No symbol) [0x00007FF6490D0AEC]
	(No symbol) [0x00007FF6490D3B5C]
	(No symbol) [0x00007FF6490D3C2F]
	(No symbol) [0x00007FF64911EA17]
	(No symbol) [0x00007FF64911F41C]
	(No symbol) [0x00007FF649111B1C]
	(No symbol) [0x00007FF64914716F]
	(No symbol) [0x00007FF6491119E6]
	(No symbol) [0x00007FF649147340]
	(No symbol) [0x00007FF64916F07F]
	(No symbol) [0x00007FF649146F03]
	(No symbol) [0x00007FF649110328]
	(No symbol) [0x00007FF649111093]
	GetHandleVerifier [0x00007FF6495B7B6D+2931725]
	GetHandleVerifier [0x00007FF6495B2132+2908626]
	GetHandleVerifier [0x00007FF6495D00F3+3031443]
	GetHandleVerifier [0x00007FF6493191EA+184970]
	GetHandleVerifier [0x00007FF64932086F+215311]
	GetHandleVerifier [0x00007FF649306EC4+110436]
	GetHandleVerifier [0x00007FF649307072+110866]
	GetHandleVerifier [0x00007FF6492ED479+5401]
	BaseThreadInitThunk [0x00007FFCAAD3E8D7+23]
	RtlUserThreadStart [0x00007FFCAC3F14FC+44]

[2025-04-24 21:18:58] Message: stale element reference: stale element not found in the current frame
  (Session info: chrome=135.0.7049.115); For documentation on this error, please visit: https://www.selenium.dev/documentation/webdriver/troubleshooting/errors#stale-element-reference-exception
Stacktrace:
	GetHandleVerifier [0x00007FF6492FEFA5+77893]
	GetHandleVerifier [0x00007FF6492FF000+77984]
	(No symbol) [0x00007FF6490C91BA]
	(No symbol) [0x00007FF6490D0AEC]
	(No symbol) [0x00007FF6490D3B5C]
	(No symbol) [0x00007FF6490D3C2F]
	(No symbol) [0x00007FF64911EA17]
	(No symbol) [0x00007FF64911F41C]
	(No symbol) [0x00007FF649111B1C]
	(No symbol) [0x00007FF64914716F]
	(No symbol) [0x00007FF6491119E6]
	(No symbol) [0x00007FF649147340]
	(No symbol) [0x00007FF64916F07F]
	(No symbol) [0x00007FF649146F03]
	(No symbol) [0x00007FF649110328]
	(No symbol) [0x00007FF649111093]
	GetHandleVerifier [0x00007FF6495B7B6D+2931725]
	GetHandleVerifier [0x00007FF6495B2132+2908626]
	GetHandleVerifier [0x00007FF6495D00F3+3031443]
	GetHandleVerifier [0x00007FF6493191EA+184970]
	GetHandleVerifier [0x00007FF64932086F+215311]
	GetHandleVerifier [0x00007FF649306EC4+110436]
	GetHandleVerifier [0x00007FF649307072+110866]
	GetHandleVerifier [0x00007FF6492ED479+5401]
	BaseThreadInitThunk [0x00007FFCAAD3E8D7+23]
	RtlUserThreadStart [0x00007FFCAC3F14FC+44]

[2025-04-24 21:18:58] Message: stale element reference: stale element not found in the current frame
  (Session info: chrome=135.0.7049.115); For documentation on this error, please visit: https://www.selenium.dev/documentation/webdriver/troubleshooting/errors#stale-element-reference-exception
Stacktrace:
	GetHandleVerifier [0x00007FF6492FEFA5+77893]
	GetHandleVerifier [0x00007FF6492FF000+77984]
	(No symbol) [0x00007FF6490C91BA]
	(No symbol) [0x00007FF6490D0AEC]
	(No symbol) [0x00007FF6490D3B5C]
	(No symbol) [0x00007FF6490D3C2F]
	(No symbol) [0x00007FF64911EA17]
	(No symbol) [0x00007FF64911F41C]
	(No symbol) [0x00007FF649111B1C]
	(No symbol) [0x00007FF64914716F]
	(No symbol) [0x00007FF6491119E6]
	(No symbol) [0x00007FF649147340]
	(No symbol) [0x00007FF64916F07F]
	(No symbol) [0x00007FF649146F03]
	(No symbol) [0x00007FF649110328]
	(No symbol) [0x00007FF649111093]
	GetHandleVerifier [0x00007FF6495B7B6D+2931725]
	GetHandleVerifier [0x00007FF6495B2132+2908626]
	GetHandleVerifier [0x00007FF6495D00F3+3031443]
	GetHandleVerifier [0x00007FF6493191EA+184970]
	GetHandleVerifier [0x00007FF64932086F+215311]
	GetHandleVerifier [0x00007FF649306EC4+110436]
	GetHandleVerifier [0x00007FF649307072+110866]
	GetHandleVerifier [0x00007FF6492ED479+5401]
	BaseThreadInitThunk [0x00007FFCAAD3E8D7+23]
	RtlUserThreadStart [0x00007FFCAC3F14FC+44]

[2025-04-24 21:18:58] Message: stale element reference: stale element not found in the current frame
  (Session info: chrome=135.0.7049.115); For documentation on this error, please visit: https://www.selenium.dev/documentation/webdriver/troubleshooting/errors#stale-element-reference-exception
Stacktrace:
	GetHandleVerifier [0x00007FF6492FEFA5+77893]
	GetHandleVerifier [0x00007FF6492FF000+77984]
	(No symbol) [0x00007FF6490C91BA]
	(No symbol) [0x00007FF6490D0AEC]
	(No symbol) [0x00007FF6490D3B5C]
	(No symbol) [0x00007FF6490D3C2F]
	(No symbol) [0x00007FF64911EA17]
	(No symbol) [0x00007FF64911F41C]
	(No symbol) [0x00007FF649111B1C]
	(No symbol) [0x00007FF64914716F]
	(No symbol) [0x00007FF6491119E6]
	(No symbol) [0x00007FF649147340]
	(No symbol) [0x00007FF64916F07F]
	(No symbol) [0x00007FF649146F03]
	(No symbol) [0x00007FF649110328]
	(No symbol) [0x00007FF649111093]
	GetHandleVerifier [0x00007FF6495B7B6D+2931725]
	GetHandleVerifier [0x00007FF6495B2132+2908626]
	GetHandleVerifier [0x00007FF6495D00F3+3031443]
	GetHandleVerifier [0x00007FF6493191EA+184970]
	GetHandleVerifier [0x00007FF64932086F+215311]
	GetHandleVerifier [0x00007FF649306EC4+110436]
	GetHandleVerifier [0x00007FF649307072+110866]
	GetHandleVerifier [0x00007FF6492ED479+5401]
	BaseThreadInitThunk [0x00007FFCAAD3E8D7+23]
	RtlUserThreadStart [0x00007FFCAC3F14FC+44]

[2025-04-24 21:18:58] Message: stale element reference: stale element not found in the current frame
  (Session info: chrome=135.0.7049.115); For documentation on this error, please visit: https://www.selenium.dev/documentation/webdriver/troubleshooting/errors#stale-element-reference-exception
Stacktrace:
	GetHandleVerifier [0x00007FF6492FEFA5+77893]
	GetHandleVerifier [0x00007FF6492FF000+77984]
	(No symbol) [0x00007FF6490C91BA]
	(No symbol) [0x00007FF6490D0AEC]
	(No symbol) [0x00007FF6490D3B5C]
	(No symbol) [0x00007FF6490D3C2F]
	(No symbol) [0x00007FF64911EA17]
	(No symbol) [0x00007FF64911F41C]
	(No symbol) [0x00007FF649111B1C]
	(No symbol) [0x00007FF64914716F]
	(No symbol) [0x00007FF6491119E6]
	(No symbol) [0x00007FF649147340]
	(No symbol) [0x00007FF64916F07F]
	(No symbol) [0x00007FF649146F03]
	(No symbol) [0x00007FF649110328]
	(No symbol) [0x00007FF649111093]
	GetHandleVerifier [0x00007FF6495B7B6D+2931725]
	GetHandleVerifier [0x00007FF6495B2132+2908626]
	GetHandleVerifier [0x00007FF6495D00F3+3031443]
	GetHandleVerifier [0x00007FF6493191EA+184970]
	GetHandleVerifier [0x00007FF64932086F+215311]
	GetHandleVerifier [0x00007FF649306EC4+110436]
	GetHandleVerifier [0x00007FF649307072+110866]
	GetHandleVerifier [0x00007FF6492ED479+5401]
	BaseThreadInitThunk [0x00007FFCAAD3E8D7+23]
	RtlUserThreadStart [0x00007FFCAC3F14FC+44]

[2025-04-24 21:18:58] Message: stale element reference: stale element not found in the current frame
  (Session info: chrome=135.0.7049.115); For documentation on this error, please visit: https://www.selenium.dev/documentation/webdriver/troubleshooting/errors#stale-element-reference-exception
Stacktrace:
	GetHandleVerifier [0x00007FF6492FEFA5+77893]
	GetHandleVerifier [0x00007FF6492FF000+77984]
	(No symbol) [0x00007FF6490C91BA]
	(No symbol) [0x00007FF6490D0AEC]
	(No symbol) [0x00007FF6490D3B5C]
	(No symbol) [0x00007FF6490D3C2F]
	(No symbol) [0x00007FF64911EA17]
	(No symbol) [0x00007FF64911F41C]
	(No symbol) [0x00007FF649111B1C]
	(No symbol) [0x00007FF64914716F]
	(No symbol) [0x00007FF6491119E6]
	(No symbol) [0x00007FF649147340]
	(No symbol) [0x00007FF64916F07F]
	(No symbol) [0x00007FF649146F03]
	(No symbol) [0x00007FF649110328]
	(No symbol) [0x00007FF649111093]
	GetHandleVerifier [0x00007FF6495B7B6D+2931725]
	GetHandleVerifier [0x00007FF6495B2132+2908626]
	GetHandleVerifier [0x00007FF6495D00F3+3031443]
	GetHandleVerifier [0x00007FF6493191EA+184970]
	GetHandleVerifier [0x00007FF64932086F+215311]
	GetHandleVerifier [0x00007FF649306EC4+110436]
	GetHandleVerifier [0x00007FF649307072+110866]
	GetHandleVerifier [0x00007FF6492ED479+5401]
	BaseThreadInitThunk [0x00007FFCAAD3E8D7+23]
	RtlUserThreadStart [0x00007FFCAC3F14FC+44]

[2025-04-24 21:18:58] Message: stale element reference: stale element not found in the current frame
  (Session info: chrome=135.0.7049.115); For documentation on this error, please visit: https://www.selenium.dev/documentation/webdriver/troubleshooting/errors#stale-element-reference-exception
Stacktrace:
	GetHandleVerifier [0x00007FF6492FEFA5+77893]
	GetHandleVerifier [0x00007FF6492FF000+77984]
	(No symbol) [0x00007FF6490C91BA]
	(No symbol) [0x00007FF6490D0AEC]
	(No symbol) [0x00007FF6490D3B5C]
	(No symbol) [0x00007FF6490D3C2F]
	(No symbol) [0x00007FF64911EA17]
	(No symbol) [0x00007FF64911F41C]
	(No symbol) [0x00007FF649111B1C]
	(No symbol) [0x00007FF64914716F]
	(No symbol) [0x00007FF6491119E6]
	(No symbol) [0x00007FF649147340]
	(No symbol) [0x00007FF64916F07F]
	(No symbol) [0x00007FF649146F03]
	(No symbol) [0x00007FF649110328]
	(No symbol) [0x00007FF649111093]
	GetHandleVerifier [0x00007FF6495B7B6D+2931725]
	GetHandleVerifier [0x00007FF6495B2132+2908626]
	GetHandleVerifier [0x00007FF6495D00F3+3031443]
	GetHandleVerifier [0x00007FF6493191EA+184970]
	GetHandleVerifier [0x00007FF64932086F+215311]
	GetHandleVerifier [0x00007FF649306EC4+110436]
	GetHandleVerifier [0x00007FF649307072+110866]
	GetHandleVerifier [0x00007FF6492ED479+5401]
	BaseThreadInitThunk [0x00007FFCAAD3E8D7+23]
	RtlUserThreadStart [0x00007FFCAC3F14FC+44]

[2025-04-24 21:18:58] Message: stale element reference: stale element not found in the current frame
  (Session info: chrome=135.0.7049.115); For documentation on this error, please visit: https://www.selenium.dev/documentation/webdriver/troubleshooting/errors#stale-element-reference-exception
Stacktrace:
	GetHandleVerifier [0x00007FF6492FEFA5+77893]
	GetHandleVerifier [0x00007FF6492FF000+77984]
	(No symbol) [0x00007FF6490C91BA]
	(No symbol) [0x00007FF6490D0AEC]
	(No symbol) [0x00007FF6490D3B5C]
	(No symbol) [0x00007FF6490D3C2F]
	(No symbol) [0x00007FF64911EA17]
	(No symbol) [0x00007FF64911F41C]
	(No symbol) [0x00007FF649111B1C]
	(No symbol) [0x00007FF64914716F]
	(No symbol) [0x00007FF6491119E6]
	(No symbol) [0x00007FF649147340]
	(No symbol) [0x00007FF64916F07F]
	(No symbol) [0x00007FF649146F03]
	(No symbol) [0x00007FF649110328]
	(No symbol) [0x00007FF649111093]
	GetHandleVerifier [0x00007FF6495B7B6D+2931725]
	GetHandleVerifier [0x00007FF6495B2132+2908626]
	GetHandleVerifier [0x00007FF6495D00F3+3031443]
	GetHandleVerifier [0x00007FF6493191EA+184970]
	GetHandleVerifier [0x00007FF64932086F+215311]
	GetHandleVerifier [0x00007FF649306EC4+110436]
	GetHandleVerifier [0x00007FF649307072+110866]
	GetHandleVerifier [0x00007FF6492ED479+5401]
	BaseThreadInitThunk [0x00007FFCAAD3E8D7+23]
	RtlUserThreadStart [0x00007FFCAC3F14FC+44]

[2025-04-24 21:18:58] Message: stale element reference: stale element not found in the current frame
  (Session info: chrome=135.0.7049.115); For documentation on this error, please visit: https://www.selenium.dev/documentation/webdriver/troubleshooting/errors#stale-element-reference-exception
Stacktrace:
	GetHandleVerifier [0x00007FF6492FEFA5+77893]
	GetHandleVerifier [0x00007FF6492FF000+77984]
	(No symbol) [0x00007FF6490C91BA]
	(No symbol) [0x00007FF6490D0AEC]
	(No symbol) [0x00007FF6490D3B5C]
	(No symbol) [0x00007FF6490D3C2F]
	(No symbol) [0x00007FF64911EA17]
	(No symbol) [0x00007FF64911F41C]
	(No symbol) [0x00007FF649111B1C]
	(No symbol) [0x00007FF64914716F]
	(No symbol) [0x00007FF6491119E6]
	(No symbol) [0x00007FF649147340]
	(No symbol) [0x00007FF64916F07F]
	(No symbol) [0x00007FF649146F03]
	(No symbol) [0x00007FF649110328]
	(No symbol) [0x00007FF649111093]
	GetHandleVerifier [0x00007FF6495B7B6D+2931725]
	GetHandleVerifier [0x00007FF6495B2132+2908626]
	GetHandleVerifier [0x00007FF6495D00F3+3031443]
	GetHandleVerifier [0x00007FF6493191EA+184970]
	GetHandleVerifier [0x00007FF64932086F+215311]
	GetHandleVerifier [0x00007FF649306EC4+110436]
	GetHandleVerifier [0x00007FF649307072+110866]
	GetHandleVerifier [0x00007FF6492ED479+5401]
	BaseThreadInitThunk [0x00007FFCAAD3E8D7+23]
	RtlUserThreadStart [0x00007FFCAC3F14FC+44]

[2025-04-24 21:18:58] Message: stale element reference: stale element not found in the current frame
  (Session info: chrome=135.0.7049.115); For documentation on this error, please visit: https://www.selenium.dev/documentation/webdriver/troubleshooting/errors#stale-element-reference-exception
Stacktrace:
	GetHandleVerifier [0x00007FF6492FEFA5+77893]
	GetHandleVerifier [0x00007FF6492FF000+77984]
	(No symbol) [0x00007FF6490C91BA]
	(No symbol) [0x00007FF6490D0AEC]
	(No symbol) [0x00007FF6490D3B5C]
	(No symbol) [0x00007FF6490D3C2F]
	(No symbol) [0x00007FF64911EA17]
	(No symbol) [0x00007FF64911F41C]
	(No symbol) [0x00007FF649111B1C]
	(No symbol) [0x00007FF64914716F]
	(No symbol) [0x00007FF6491119E6]
	(No symbol) [0x00007FF649147340]
	(No symbol) [0x00007FF64916F07F]
	(No symbol) [0x00007FF649146F03]
	(No symbol) [0x00007FF649110328]
	(No symbol) [0x00007FF649111093]
	GetHandleVerifier [0x00007FF6495B7B6D+2931725]
	GetHandleVerifier [0x00007FF6495B2132+2908626]
	GetHandleVerifier [0x00007FF6495D00F3+3031443]
	GetHandleVerifier [0x00007FF6493191EA+184970]
	GetHandleVerifier [0x00007FF64932086F+215311]
	GetHandleVerifier [0x00007FF649306EC4+110436]
	GetHandleVerifier [0x00007FF649307072+110866]
	GetHandleVerifier [0x00007FF6492ED479+5401]
	BaseThreadInitThunk [0x00007FFCAAD3E8D7+23]
	RtlUserThreadStart [0x00007FFCAC3F14FC+44]

[2025-04-24 21:20:08] Message: 

[2025-04-24 21:20:29] Message: stale element reference: stale element not found in the current frame
  (Session info: chrome=135.0.7049.115); For documentation on this error, please visit: https://www.selenium.dev/documentation/webdriver/troubleshooting/errors#stale-element-reference-exception
Stacktrace:
	GetHandleVerifier [0x00007FF6492FEFA5+77893]
	GetHandleVerifier [0x00007FF6492FF000+77984]
	(No symbol) [0x00007FF6490C91BA]
	(No symbol) [0x00007FF6490D0AEC]
	(No symbol) [0x00007FF6490D3B5C]
	(No symbol) [0x00007FF6490D3C2F]
	(No symbol) [0x00007FF64911EA17]
	(No symbol) [0x00007FF64911F41C]
	(No symbol) [0x00007FF649111B1C]
	(No symbol) [0x00007FF64914716F]
	(No symbol) [0x00007FF6491119E6]
	(No symbol) [0x00007FF649147340]
	(No symbol) [0x00007FF64916F07F]
	(No symbol) [0x00007FF649146F03]
	(No symbol) [0x00007FF649110328]
	(No symbol) [0x00007FF649111093]
	GetHandleVerifier [0x00007FF6495B7B6D+2931725]
	GetHandleVerifier [0x00007FF6495B2132+2908626]
	GetHandleVerifier [0x00007FF6495D00F3+3031443]
	GetHandleVerifier [0x00007FF6493191EA+184970]
	GetHandleVerifier [0x00007FF64932086F+215311]
	GetHandleVerifier [0x00007FF649306EC4+110436]
	GetHandleVerifier [0x00007FF649307072+110866]
	GetHandleVerifier [0x00007FF6492ED479+5401]
	BaseThreadInitThunk [0x00007FFCAAD3E8D7+23]
	RtlUserThreadStart [0x00007FFCAC3F14FC+44]

[2025-04-24 21:20:29] Message: stale element reference: stale element not found in the current frame
  (Session info: chrome=135.0.7049.115); For documentation on this error, please visit: https://www.selenium.dev/documentation/webdriver/troubleshooting/errors#stale-element-reference-exception
Stacktrace:
	GetHandleVerifier [0x00007FF6492FEFA5+77893]
	GetHandleVerifier [0x00007FF6492FF000+77984]
	(No symbol) [0x00007FF6490C91BA]
	(No symbol) [0x00007FF6490D0AEC]
	(No symbol) [0x00007FF6490D3B5C]
	(No symbol) [0x00007FF6490D3C2F]
	(No symbol) [0x00007FF64911EA17]
	(No symbol) [0x00007FF64911F41C]
	(No symbol) [0x00007FF649111B1C]
	(No symbol) [0x00007FF64914716F]
	(No symbol) [0x00007FF6491119E6]
	(No symbol) [0x00007FF649147340]
	(No symbol) [0x00007FF64916F07F]
	(No symbol) [0x00007FF649146F03]
	(No symbol) [0x00007FF649110328]
	(No symbol) [0x00007FF649111093]
	GetHandleVerifier [0x00007FF6495B7B6D+2931725]
	GetHandleVerifier [0x00007FF6495B2132+2908626]
	GetHandleVerifier [0x00007FF6495D00F3+3031443]
	GetHandleVerifier [0x00007FF6493191EA+184970]
	GetHandleVerifier [0x00007FF64932086F+215311]
	GetHandleVerifier [0x00007FF649306EC4+110436]
	GetHandleVerifier [0x00007FF649307072+110866]
	GetHandleVerifier [0x00007FF6492ED479+5401]
	BaseThreadInitThunk [0x00007FFCAAD3E8D7+23]
	RtlUserThreadStart [0x00007FFCAC3F14FC+44]

[2025-04-24 21:20:29] Message: stale element reference: stale element not found in the current frame
  (Session info: chrome=135.0.7049.115); For documentation on this error, please visit: https://www.selenium.dev/documentation/webdriver/troubleshooting/errors#stale-element-reference-exception
Stacktrace:
	GetHandleVerifier [0x00007FF6492FEFA5+77893]
	GetHandleVerifier [0x00007FF6492FF000+77984]
	(No symbol) [0x00007FF6490C91BA]
	(No symbol) [0x00007FF6490D0AEC]
	(No symbol) [0x00007FF6490D3B5C]
	(No symbol) [0x00007FF6490D3C2F]
	(No symbol) [0x00007FF64911EA17]
	(No symbol) [0x00007FF64911F41C]
	(No symbol) [0x00007FF649111B1C]
	(No symbol) [0x00007FF64914716F]
	(No symbol) [0x00007FF6491119E6]
	(No symbol) [0x00007FF649147340]
	(No symbol) [0x00007FF64916F07F]
	(No symbol) [0x00007FF649146F03]
	(No symbol) [0x00007FF649110328]
	(No symbol) [0x00007FF649111093]
	GetHandleVerifier [0x00007FF6495B7B6D+2931725]
	GetHandleVerifier [0x00007FF6495B2132+2908626]
	GetHandleVerifier [0x00007FF6495D00F3+3031443]
	GetHandleVerifier [0x00007FF6493191EA+184970]
	GetHandleVerifier [0x00007FF64932086F+215311]
	GetHandleVerifier [0x00007FF649306EC4+110436]
	GetHandleVerifier [0x00007FF649307072+110866]
	GetHandleVerifier [0x00007FF6492ED479+5401]
	BaseThreadInitThunk [0x00007FFCAAD3E8D7+23]
	RtlUserThreadStart [0x00007FFCAC3F14FC+44]

[2025-04-24 21:20:29] Message: stale element reference: stale element not found in the current frame
  (Session info: chrome=135.0.7049.115); For documentation on this error, please visit: https://www.selenium.dev/documentation/webdriver/troubleshooting/errors#stale-element-reference-exception
Stacktrace:
	GetHandleVerifier [0x00007FF6492FEFA5+77893]
	GetHandleVerifier [0x00007FF6492FF000+77984]
	(No symbol) [0x00007FF6490C91BA]
	(No symbol) [0x00007FF6490D0AEC]
	(No symbol) [0x00007FF6490D3B5C]
	(No symbol) [0x00007FF6490D3C2F]
	(No symbol) [0x00007FF64911EA17]
	(No symbol) [0x00007FF64911F41C]
	(No symbol) [0x00007FF649111B1C]
	(No symbol) [0x00007FF64914716F]
	(No symbol) [0x00007FF6491119E6]
	(No symbol) [0x00007FF649147340]
	(No symbol) [0x00007FF64916F07F]
	(No symbol) [0x00007FF649146F03]
	(No symbol) [0x00007FF649110328]
	(No symbol) [0x00007FF649111093]
	GetHandleVerifier [0x00007FF6495B7B6D+2931725]
	GetHandleVerifier [0x00007FF6495B2132+2908626]
	GetHandleVerifier [0x00007FF6495D00F3+3031443]
	GetHandleVerifier [0x00007FF6493191EA+184970]
	GetHandleVerifier [0x00007FF64932086F+215311]
	GetHandleVerifier [0x00007FF649306EC4+110436]
	GetHandleVerifier [0x00007FF649307072+110866]
	GetHandleVerifier [0x00007FF6492ED479+5401]
	BaseThreadInitThunk [0x00007FFCAAD3E8D7+23]
	RtlUserThreadStart [0x00007FFCAC3F14FC+44]

[2025-04-24 21:20:29] Message: stale element reference: stale element not found in the current frame
  (Session info: chrome=135.0.7049.115); For documentation on this error, please visit: https://www.selenium.dev/documentation/webdriver/troubleshooting/errors#stale-element-reference-exception
Stacktrace:
	GetHandleVerifier [0x00007FF6492FEFA5+77893]
	GetHandleVerifier [0x00007FF6492FF000+77984]
	(No symbol) [0x00007FF6490C91BA]
	(No symbol) [0x00007FF6490D0AEC]
	(No symbol) [0x00007FF6490D3B5C]
	(No symbol) [0x00007FF6490D3C2F]
	(No symbol) [0x00007FF64911EA17]
	(No symbol) [0x00007FF64911F41C]
	(No symbol) [0x00007FF649111B1C]
	(No symbol) [0x00007FF64914716F]
	(No symbol) [0x00007FF6491119E6]
	(No symbol) [0x00007FF649147340]
	(No symbol) [0x00007FF64916F07F]
	(No symbol) [0x00007FF649146F03]
	(No symbol) [0x00007FF649110328]
	(No symbol) [0x00007FF649111093]
	GetHandleVerifier [0x00007FF6495B7B6D+2931725]
	GetHandleVerifier [0x00007FF6495B2132+2908626]
	GetHandleVerifier [0x00007FF6495D00F3+3031443]
	GetHandleVerifier [0x00007FF6493191EA+184970]
	GetHandleVerifier [0x00007FF64932086F+215311]
	GetHandleVerifier [0x00007FF649306EC4+110436]
	GetHandleVerifier [0x00007FF649307072+110866]
	GetHandleVerifier [0x00007FF6492ED479+5401]
	BaseThreadInitThunk [0x00007FFCAAD3E8D7+23]
	RtlUserThreadStart [0x00007FFCAC3F14FC+44]

[2025-04-24 21:20:29] Message: stale element reference: stale element not found in the current frame
  (Session info: chrome=135.0.7049.115); For documentation on this error, please visit: https://www.selenium.dev/documentation/webdriver/troubleshooting/errors#stale-element-reference-exception
Stacktrace:
	GetHandleVerifier [0x00007FF6492FEFA5+77893]
	GetHandleVerifier [0x00007FF6492FF000+77984]
	(No symbol) [0x00007FF6490C91BA]
	(No symbol) [0x00007FF6490D0AEC]
	(No symbol) [0x00007FF6490D3B5C]
	(No symbol) [0x00007FF6490D3C2F]
	(No symbol) [0x00007FF64911EA17]
	(No symbol) [0x00007FF64911F41C]
	(No symbol) [0x00007FF649111B1C]
	(No symbol) [0x00007FF64914716F]
	(No symbol) [0x00007FF6491119E6]
	(No symbol) [0x00007FF649147340]
	(No symbol) [0x00007FF64916F07F]
	(No symbol) [0x00007FF649146F03]
	(No symbol) [0x00007FF649110328]
	(No symbol) [0x00007FF649111093]
	GetHandleVerifier [0x00007FF6495B7B6D+2931725]
	GetHandleVerifier [0x00007FF6495B2132+2908626]
	GetHandleVerifier [0x00007FF6495D00F3+3031443]
	GetHandleVerifier [0x00007FF6493191EA+184970]
	GetHandleVerifier [0x00007FF64932086F+215311]
	GetHandleVerifier [0x00007FF649306EC4+110436]
	GetHandleVerifier [0x00007FF649307072+110866]
	GetHandleVerifier [0x00007FF6492ED479+5401]
	BaseThreadInitThunk [0x00007FFCAAD3E8D7+23]
	RtlUserThreadStart [0x00007FFCAC3F14FC+44]

[2025-04-24 21:20:29] Message: stale element reference: stale element not found in the current frame
  (Session info: chrome=135.0.7049.115); For documentation on this error, please visit: https://www.selenium.dev/documentation/webdriver/troubleshooting/errors#stale-element-reference-exception
Stacktrace:
	GetHandleVerifier [0x00007FF6492FEFA5+77893]
	GetHandleVerifier [0x00007FF6492FF000+77984]
	(No symbol) [0x00007FF6490C91BA]
	(No symbol) [0x00007FF6490D0AEC]
	(No symbol) [0x00007FF6490D3B5C]
	(No symbol) [0x00007FF6490D3C2F]
	(No symbol) [0x00007FF64911EA17]
	(No symbol) [0x00007FF64911F41C]
	(No symbol) [0x00007FF649111B1C]
	(No symbol) [0x00007FF64914716F]
	(No symbol) [0x00007FF6491119E6]
	(No symbol) [0x00007FF649147340]
	(No symbol) [0x00007FF64916F07F]
	(No symbol) [0x00007FF649146F03]
	(No symbol) [0x00007FF649110328]
	(No symbol) [0x00007FF649111093]
	GetHandleVerifier [0x00007FF6495B7B6D+2931725]
	GetHandleVerifier [0x00007FF6495B2132+2908626]
	GetHandleVerifier [0x00007FF6495D00F3+3031443]
	GetHandleVerifier [0x00007FF6493191EA+184970]
	GetHandleVerifier [0x00007FF64932086F+215311]
	GetHandleVerifier [0x00007FF649306EC4+110436]
	GetHandleVerifier [0x00007FF649307072+110866]
	GetHandleVerifier [0x00007FF6492ED479+5401]
	BaseThreadInitThunk [0x00007FFCAAD3E8D7+23]
	RtlUserThreadStart [0x00007FFCAC3F14FC+44]

[2025-04-24 21:20:29] Message: stale element reference: stale element not found in the current frame
  (Session info: chrome=135.0.7049.115); For documentation on this error, please visit: https://www.selenium.dev/documentation/webdriver/troubleshooting/errors#stale-element-reference-exception
Stacktrace:
	GetHandleVerifier [0x00007FF6492FEFA5+77893]
	GetHandleVerifier [0x00007FF6492FF000+77984]
	(No symbol) [0x00007FF6490C91BA]
	(No symbol) [0x00007FF6490D0AEC]
	(No symbol) [0x00007FF6490D3B5C]
	(No symbol) [0x00007FF6490D3C2F]
	(No symbol) [0x00007FF64911EA17]
	(No symbol) [0x00007FF64911F41C]
	(No symbol) [0x00007FF649111B1C]
	(No symbol) [0x00007FF64914716F]
	(No symbol) [0x00007FF6491119E6]
	(No symbol) [0x00007FF649147340]
	(No symbol) [0x00007FF64916F07F]
	(No symbol) [0x00007FF649146F03]
	(No symbol) [0x00007FF649110328]
	(No symbol) [0x00007FF649111093]
	GetHandleVerifier [0x00007FF6495B7B6D+2931725]
	GetHandleVerifier [0x00007FF6495B2132+2908626]
	GetHandleVerifier [0x00007FF6495D00F3+3031443]
	GetHandleVerifier [0x00007FF6493191EA+184970]
	GetHandleVerifier [0x00007FF64932086F+215311]
	GetHandleVerifier [0x00007FF649306EC4+110436]
	GetHandleVerifier [0x00007FF649307072+110866]
	GetHandleVerifier [0x00007FF6492ED479+5401]
	BaseThreadInitThunk [0x00007FFCAAD3E8D7+23]
	RtlUserThreadStart [0x00007FFCAC3F14FC+44]

[2025-04-24 21:20:29] Message: stale element reference: stale element not found in the current frame
  (Session info: chrome=135.0.7049.115); For documentation on this error, please visit: https://www.selenium.dev/documentation/webdriver/troubleshooting/errors#stale-element-reference-exception
Stacktrace:
	GetHandleVerifier [0x00007FF6492FEFA5+77893]
	GetHandleVerifier [0x00007FF6492FF000+77984]
	(No symbol) [0x00007FF6490C91BA]
	(No symbol) [0x00007FF6490D0AEC]
	(No symbol) [0x00007FF6490D3B5C]
	(No symbol) [0x00007FF6490D3C2F]
	(No symbol) [0x00007FF64911EA17]
	(No symbol) [0x00007FF64911F41C]
	(No symbol) [0x00007FF649111B1C]
	(No symbol) [0x00007FF64914716F]
	(No symbol) [0x00007FF6491119E6]
	(No symbol) [0x00007FF649147340]
	(No symbol) [0x00007FF64916F07F]
	(No symbol) [0x00007FF649146F03]
	(No symbol) [0x00007FF649110328]
	(No symbol) [0x00007FF649111093]
	GetHandleVerifier [0x00007FF6495B7B6D+2931725]
	GetHandleVerifier [0x00007FF6495B2132+2908626]
	GetHandleVerifier [0x00007FF6495D00F3+3031443]
	GetHandleVerifier [0x00007FF6493191EA+184970]
	GetHandleVerifier [0x00007FF64932086F+215311]
	GetHandleVerifier [0x00007FF649306EC4+110436]
	GetHandleVerifier [0x00007FF649307072+110866]
	GetHandleVerifier [0x00007FF6492ED479+5401]
	BaseThreadInitThunk [0x00007FFCAAD3E8D7+23]
	RtlUserThreadStart [0x00007FFCAC3F14FC+44]

[2025-04-24 21:20:29] Message: stale element reference: stale element not found in the current frame
  (Session info: chrome=135.0.7049.115); For documentation on this error, please visit: https://www.selenium.dev/documentation/webdriver/troubleshooting/errors#stale-element-reference-exception
Stacktrace:
	GetHandleVerifier [0x00007FF6492FEFA5+77893]
	GetHandleVerifier [0x00007FF6492FF000+77984]
	(No symbol) [0x00007FF6490C91BA]
	(No symbol) [0x00007FF6490D0AEC]
	(No symbol) [0x00007FF6490D3B5C]
	(No symbol) [0x00007FF6490D3C2F]
	(No symbol) [0x00007FF64911EA17]
	(No symbol) [0x00007FF64911F41C]
	(No symbol) [0x00007FF649111B1C]
	(No symbol) [0x00007FF64914716F]
	(No symbol) [0x00007FF6491119E6]
	(No symbol) [0x00007FF649147340]
	(No symbol) [0x00007FF64916F07F]
	(No symbol) [0x00007FF649146F03]
	(No symbol) [0x00007FF649110328]
	(No symbol) [0x00007FF649111093]
	GetHandleVerifier [0x00007FF6495B7B6D+2931725]
	GetHandleVerifier [0x00007FF6495B2132+2908626]
	GetHandleVerifier [0x00007FF6495D00F3+3031443]
	GetHandleVerifier [0x00007FF6493191EA+184970]
	GetHandleVerifier [0x00007FF64932086F+215311]
	GetHandleVerifier [0x00007FF649306EC4+110436]
	GetHandleVerifier [0x00007FF649307072+110866]
	GetHandleVerifier [0x00007FF6492ED479+5401]
	BaseThreadInitThunk [0x00007FFCAAD3E8D7+23]
	RtlUserThreadStart [0x00007FFCAC3F14FC+44]

[2025-04-24 21:20:29] Message: stale element reference: stale element not found in the current frame
  (Session info: chrome=135.0.7049.115); For documentation on this error, please visit: https://www.selenium.dev/documentation/webdriver/troubleshooting/errors#stale-element-reference-exception
Stacktrace:
	GetHandleVerifier [0x00007FF6492FEFA5+77893]
	GetHandleVerifier [0x00007FF6492FF000+77984]
	(No symbol) [0x00007FF6490C91BA]
	(No symbol) [0x00007FF6490D0AEC]
	(No symbol) [0x00007FF6490D3B5C]
	(No symbol) [0x00007FF6490D3C2F]
	(No symbol) [0x00007FF64911EA17]
	(No symbol) [0x00007FF64911F41C]
	(No symbol) [0x00007FF649111B1C]
	(No symbol) [0x00007FF64914716F]
	(No symbol) [0x00007FF6491119E6]
	(No symbol) [0x00007FF649147340]
	(No symbol) [0x00007FF64916F07F]
	(No symbol) [0x00007FF649146F03]
	(No symbol) [0x00007FF649110328]
	(No symbol) [0x00007FF649111093]
	GetHandleVerifier [0x00007FF6495B7B6D+2931725]
	GetHandleVerifier [0x00007FF6495B2132+2908626]
	GetHandleVerifier [0x00007FF6495D00F3+3031443]
	GetHandleVerifier [0x00007FF6493191EA+184970]
	GetHandleVerifier [0x00007FF64932086F+215311]
	GetHandleVerifier [0x00007FF649306EC4+110436]
	GetHandleVerifier [0x00007FF649307072+110866]
	GetHandleVerifier [0x00007FF6492ED479+5401]
	BaseThreadInitThunk [0x00007FFCAAD3E8D7+23]
	RtlUserThreadStart [0x00007FFCAC3F14FC+44]

[2025-04-24 21:20:29] Message: stale element reference: stale element not found in the current frame
  (Session info: chrome=135.0.7049.115); For documentation on this error, please visit: https://www.selenium.dev/documentation/webdriver/troubleshooting/errors#stale-element-reference-exception
Stacktrace:
	GetHandleVerifier [0x00007FF6492FEFA5+77893]
	GetHandleVerifier [0x00007FF6492FF000+77984]
	(No symbol) [0x00007FF6490C91BA]
	(No symbol) [0x00007FF6490D0AEC]
	(No symbol) [0x00007FF6490D3B5C]
	(No symbol) [0x00007FF6490D3C2F]
	(No symbol) [0x00007FF64911EA17]
	(No symbol) [0x00007FF64911F41C]
	(No symbol) [0x00007FF649111B1C]
	(No symbol) [0x00007FF64914716F]
	(No symbol) [0x00007FF6491119E6]
	(No symbol) [0x00007FF649147340]
	(No symbol) [0x00007FF64916F07F]
	(No symbol) [0x00007FF649146F03]
	(No symbol) [0x00007FF649110328]
	(No symbol) [0x00007FF649111093]
	GetHandleVerifier [0x00007FF6495B7B6D+2931725]
	GetHandleVerifier [0x00007FF6495B2132+2908626]
	GetHandleVerifier [0x00007FF6495D00F3+3031443]
	GetHandleVerifier [0x00007FF6493191EA+184970]
	GetHandleVerifier [0x00007FF64932086F+215311]
	GetHandleVerifier [0x00007FF649306EC4+110436]
	GetHandleVerifier [0x00007FF649307072+110866]
	GetHandleVerifier [0x00007FF6492ED479+5401]
	BaseThreadInitThunk [0x00007FFCAAD3E8D7+23]
	RtlUserThreadStart [0x00007FFCAC3F14FC+44]

[2025-04-24 21:20:29] Message: stale element reference: stale element not found in the current frame
  (Session info: chrome=135.0.7049.115); For documentation on this error, please visit: https://www.selenium.dev/documentation/webdriver/troubleshooting/errors#stale-element-reference-exception
Stacktrace:
	GetHandleVerifier [0x00007FF6492FEFA5+77893]
	GetHandleVerifier [0x00007FF6492FF000+77984]
	(No symbol) [0x00007FF6490C91BA]
	(No symbol) [0x00007FF6490D0AEC]
	(No symbol) [0x00007FF6490D3B5C]
	(No symbol) [0x00007FF6490D3C2F]
	(No symbol) [0x00007FF64911EA17]
	(No symbol) [0x00007FF64911F41C]
	(No symbol) [0x00007FF649111B1C]
	(No symbol) [0x00007FF64914716F]
	(No symbol) [0x00007FF6491119E6]
	(No symbol) [0x00007FF649147340]
	(No symbol) [0x00007FF64916F07F]
	(No symbol) [0x00007FF649146F03]
	(No symbol) [0x00007FF649110328]
	(No symbol) [0x00007FF649111093]
	GetHandleVerifier [0x00007FF6495B7B6D+2931725]
	GetHandleVerifier [0x00007FF6495B2132+2908626]
	GetHandleVerifier [0x00007FF6495D00F3+3031443]
	GetHandleVerifier [0x00007FF6493191EA+184970]
	GetHandleVerifier [0x00007FF64932086F+215311]
	GetHandleVerifier [0x00007FF649306EC4+110436]
	GetHandleVerifier [0x00007FF649307072+110866]
	GetHandleVerifier [0x00007FF6492ED479+5401]
	BaseThreadInitThunk [0x00007FFCAAD3E8D7+23]
	RtlUserThreadStart [0x00007FFCAC3F14FC+44]

[2025-04-24 21:20:29] Message: stale element reference: stale element not found in the current frame
  (Session info: chrome=135.0.7049.115); For documentation on this error, please visit: https://www.selenium.dev/documentation/webdriver/troubleshooting/errors#stale-element-reference-exception
Stacktrace:
	GetHandleVerifier [0x00007FF6492FEFA5+77893]
	GetHandleVerifier [0x00007FF6492FF000+77984]
	(No symbol) [0x00007FF6490C91BA]
	(No symbol) [0x00007FF6490D0AEC]
	(No symbol) [0x00007FF6490D3B5C]
	(No symbol) [0x00007FF6490D3C2F]
	(No symbol) [0x00007FF64911EA17]
	(No symbol) [0x00007FF64911F41C]
	(No symbol) [0x00007FF649111B1C]
	(No symbol) [0x00007FF64914716F]
	(No symbol) [0x00007FF6491119E6]
	(No symbol) [0x00007FF649147340]
	(No symbol) [0x00007FF64916F07F]
	(No symbol) [0x00007FF649146F03]
	(No symbol) [0x00007FF649110328]
	(No symbol) [0x00007FF649111093]
	GetHandleVerifier [0x00007FF6495B7B6D+2931725]
	GetHandleVerifier [0x00007FF6495B2132+2908626]
	GetHandleVerifier [0x00007FF6495D00F3+3031443]
	GetHandleVerifier [0x00007FF6493191EA+184970]
	GetHandleVerifier [0x00007FF64932086F+215311]
	GetHandleVerifier [0x00007FF649306EC4+110436]
	GetHandleVerifier [0x00007FF649307072+110866]
	GetHandleVerifier [0x00007FF6492ED479+5401]
	BaseThreadInitThunk [0x00007FFCAAD3E8D7+23]
	RtlUserThreadStart [0x00007FFCAC3F14FC+44]

[2025-04-24 21:20:29] Message: stale element reference: stale element not found in the current frame
  (Session info: chrome=135.0.7049.115); For documentation on this error, please visit: https://www.selenium.dev/documentation/webdriver/troubleshooting/errors#stale-element-reference-exception
Stacktrace:
	GetHandleVerifier [0x00007FF6492FEFA5+77893]
	GetHandleVerifier [0x00007FF6492FF000+77984]
	(No symbol) [0x00007FF6490C91BA]
	(No symbol) [0x00007FF6490D0AEC]
	(No symbol) [0x00007FF6490D3B5C]
	(No symbol) [0x00007FF6490D3C2F]
	(No symbol) [0x00007FF64911EA17]
	(No symbol) [0x00007FF64911F41C]
	(No symbol) [0x00007FF649111B1C]
	(No symbol) [0x00007FF64914716F]
	(No symbol) [0x00007FF6491119E6]
	(No symbol) [0x00007FF649147340]
	(No symbol) [0x00007FF64916F07F]
	(No symbol) [0x00007FF649146F03]
	(No symbol) [0x00007FF649110328]
	(No symbol) [0x00007FF649111093]
	GetHandleVerifier [0x00007FF6495B7B6D+2931725]
	GetHandleVerifier [0x00007FF6495B2132+2908626]
	GetHandleVerifier [0x00007FF6495D00F3+3031443]
	GetHandleVerifier [0x00007FF6493191EA+184970]
	GetHandleVerifier [0x00007FF64932086F+215311]
	GetHandleVerifier [0x00007FF649306EC4+110436]
	GetHandleVerifier [0x00007FF649307072+110866]
	GetHandleVerifier [0x00007FF6492ED479+5401]
	BaseThreadInitThunk [0x00007FFCAAD3E8D7+23]
	RtlUserThreadStart [0x00007FFCAC3F14FC+44]

[2025-04-24 21:20:29] Message: stale element reference: stale element not found in the current frame
  (Session info: chrome=135.0.7049.115); For documentation on this error, please visit: https://www.selenium.dev/documentation/webdriver/troubleshooting/errors#stale-element-reference-exception
Stacktrace:
	GetHandleVerifier [0x00007FF6492FEFA5+77893]
	GetHandleVerifier [0x00007FF6492FF000+77984]
	(No symbol) [0x00007FF6490C91BA]
	(No symbol) [0x00007FF6490D0AEC]
	(No symbol) [0x00007FF6490D3B5C]
	(No symbol) [0x00007FF6490D3C2F]
	(No symbol) [0x00007FF64911EA17]
	(No symbol) [0x00007FF64911F41C]
	(No symbol) [0x00007FF649111B1C]
	(No symbol) [0x00007FF64914716F]
	(No symbol) [0x00007FF6491119E6]
	(No symbol) [0x00007FF649147340]
	(No symbol) [0x00007FF64916F07F]
	(No symbol) [0x00007FF649146F03]
	(No symbol) [0x00007FF649110328]
	(No symbol) [0x00007FF649111093]
	GetHandleVerifier [0x00007FF6495B7B6D+2931725]
	GetHandleVerifier [0x00007FF6495B2132+2908626]
	GetHandleVerifier [0x00007FF6495D00F3+3031443]
	GetHandleVerifier [0x00007FF6493191EA+184970]
	GetHandleVerifier [0x00007FF64932086F+215311]
	GetHandleVerifier [0x00007FF649306EC4+110436]
	GetHandleVerifier [0x00007FF649307072+110866]
	GetHandleVerifier [0x00007FF6492ED479+5401]
	BaseThreadInitThunk [0x00007FFCAAD3E8D7+23]
	RtlUserThreadStart [0x00007FFCAC3F14FC+44]

[2025-04-24 21:20:29] Message: stale element reference: stale element not found in the current frame
  (Session info: chrome=135.0.7049.115); For documentation on this error, please visit: https://www.selenium.dev/documentation/webdriver/troubleshooting/errors#stale-element-reference-exception
Stacktrace:
	GetHandleVerifier [0x00007FF6492FEFA5+77893]
	GetHandleVerifier [0x00007FF6492FF000+77984]
	(No symbol) [0x00007FF6490C91BA]
	(No symbol) [0x00007FF6490D0AEC]
	(No symbol) [0x00007FF6490D3B5C]
	(No symbol) [0x00007FF6490D3C2F]
	(No symbol) [0x00007FF64911EA17]
	(No symbol) [0x00007FF64911F41C]
	(No symbol) [0x00007FF649111B1C]
	(No symbol) [0x00007FF64914716F]
	(No symbol) [0x00007FF6491119E6]
	(No symbol) [0x00007FF649147340]
	(No symbol) [0x00007FF64916F07F]
	(No symbol) [0x00007FF649146F03]
	(No symbol) [0x00007FF649110328]
	(No symbol) [0x00007FF649111093]
	GetHandleVerifier [0x00007FF6495B7B6D+2931725]
	GetHandleVerifier [0x00007FF6495B2132+2908626]
	GetHandleVerifier [0x00007FF6495D00F3+3031443]
	GetHandleVerifier [0x00007FF6493191EA+184970]
	GetHandleVerifier [0x00007FF64932086F+215311]
	GetHandleVerifier [0x00007FF649306EC4+110436]
	GetHandleVerifier [0x00007FF649307072+110866]
	GetHandleVerifier [0x00007FF6492ED479+5401]
	BaseThreadInitThunk [0x00007FFCAAD3E8D7+23]
	RtlUserThreadStart [0x00007FFCAC3F14FC+44]

[2025-04-24 21:20:29] Message: stale element reference: stale element not found in the current frame
  (Session info: chrome=135.0.7049.115); For documentation on this error, please visit: https://www.selenium.dev/documentation/webdriver/troubleshooting/errors#stale-element-reference-exception
Stacktrace:
	GetHandleVerifier [0x00007FF6492FEFA5+77893]
	GetHandleVerifier [0x00007FF6492FF000+77984]
	(No symbol) [0x00007FF6490C91BA]
	(No symbol) [0x00007FF6490D0AEC]
	(No symbol) [0x00007FF6490D3B5C]
	(No symbol) [0x00007FF6490D3C2F]
	(No symbol) [0x00007FF64911EA17]
	(No symbol) [0x00007FF64911F41C]
	(No symbol) [0x00007FF649111B1C]
	(No symbol) [0x00007FF64914716F]
	(No symbol) [0x00007FF6491119E6]
	(No symbol) [0x00007FF649147340]
	(No symbol) [0x00007FF64916F07F]
	(No symbol) [0x00007FF649146F03]
	(No symbol) [0x00007FF649110328]
	(No symbol) [0x00007FF649111093]
	GetHandleVerifier [0x00007FF6495B7B6D+2931725]
	GetHandleVerifier [0x00007FF6495B2132+2908626]
	GetHandleVerifier [0x00007FF6495D00F3+3031443]
	GetHandleVerifier [0x00007FF6493191EA+184970]
	GetHandleVerifier [0x00007FF64932086F+215311]
	GetHandleVerifier [0x00007FF649306EC4+110436]
	GetHandleVerifier [0x00007FF649307072+110866]
	GetHandleVerifier [0x00007FF6492ED479+5401]
	BaseThreadInitThunk [0x00007FFCAAD3E8D7+23]
	RtlUserThreadStart [0x00007FFCAC3F14FC+44]

[2025-04-24 21:20:29] Message: stale element reference: stale element not found in the current frame
  (Session info: chrome=135.0.7049.115); For documentation on this error, please visit: https://www.selenium.dev/documentation/webdriver/troubleshooting/errors#stale-element-reference-exception
Stacktrace:
	GetHandleVerifier [0x00007FF6492FEFA5+77893]
	GetHandleVerifier [0x00007FF6492FF000+77984]
	(No symbol) [0x00007FF6490C91BA]
	(No symbol) [0x00007FF6490D0AEC]
	(No symbol) [0x00007FF6490D3B5C]
	(No symbol) [0x00007FF6490D3C2F]
	(No symbol) [0x00007FF64911EA17]
	(No symbol) [0x00007FF64911F41C]
	(No symbol) [0x00007FF649111B1C]
	(No symbol) [0x00007FF64914716F]
	(No symbol) [0x00007FF6491119E6]
	(No symbol) [0x00007FF649147340]
	(No symbol) [0x00007FF64916F07F]
	(No symbol) [0x00007FF649146F03]
	(No symbol) [0x00007FF649110328]
	(No symbol) [0x00007FF649111093]
	GetHandleVerifier [0x00007FF6495B7B6D+2931725]
	GetHandleVerifier [0x00007FF6495B2132+2908626]
	GetHandleVerifier [0x00007FF6495D00F3+3031443]
	GetHandleVerifier [0x00007FF6493191EA+184970]
	GetHandleVerifier [0x00007FF64932086F+215311]
	GetHandleVerifier [0x00007FF649306EC4+110436]
	GetHandleVerifier [0x00007FF649307072+110866]
	GetHandleVerifier [0x00007FF6492ED479+5401]
	BaseThreadInitThunk [0x00007FFCAAD3E8D7+23]
	RtlUserThreadStart [0x00007FFCAC3F14FC+44]

[2025-04-24 21:20:29] Message: stale element reference: stale element not found in the current frame
  (Session info: chrome=135.0.7049.115); For documentation on this error, please visit: https://www.selenium.dev/documentation/webdriver/troubleshooting/errors#stale-element-reference-exception
Stacktrace:
	GetHandleVerifier [0x00007FF6492FEFA5+77893]
	GetHandleVerifier [0x00007FF6492FF000+77984]
	(No symbol) [0x00007FF6490C91BA]
	(No symbol) [0x00007FF6490D0AEC]
	(No symbol) [0x00007FF6490D3B5C]
	(No symbol) [0x00007FF6490D3C2F]
	(No symbol) [0x00007FF64911EA17]
	(No symbol) [0x00007FF64911F41C]
	(No symbol) [0x00007FF649111B1C]
	(No symbol) [0x00007FF64914716F]
	(No symbol) [0x00007FF6491119E6]
	(No symbol) [0x00007FF649147340]
	(No symbol) [0x00007FF64916F07F]
	(No symbol) [0x00007FF649146F03]
	(No symbol) [0x00007FF649110328]
	(No symbol) [0x00007FF649111093]
	GetHandleVerifier [0x00007FF6495B7B6D+2931725]
	GetHandleVerifier [0x00007FF6495B2132+2908626]
	GetHandleVerifier [0x00007FF6495D00F3+3031443]
	GetHandleVerifier [0x00007FF6493191EA+184970]
	GetHandleVerifier [0x00007FF64932086F+215311]
	GetHandleVerifier [0x00007FF649306EC4+110436]
	GetHandleVerifier [0x00007FF649307072+110866]
	GetHandleVerifier [0x00007FF6492ED479+5401]
	BaseThreadInitThunk [0x00007FFCAAD3E8D7+23]
	RtlUserThreadStart [0x00007FFCAC3F14FC+44]

[2025-04-24 21:20:29] Message: stale element reference: stale element not found in the current frame
  (Session info: chrome=135.0.7049.115); For documentation on this error, please visit: https://www.selenium.dev/documentation/webdriver/troubleshooting/errors#stale-element-reference-exception
Stacktrace:
	GetHandleVerifier [0x00007FF6492FEFA5+77893]
	GetHandleVerifier [0x00007FF6492FF000+77984]
	(No symbol) [0x00007FF6490C91BA]
	(No symbol) [0x00007FF6490D0AEC]
	(No symbol) [0x00007FF6490D3B5C]
	(No symbol) [0x00007FF6490D3C2F]
	(No symbol) [0x00007FF64911EA17]
	(No symbol) [0x00007FF64911F41C]
	(No symbol) [0x00007FF649111B1C]
	(No symbol) [0x00007FF64914716F]
	(No symbol) [0x00007FF6491119E6]
	(No symbol) [0x00007FF649147340]
	(No symbol) [0x00007FF64916F07F]
	(No symbol) [0x00007FF649146F03]
	(No symbol) [0x00007FF649110328]
	(No symbol) [0x00007FF649111093]
	GetHandleVerifier [0x00007FF6495B7B6D+2931725]
	GetHandleVerifier [0x00007FF6495B2132+2908626]
	GetHandleVerifier [0x00007FF6495D00F3+3031443]
	GetHandleVerifier [0x00007FF6493191EA+184970]
	GetHandleVerifier [0x00007FF64932086F+215311]
	GetHandleVerifier [0x00007FF649306EC4+110436]
	GetHandleVerifier [0x00007FF649307072+110866]
	GetHandleVerifier [0x00007FF6492ED479+5401]
	BaseThreadInitThunk [0x00007FFCAAD3E8D7+23]
	RtlUserThreadStart [0x00007FFCAC3F14FC+44]

[2025-04-24 21:20:29] Message: stale element reference: stale element not found in the current frame
  (Session info: chrome=135.0.7049.115); For documentation on this error, please visit: https://www.selenium.dev/documentation/webdriver/troubleshooting/errors#stale-element-reference-exception
Stacktrace:
	GetHandleVerifier [0x00007FF6492FEFA5+77893]
	GetHandleVerifier [0x00007FF6492FF000+77984]
	(No symbol) [0x00007FF6490C91BA]
	(No symbol) [0x00007FF6490D0AEC]
	(No symbol) [0x00007FF6490D3B5C]
	(No symbol) [0x00007FF6490D3C2F]
	(No symbol) [0x00007FF64911EA17]
	(No symbol) [0x00007FF64911F41C]
	(No symbol) [0x00007FF649111B1C]
	(No symbol) [0x00007FF64914716F]
	(No symbol) [0x00007FF6491119E6]
	(No symbol) [0x00007FF649147340]
	(No symbol) [0x00007FF64916F07F]
	(No symbol) [0x00007FF649146F03]
	(No symbol) [0x00007FF649110328]
	(No symbol) [0x00007FF649111093]
	GetHandleVerifier [0x00007FF6495B7B6D+2931725]
	GetHandleVerifier [0x00007FF6495B2132+2908626]
	GetHandleVerifier [0x00007FF6495D00F3+3031443]
	GetHandleVerifier [0x00007FF6493191EA+184970]
	GetHandleVerifier [0x00007FF64932086F+215311]
	GetHandleVerifier [0x00007FF649306EC4+110436]
	GetHandleVerifier [0x00007FF649307072+110866]
	GetHandleVerifier [0x00007FF6492ED479+5401]
	BaseThreadInitThunk [0x00007FFCAAD3E8D7+23]
	RtlUserThreadStart [0x00007FFCAC3F14FC+44]

[2025-04-24 21:20:29] Message: stale element reference: stale element not found in the current frame
  (Session info: chrome=135.0.7049.115); For documentation on this error, please visit: https://www.selenium.dev/documentation/webdriver/troubleshooting/errors#stale-element-reference-exception
Stacktrace:
	GetHandleVerifier [0x00007FF6492FEFA5+77893]
	GetHandleVerifier [0x00007FF6492FF000+77984]
	(No symbol) [0x00007FF6490C91BA]
	(No symbol) [0x00007FF6490D0AEC]
	(No symbol) [0x00007FF6490D3B5C]
	(No symbol) [0x00007FF6490D3C2F]
	(No symbol) [0x00007FF64911EA17]
	(No symbol) [0x00007FF64911F41C]
	(No symbol) [0x00007FF649111B1C]
	(No symbol) [0x00007FF64914716F]
	(No symbol) [0x00007FF6491119E6]
	(No symbol) [0x00007FF649147340]
	(No symbol) [0x00007FF64916F07F]
	(No symbol) [0x00007FF649146F03]
	(No symbol) [0x00007FF649110328]
	(No symbol) [0x00007FF649111093]
	GetHandleVerifier [0x00007FF6495B7B6D+2931725]
	GetHandleVerifier [0x00007FF6495B2132+2908626]
	GetHandleVerifier [0x00007FF6495D00F3+3031443]
	GetHandleVerifier [0x00007FF6493191EA+184970]
	GetHandleVerifier [0x00007FF64932086F+215311]
	GetHandleVerifier [0x00007FF649306EC4+110436]
	GetHandleVerifier [0x00007FF649307072+110866]
	GetHandleVerifier [0x00007FF6492ED479+5401]
	BaseThreadInitThunk [0x00007FFCAAD3E8D7+23]
	RtlUserThreadStart [0x00007FFCAC3F14FC+44]

[2025-04-24 21:20:29] Message: stale element reference: stale element not found in the current frame
  (Session info: chrome=135.0.7049.115); For documentation on this error, please visit: https://www.selenium.dev/documentation/webdriver/troubleshooting/errors#stale-element-reference-exception
Stacktrace:
	GetHandleVerifier [0x00007FF6492FEFA5+77893]
	GetHandleVerifier [0x00007FF6492FF000+77984]
	(No symbol) [0x00007FF6490C91BA]
	(No symbol) [0x00007FF6490D0AEC]
	(No symbol) [0x00007FF6490D3B5C]
	(No symbol) [0x00007FF6490D3C2F]
	(No symbol) [0x00007FF64911EA17]
	(No symbol) [0x00007FF64911F41C]
	(No symbol) [0x00007FF649111B1C]
	(No symbol) [0x00007FF64914716F]
	(No symbol) [0x00007FF6491119E6]
	(No symbol) [0x00007FF649147340]
	(No symbol) [0x00007FF64916F07F]
	(No symbol) [0x00007FF649146F03]
	(No symbol) [0x00007FF649110328]
	(No symbol) [0x00007FF649111093]
	GetHandleVerifier [0x00007FF6495B7B6D+2931725]
	GetHandleVerifier [0x00007FF6495B2132+2908626]
	GetHandleVerifier [0x00007FF6495D00F3+3031443]
	GetHandleVerifier [0x00007FF6493191EA+184970]
	GetHandleVerifier [0x00007FF64932086F+215311]
	GetHandleVerifier [0x00007FF649306EC4+110436]
	GetHandleVerifier [0x00007FF649307072+110866]
	GetHandleVerifier [0x00007FF6492ED479+5401]
	BaseThreadInitThunk [0x00007FFCAAD3E8D7+23]
	RtlUserThreadStart [0x00007FFCAC3F14FC+44]

[2025-04-24 21:20:29] Message: stale element reference: stale element not found in the current frame
  (Session info: chrome=135.0.7049.115); For documentation on this error, please visit: https://www.selenium.dev/documentation/webdriver/troubleshooting/errors#stale-element-reference-exception
Stacktrace:
	GetHandleVerifier [0x00007FF6492FEFA5+77893]
	GetHandleVerifier [0x00007FF6492FF000+77984]
	(No symbol) [0x00007FF6490C91BA]
	(No symbol) [0x00007FF6490D0AEC]
	(No symbol) [0x00007FF6490D3B5C]
	(No symbol) [0x00007FF6490D3C2F]
	(No symbol) [0x00007FF64911EA17]
	(No symbol) [0x00007FF64911F41C]
	(No symbol) [0x00007FF649111B1C]
	(No symbol) [0x00007FF64914716F]
	(No symbol) [0x00007FF6491119E6]
	(No symbol) [0x00007FF649147340]
	(No symbol) [0x00007FF64916F07F]
	(No symbol) [0x00007FF649146F03]
	(No symbol) [0x00007FF649110328]
	(No symbol) [0x00007FF649111093]
	GetHandleVerifier [0x00007FF6495B7B6D+2931725]
	GetHandleVerifier [0x00007FF6495B2132+2908626]
	GetHandleVerifier [0x00007FF6495D00F3+3031443]
	GetHandleVerifier [0x00007FF6493191EA+184970]
	GetHandleVerifier [0x00007FF64932086F+215311]
	GetHandleVerifier [0x00007FF649306EC4+110436]
	GetHandleVerifier [0x00007FF649307072+110866]
	GetHandleVerifier [0x00007FF6492ED479+5401]
	BaseThreadInitThunk [0x00007FFCAAD3E8D7+23]
	RtlUserThreadStart [0x00007FFCAC3F14FC+44]

[2025-04-24 21:20:29] Message: stale element reference: stale element not found in the current frame
  (Session info: chrome=135.0.7049.115); For documentation on this error, please visit: https://www.selenium.dev/documentation/webdriver/troubleshooting/errors#stale-element-reference-exception
Stacktrace:
	GetHandleVerifier [0x00007FF6492FEFA5+77893]
	GetHandleVerifier [0x00007FF6492FF000+77984]
	(No symbol) [0x00007FF6490C91BA]
	(No symbol) [0x00007FF6490D0AEC]
	(No symbol) [0x00007FF6490D3B5C]
	(No symbol) [0x00007FF6490D3C2F]
	(No symbol) [0x00007FF64911EA17]
	(No symbol) [0x00007FF64911F41C]
	(No symbol) [0x00007FF649111B1C]
	(No symbol) [0x00007FF64914716F]
	(No symbol) [0x00007FF6491119E6]
	(No symbol) [0x00007FF649147340]
	(No symbol) [0x00007FF64916F07F]
	(No symbol) [0x00007FF649146F03]
	(No symbol) [0x00007FF649110328]
	(No symbol) [0x00007FF649111093]
	GetHandleVerifier [0x00007FF6495B7B6D+2931725]
	GetHandleVerifier [0x00007FF6495B2132+2908626]
	GetHandleVerifier [0x00007FF6495D00F3+3031443]
	GetHandleVerifier [0x00007FF6493191EA+184970]
	GetHandleVerifier [0x00007FF64932086F+215311]
	GetHandleVerifier [0x00007FF649306EC4+110436]
	GetHandleVerifier [0x00007FF649307072+110866]
	GetHandleVerifier [0x00007FF6492ED479+5401]
	BaseThreadInitThunk [0x00007FFCAAD3E8D7+23]
	RtlUserThreadStart [0x00007FFCAC3F14FC+44]

[2025-04-24 21:20:29] Message: stale element reference: stale element not found in the current frame
  (Session info: chrome=135.0.7049.115); For documentation on this error, please visit: https://www.selenium.dev/documentation/webdriver/troubleshooting/errors#stale-element-reference-exception
Stacktrace:
	GetHandleVerifier [0x00007FF6492FEFA5+77893]
	GetHandleVerifier [0x00007FF6492FF000+77984]
	(No symbol) [0x00007FF6490C91BA]
	(No symbol) [0x00007FF6490D0AEC]
	(No symbol) [0x00007FF6490D3B5C]
	(No symbol) [0x00007FF6490D3C2F]
	(No symbol) [0x00007FF64911EA17]
	(No symbol) [0x00007FF64911F41C]
	(No symbol) [0x00007FF649111B1C]
	(No symbol) [0x00007FF64914716F]
	(No symbol) [0x00007FF6491119E6]
	(No symbol) [0x00007FF649147340]
	(No symbol) [0x00007FF64916F07F]
	(No symbol) [0x00007FF649146F03]
	(No symbol) [0x00007FF649110328]
	(No symbol) [0x00007FF649111093]
	GetHandleVerifier [0x00007FF6495B7B6D+2931725]
	GetHandleVerifier [0x00007FF6495B2132+2908626]
	GetHandleVerifier [0x00007FF6495D00F3+3031443]
	GetHandleVerifier [0x00007FF6493191EA+184970]
	GetHandleVerifier [0x00007FF64932086F+215311]
	GetHandleVerifier [0x00007FF649306EC4+110436]
	GetHandleVerifier [0x00007FF649307072+110866]
	GetHandleVerifier [0x00007FF6492ED479+5401]
	BaseThreadInitThunk [0x00007FFCAAD3E8D7+23]
	RtlUserThreadStart [0x00007FFCAC3F14FC+44]

[2025-04-24 21:20:29] Message: stale element reference: stale element not found in the current frame
  (Session info: chrome=135.0.7049.115); For documentation on this error, please visit: https://www.selenium.dev/documentation/webdriver/troubleshooting/errors#stale-element-reference-exception
Stacktrace:
	GetHandleVerifier [0x00007FF6492FEFA5+77893]
	GetHandleVerifier [0x00007FF6492FF000+77984]
	(No symbol) [0x00007FF6490C91BA]
	(No symbol) [0x00007FF6490D0AEC]
	(No symbol) [0x00007FF6490D3B5C]
	(No symbol) [0x00007FF6490D3C2F]
	(No symbol) [0x00007FF64911EA17]
	(No symbol) [0x00007FF64911F41C]
	(No symbol) [0x00007FF649111B1C]
	(No symbol) [0x00007FF64914716F]
	(No symbol) [0x00007FF6491119E6]
	(No symbol) [0x00007FF649147340]
	(No symbol) [0x00007FF64916F07F]
	(No symbol) [0x00007FF649146F03]
	(No symbol) [0x00007FF649110328]
	(No symbol) [0x00007FF649111093]
	GetHandleVerifier [0x00007FF6495B7B6D+2931725]
	GetHandleVerifier [0x00007FF6495B2132+2908626]
	GetHandleVerifier [0x00007FF6495D00F3+3031443]
	GetHandleVerifier [0x00007FF6493191EA+184970]
	GetHandleVerifier [0x00007FF64932086F+215311]
	GetHandleVerifier [0x00007FF649306EC4+110436]
	GetHandleVerifier [0x00007FF649307072+110866]
	GetHandleVerifier [0x00007FF6492ED479+5401]
	BaseThreadInitThunk [0x00007FFCAAD3E8D7+23]
	RtlUserThreadStart [0x00007FFCAC3F14FC+44]

[2025-04-24 21:20:29] Message: stale element reference: stale element not found in the current frame
  (Session info: chrome=135.0.7049.115); For documentation on this error, please visit: https://www.selenium.dev/documentation/webdriver/troubleshooting/errors#stale-element-reference-exception
Stacktrace:
	GetHandleVerifier [0x00007FF6492FEFA5+77893]
	GetHandleVerifier [0x00007FF6492FF000+77984]
	(No symbol) [0x00007FF6490C91BA]
	(No symbol) [0x00007FF6490D0AEC]
	(No symbol) [0x00007FF6490D3B5C]
	(No symbol) [0x00007FF6490D3C2F]
	(No symbol) [0x00007FF64911EA17]
	(No symbol) [0x00007FF64911F41C]
	(No symbol) [0x00007FF649111B1C]
	(No symbol) [0x00007FF64914716F]
	(No symbol) [0x00007FF6491119E6]
	(No symbol) [0x00007FF649147340]
	(No symbol) [0x00007FF64916F07F]
	(No symbol) [0x00007FF649146F03]
	(No symbol) [0x00007FF649110328]
	(No symbol) [0x00007FF649111093]
	GetHandleVerifier [0x00007FF6495B7B6D+2931725]
	GetHandleVerifier [0x00007FF6495B2132+2908626]
	GetHandleVerifier [0x00007FF6495D00F3+3031443]
	GetHandleVerifier [0x00007FF6493191EA+184970]
	GetHandleVerifier [0x00007FF64932086F+215311]
	GetHandleVerifier [0x00007FF649306EC4+110436]
	GetHandleVerifier [0x00007FF649307072+110866]
	GetHandleVerifier [0x00007FF6492ED479+5401]
	BaseThreadInitThunk [0x00007FFCAAD3E8D7+23]
	RtlUserThreadStart [0x00007FFCAC3F14FC+44]

[2025-04-24 21:20:29] Message: stale element reference: stale element not found in the current frame
  (Session info: chrome=135.0.7049.115); For documentation on this error, please visit: https://www.selenium.dev/documentation/webdriver/troubleshooting/errors#stale-element-reference-exception
Stacktrace:
	GetHandleVerifier [0x00007FF6492FEFA5+77893]
	GetHandleVerifier [0x00007FF6492FF000+77984]
	(No symbol) [0x00007FF6490C91BA]
	(No symbol) [0x00007FF6490D0AEC]
	(No symbol) [0x00007FF6490D3B5C]
	(No symbol) [0x00007FF6490D3C2F]
	(No symbol) [0x00007FF64911EA17]
	(No symbol) [0x00007FF64911F41C]
	(No symbol) [0x00007FF649111B1C]
	(No symbol) [0x00007FF64914716F]
	(No symbol) [0x00007FF6491119E6]
	(No symbol) [0x00007FF649147340]
	(No symbol) [0x00007FF64916F07F]
	(No symbol) [0x00007FF649146F03]
	(No symbol) [0x00007FF649110328]
	(No symbol) [0x00007FF649111093]
	GetHandleVerifier [0x00007FF6495B7B6D+2931725]
	GetHandleVerifier [0x00007FF6495B2132+2908626]
	GetHandleVerifier [0x00007FF6495D00F3+3031443]
	GetHandleVerifier [0x00007FF6493191EA+184970]
	GetHandleVerifier [0x00007FF64932086F+215311]
	GetHandleVerifier [0x00007FF649306EC4+110436]
	GetHandleVerifier [0x00007FF649307072+110866]
	GetHandleVerifier [0x00007FF6492ED479+5401]
	BaseThreadInitThunk [0x00007FFCAAD3E8D7+23]
	RtlUserThreadStart [0x00007FFCAC3F14FC+44]

[2025-04-24 21:20:29] Message: stale element reference: stale element not found in the current frame
  (Session info: chrome=135.0.7049.115); For documentation on this error, please visit: https://www.selenium.dev/documentation/webdriver/troubleshooting/errors#stale-element-reference-exception
Stacktrace:
	GetHandleVerifier [0x00007FF6492FEFA5+77893]
	GetHandleVerifier [0x00007FF6492FF000+77984]
	(No symbol) [0x00007FF6490C91BA]
	(No symbol) [0x00007FF6490D0AEC]
	(No symbol) [0x00007FF6490D3B5C]
	(No symbol) [0x00007FF6490D3C2F]
	(No symbol) [0x00007FF64911EA17]
	(No symbol) [0x00007FF64911F41C]
	(No symbol) [0x00007FF649111B1C]
	(No symbol) [0x00007FF64914716F]
	(No symbol) [0x00007FF6491119E6]
	(No symbol) [0x00007FF649147340]
	(No symbol) [0x00007FF64916F07F]
	(No symbol) [0x00007FF649146F03]
	(No symbol) [0x00007FF649110328]
	(No symbol) [0x00007FF649111093]
	GetHandleVerifier [0x00007FF6495B7B6D+2931725]
	GetHandleVerifier [0x00007FF6495B2132+2908626]
	GetHandleVerifier [0x00007FF6495D00F3+3031443]
	GetHandleVerifier [0x00007FF6493191EA+184970]
	GetHandleVerifier [0x00007FF64932086F+215311]
	GetHandleVerifier [0x00007FF649306EC4+110436]
	GetHandleVerifier [0x00007FF649307072+110866]
	GetHandleVerifier [0x00007FF6492ED479+5401]
	BaseThreadInitThunk [0x00007FFCAAD3E8D7+23]
	RtlUserThreadStart [0x00007FFCAC3F14FC+44]

[2025-04-24 21:20:29] Message: stale element reference: stale element not found in the current frame
  (Session info: chrome=135.0.7049.115); For documentation on this error, please visit: https://www.selenium.dev/documentation/webdriver/troubleshooting/errors#stale-element-reference-exception
Stacktrace:
	GetHandleVerifier [0x00007FF6492FEFA5+77893]
	GetHandleVerifier [0x00007FF6492FF000+77984]
	(No symbol) [0x00007FF6490C91BA]
	(No symbol) [0x00007FF6490D0AEC]
	(No symbol) [0x00007FF6490D3B5C]
	(No symbol) [0x00007FF6490D3C2F]
	(No symbol) [0x00007FF64911EA17]
	(No symbol) [0x00007FF64911F41C]
	(No symbol) [0x00007FF649111B1C]
	(No symbol) [0x00007FF64914716F]
	(No symbol) [0x00007FF6491119E6]
	(No symbol) [0x00007FF649147340]
	(No symbol) [0x00007FF64916F07F]
	(No symbol) [0x00007FF649146F03]
	(No symbol) [0x00007FF649110328]
	(No symbol) [0x00007FF649111093]
	GetHandleVerifier [0x00007FF6495B7B6D+2931725]
	GetHandleVerifier [0x00007FF6495B2132+2908626]
	GetHandleVerifier [0x00007FF6495D00F3+3031443]
	GetHandleVerifier [0x00007FF6493191EA+184970]
	GetHandleVerifier [0x00007FF64932086F+215311]
	GetHandleVerifier [0x00007FF649306EC4+110436]
	GetHandleVerifier [0x00007FF649307072+110866]
	GetHandleVerifier [0x00007FF6492ED479+5401]
	BaseThreadInitThunk [0x00007FFCAAD3E8D7+23]
	RtlUserThreadStart [0x00007FFCAC3F14FC+44]

[2025-04-24 21:20:29] Message: stale element reference: stale element not found in the current frame
  (Session info: chrome=135.0.7049.115); For documentation on this error, please visit: https://www.selenium.dev/documentation/webdriver/troubleshooting/errors#stale-element-reference-exception
Stacktrace:
	GetHandleVerifier [0x00007FF6492FEFA5+77893]
	GetHandleVerifier [0x00007FF6492FF000+77984]
	(No symbol) [0x00007FF6490C91BA]
	(No symbol) [0x00007FF6490D0AEC]
	(No symbol) [0x00007FF6490D3B5C]
	(No symbol) [0x00007FF6490D3C2F]
	(No symbol) [0x00007FF64911EA17]
	(No symbol) [0x00007FF64911F41C]
	(No symbol) [0x00007FF649111B1C]
	(No symbol) [0x00007FF64914716F]
	(No symbol) [0x00007FF6491119E6]
	(No symbol) [0x00007FF649147340]
	(No symbol) [0x00007FF64916F07F]
	(No symbol) [0x00007FF649146F03]
	(No symbol) [0x00007FF649110328]
	(No symbol) [0x00007FF649111093]
	GetHandleVerifier [0x00007FF6495B7B6D+2931725]
	GetHandleVerifier [0x00007FF6495B2132+2908626]
	GetHandleVerifier [0x00007FF6495D00F3+3031443]
	GetHandleVerifier [0x00007FF6493191EA+184970]
	GetHandleVerifier [0x00007FF64932086F+215311]
	GetHandleVerifier [0x00007FF649306EC4+110436]
	GetHandleVerifier [0x00007FF649307072+110866]
	GetHandleVerifier [0x00007FF6492ED479+5401]
	BaseThreadInitThunk [0x00007FFCAAD3E8D7+23]
	RtlUserThreadStart [0x00007FFCAC3F14FC+44]

[2025-04-24 21:20:29] Message: stale element reference: stale element not found in the current frame
  (Session info: chrome=135.0.7049.115); For documentation on this error, please visit: https://www.selenium.dev/documentation/webdriver/troubleshooting/errors#stale-element-reference-exception
Stacktrace:
	GetHandleVerifier [0x00007FF6492FEFA5+77893]
	GetHandleVerifier [0x00007FF6492FF000+77984]
	(No symbol) [0x00007FF6490C91BA]
	(No symbol) [0x00007FF6490D0AEC]
	(No symbol) [0x00007FF6490D3B5C]
	(No symbol) [0x00007FF6490D3C2F]
	(No symbol) [0x00007FF64911EA17]
	(No symbol) [0x00007FF64911F41C]
	(No symbol) [0x00007FF649111B1C]
	(No symbol) [0x00007FF64914716F]
	(No symbol) [0x00007FF6491119E6]
	(No symbol) [0x00007FF649147340]
	(No symbol) [0x00007FF64916F07F]
	(No symbol) [0x00007FF649146F03]
	(No symbol) [0x00007FF649110328]
	(No symbol) [0x00007FF649111093]
	GetHandleVerifier [0x00007FF6495B7B6D+2931725]
	GetHandleVerifier [0x00007FF6495B2132+2908626]
	GetHandleVerifier [0x00007FF6495D00F3+3031443]
	GetHandleVerifier [0x00007FF6493191EA+184970]
	GetHandleVerifier [0x00007FF64932086F+215311]
	GetHandleVerifier [0x00007FF649306EC4+110436]
	GetHandleVerifier [0x00007FF649307072+110866]
	GetHandleVerifier [0x00007FF6492ED479+5401]
	BaseThreadInitThunk [0x00007FFCAAD3E8D7+23]
	RtlUserThreadStart [0x00007FFCAC3F14FC+44]

[2025-04-24 21:20:29] Message: stale element reference: stale element not found in the current frame
  (Session info: chrome=135.0.7049.115); For documentation on this error, please visit: https://www.selenium.dev/documentation/webdriver/troubleshooting/errors#stale-element-reference-exception
Stacktrace:
	GetHandleVerifier [0x00007FF6492FEFA5+77893]
	GetHandleVerifier [0x00007FF6492FF000+77984]
	(No symbol) [0x00007FF6490C91BA]
	(No symbol) [0x00007FF6490D0AEC]
	(No symbol) [0x00007FF6490D3B5C]
	(No symbol) [0x00007FF6490D3C2F]
	(No symbol) [0x00007FF64911EA17]
	(No symbol) [0x00007FF64911F41C]
	(No symbol) [0x00007FF649111B1C]
	(No symbol) [0x00007FF64914716F]
	(No symbol) [0x00007FF6491119E6]
	(No symbol) [0x00007FF649147340]
	(No symbol) [0x00007FF64916F07F]
	(No symbol) [0x00007FF649146F03]
	(No symbol) [0x00007FF649110328]
	(No symbol) [0x00007FF649111093]
	GetHandleVerifier [0x00007FF6495B7B6D+2931725]
	GetHandleVerifier [0x00007FF6495B2132+2908626]
	GetHandleVerifier [0x00007FF6495D00F3+3031443]
	GetHandleVerifier [0x00007FF6493191EA+184970]
	GetHandleVerifier [0x00007FF64932086F+215311]
	GetHandleVerifier [0x00007FF649306EC4+110436]
	GetHandleVerifier [0x00007FF649307072+110866]
	GetHandleVerifier [0x00007FF6492ED479+5401]
	BaseThreadInitThunk [0x00007FFCAAD3E8D7+23]
	RtlUserThreadStart [0x00007FFCAC3F14FC+44]

[2025-04-24 21:20:29] Message: stale element reference: stale element not found in the current frame
  (Session info: chrome=135.0.7049.115); For documentation on this error, please visit: https://www.selenium.dev/documentation/webdriver/troubleshooting/errors#stale-element-reference-exception
Stacktrace:
	GetHandleVerifier [0x00007FF6492FEFA5+77893]
	GetHandleVerifier [0x00007FF6492FF000+77984]
	(No symbol) [0x00007FF6490C91BA]
	(No symbol) [0x00007FF6490D0AEC]
	(No symbol) [0x00007FF6490D3B5C]
	(No symbol) [0x00007FF6490D3C2F]
	(No symbol) [0x00007FF64911EA17]
	(No symbol) [0x00007FF64911F41C]
	(No symbol) [0x00007FF649111B1C]
	(No symbol) [0x00007FF64914716F]
	(No symbol) [0x00007FF6491119E6]
	(No symbol) [0x00007FF649147340]
	(No symbol) [0x00007FF64916F07F]
	(No symbol) [0x00007FF649146F03]
	(No symbol) [0x00007FF649110328]
	(No symbol) [0x00007FF649111093]
	GetHandleVerifier [0x00007FF6495B7B6D+2931725]
	GetHandleVerifier [0x00007FF6495B2132+2908626]
	GetHandleVerifier [0x00007FF6495D00F3+3031443]
	GetHandleVerifier [0x00007FF6493191EA+184970]
	GetHandleVerifier [0x00007FF64932086F+215311]
	GetHandleVerifier [0x00007FF649306EC4+110436]
	GetHandleVerifier [0x00007FF649307072+110866]
	GetHandleVerifier [0x00007FF6492ED479+5401]
	BaseThreadInitThunk [0x00007FFCAAD3E8D7+23]
	RtlUserThreadStart [0x00007FFCAC3F14FC+44]

[2025-04-24 21:20:29] Message: stale element reference: stale element not found in the current frame
  (Session info: chrome=135.0.7049.115); For documentation on this error, please visit: https://www.selenium.dev/documentation/webdriver/troubleshooting/errors#stale-element-reference-exception
Stacktrace:
	GetHandleVerifier [0x00007FF6492FEFA5+77893]
	GetHandleVerifier [0x00007FF6492FF000+77984]
	(No symbol) [0x00007FF6490C91BA]
	(No symbol) [0x00007FF6490D0AEC]
	(No symbol) [0x00007FF6490D3B5C]
	(No symbol) [0x00007FF6490D3C2F]
	(No symbol) [0x00007FF64911EA17]
	(No symbol) [0x00007FF64911F41C]
	(No symbol) [0x00007FF649111B1C]
	(No symbol) [0x00007FF64914716F]
	(No symbol) [0x00007FF6491119E6]
	(No symbol) [0x00007FF649147340]
	(No symbol) [0x00007FF64916F07F]
	(No symbol) [0x00007FF649146F03]
	(No symbol) [0x00007FF649110328]
	(No symbol) [0x00007FF649111093]
	GetHandleVerifier [0x00007FF6495B7B6D+2931725]
	GetHandleVerifier [0x00007FF6495B2132+2908626]
	GetHandleVerifier [0x00007FF6495D00F3+3031443]
	GetHandleVerifier [0x00007FF6493191EA+184970]
	GetHandleVerifier [0x00007FF64932086F+215311]
	GetHandleVerifier [0x00007FF649306EC4+110436]
	GetHandleVerifier [0x00007FF649307072+110866]
	GetHandleVerifier [0x00007FF6492ED479+5401]
	BaseThreadInitThunk [0x00007FFCAAD3E8D7+23]
	RtlUserThreadStart [0x00007FFCAC3F14FC+44]

[2025-04-24 21:20:29] Message: stale element reference: stale element not found in the current frame
  (Session info: chrome=135.0.7049.115); For documentation on this error, please visit: https://www.selenium.dev/documentation/webdriver/troubleshooting/errors#stale-element-reference-exception
Stacktrace:
	GetHandleVerifier [0x00007FF6492FEFA5+77893]
	GetHandleVerifier [0x00007FF6492FF000+77984]
	(No symbol) [0x00007FF6490C91BA]
	(No symbol) [0x00007FF6490D0AEC]
	(No symbol) [0x00007FF6490D3B5C]
	(No symbol) [0x00007FF6490D3C2F]
	(No symbol) [0x00007FF64911EA17]
	(No symbol) [0x00007FF64911F41C]
	(No symbol) [0x00007FF649111B1C]
	(No symbol) [0x00007FF64914716F]
	(No symbol) [0x00007FF6491119E6]
	(No symbol) [0x00007FF649147340]
	(No symbol) [0x00007FF64916F07F]
	(No symbol) [0x00007FF649146F03]
	(No symbol) [0x00007FF649110328]
	(No symbol) [0x00007FF649111093]
	GetHandleVerifier [0x00007FF6495B7B6D+2931725]
	GetHandleVerifier [0x00007FF6495B2132+2908626]
	GetHandleVerifier [0x00007FF6495D00F3+3031443]
	GetHandleVerifier [0x00007FF6493191EA+184970]
	GetHandleVerifier [0x00007FF64932086F+215311]
	GetHandleVerifier [0x00007FF649306EC4+110436]
	GetHandleVerifier [0x00007FF649307072+110866]
	GetHandleVerifier [0x00007FF6492ED479+5401]
	BaseThreadInitThunk [0x00007FFCAAD3E8D7+23]
	RtlUserThreadStart [0x00007FFCAC3F14FC+44]

[2025-04-24 21:20:29] Message: stale element reference: stale element not found in the current frame
  (Session info: chrome=135.0.7049.115); For documentation on this error, please visit: https://www.selenium.dev/documentation/webdriver/troubleshooting/errors#stale-element-reference-exception
Stacktrace:
	GetHandleVerifier [0x00007FF6492FEFA5+77893]
	GetHandleVerifier [0x00007FF6492FF000+77984]
	(No symbol) [0x00007FF6490C91BA]
	(No symbol) [0x00007FF6490D0AEC]
	(No symbol) [0x00007FF6490D3B5C]
	(No symbol) [0x00007FF6490D3C2F]
	(No symbol) [0x00007FF64911EA17]
	(No symbol) [0x00007FF64911F41C]
	(No symbol) [0x00007FF649111B1C]
	(No symbol) [0x00007FF64914716F]
	(No symbol) [0x00007FF6491119E6]
	(No symbol) [0x00007FF649147340]
	(No symbol) [0x00007FF64916F07F]
	(No symbol) [0x00007FF649146F03]
	(No symbol) [0x00007FF649110328]
	(No symbol) [0x00007FF649111093]
	GetHandleVerifier [0x00007FF6495B7B6D+2931725]
	GetHandleVerifier [0x00007FF6495B2132+2908626]
	GetHandleVerifier [0x00007FF6495D00F3+3031443]
	GetHandleVerifier [0x00007FF6493191EA+184970]
	GetHandleVerifier [0x00007FF64932086F+215311]
	GetHandleVerifier [0x00007FF649306EC4+110436]
	GetHandleVerifier [0x00007FF649307072+110866]
	GetHandleVerifier [0x00007FF6492ED479+5401]
	BaseThreadInitThunk [0x00007FFCAAD3E8D7+23]
	RtlUserThreadStart [0x00007FFCAC3F14FC+44]

[2025-04-24 21:20:29] Message: stale element reference: stale element not found in the current frame
  (Session info: chrome=135.0.7049.115); For documentation on this error, please visit: https://www.selenium.dev/documentation/webdriver/troubleshooting/errors#stale-element-reference-exception
Stacktrace:
	GetHandleVerifier [0x00007FF6492FEFA5+77893]
	GetHandleVerifier [0x00007FF6492FF000+77984]
	(No symbol) [0x00007FF6490C91BA]
	(No symbol) [0x00007FF6490D0AEC]
	(No symbol) [0x00007FF6490D3B5C]
	(No symbol) [0x00007FF6490D3C2F]
	(No symbol) [0x00007FF64911EA17]
	(No symbol) [0x00007FF64911F41C]
	(No symbol) [0x00007FF649111B1C]
	(No symbol) [0x00007FF64914716F]
	(No symbol) [0x00007FF6491119E6]
	(No symbol) [0x00007FF649147340]
	(No symbol) [0x00007FF64916F07F]
	(No symbol) [0x00007FF649146F03]
	(No symbol) [0x00007FF649110328]
	(No symbol) [0x00007FF649111093]
	GetHandleVerifier [0x00007FF6495B7B6D+2931725]
	GetHandleVerifier [0x00007FF6495B2132+2908626]
	GetHandleVerifier [0x00007FF6495D00F3+3031443]
	GetHandleVerifier [0x00007FF6493191EA+184970]
	GetHandleVerifier [0x00007FF64932086F+215311]
	GetHandleVerifier [0x00007FF649306EC4+110436]
	GetHandleVerifier [0x00007FF649307072+110866]
	GetHandleVerifier [0x00007FF6492ED479+5401]
	BaseThreadInitThunk [0x00007FFCAAD3E8D7+23]
	RtlUserThreadStart [0x00007FFCAC3F14FC+44]

[2025-04-24 21:20:29] Message: stale element reference: stale element not found in the current frame
  (Session info: chrome=135.0.7049.115); For documentation on this error, please visit: https://www.selenium.dev/documentation/webdriver/troubleshooting/errors#stale-element-reference-exception
Stacktrace:
	GetHandleVerifier [0x00007FF6492FEFA5+77893]
	GetHandleVerifier [0x00007FF6492FF000+77984]
	(No symbol) [0x00007FF6490C91BA]
	(No symbol) [0x00007FF6490D0AEC]
	(No symbol) [0x00007FF6490D3B5C]
	(No symbol) [0x00007FF6490D3C2F]
	(No symbol) [0x00007FF64911EA17]
	(No symbol) [0x00007FF64911F41C]
	(No symbol) [0x00007FF649111B1C]
	(No symbol) [0x00007FF64914716F]
	(No symbol) [0x00007FF6491119E6]
	(No symbol) [0x00007FF649147340]
	(No symbol) [0x00007FF64916F07F]
	(No symbol) [0x00007FF649146F03]
	(No symbol) [0x00007FF649110328]
	(No symbol) [0x00007FF649111093]
	GetHandleVerifier [0x00007FF6495B7B6D+2931725]
	GetHandleVerifier [0x00007FF6495B2132+2908626]
	GetHandleVerifier [0x00007FF6495D00F3+3031443]
	GetHandleVerifier [0x00007FF6493191EA+184970]
	GetHandleVerifier [0x00007FF64932086F+215311]
	GetHandleVerifier [0x00007FF649306EC4+110436]
	GetHandleVerifier [0x00007FF649307072+110866]
	GetHandleVerifier [0x00007FF6492ED479+5401]
	BaseThreadInitThunk [0x00007FFCAAD3E8D7+23]
	RtlUserThreadStart [0x00007FFCAC3F14FC+44]

[2025-04-24 21:20:29] Message: stale element reference: stale element not found in the current frame
  (Session info: chrome=135.0.7049.115); For documentation on this error, please visit: https://www.selenium.dev/documentation/webdriver/troubleshooting/errors#stale-element-reference-exception
Stacktrace:
	GetHandleVerifier [0x00007FF6492FEFA5+77893]
	GetHandleVerifier [0x00007FF6492FF000+77984]
	(No symbol) [0x00007FF6490C91BA]
	(No symbol) [0x00007FF6490D0AEC]
	(No symbol) [0x00007FF6490D3B5C]
	(No symbol) [0x00007FF6490D3C2F]
	(No symbol) [0x00007FF64911EA17]
	(No symbol) [0x00007FF64911F41C]
	(No symbol) [0x00007FF649111B1C]
	(No symbol) [0x00007FF64914716F]
	(No symbol) [0x00007FF6491119E6]
	(No symbol) [0x00007FF649147340]
	(No symbol) [0x00007FF64916F07F]
	(No symbol) [0x00007FF649146F03]
	(No symbol) [0x00007FF649110328]
	(No symbol) [0x00007FF649111093]
	GetHandleVerifier [0x00007FF6495B7B6D+2931725]
	GetHandleVerifier [0x00007FF6495B2132+2908626]
	GetHandleVerifier [0x00007FF6495D00F3+3031443]
	GetHandleVerifier [0x00007FF6493191EA+184970]
	GetHandleVerifier [0x00007FF64932086F+215311]
	GetHandleVerifier [0x00007FF649306EC4+110436]
	GetHandleVerifier [0x00007FF649307072+110866]
	GetHandleVerifier [0x00007FF6492ED479+5401]
	BaseThreadInitThunk [0x00007FFCAAD3E8D7+23]
	RtlUserThreadStart [0x00007FFCAC3F14FC+44]

[2025-04-24 21:20:29] Message: stale element reference: stale element not found in the current frame
  (Session info: chrome=135.0.7049.115); For documentation on this error, please visit: https://www.selenium.dev/documentation/webdriver/troubleshooting/errors#stale-element-reference-exception
Stacktrace:
	GetHandleVerifier [0x00007FF6492FEFA5+77893]
	GetHandleVerifier [0x00007FF6492FF000+77984]
	(No symbol) [0x00007FF6490C91BA]
	(No symbol) [0x00007FF6490D0AEC]
	(No symbol) [0x00007FF6490D3B5C]
	(No symbol) [0x00007FF6490D3C2F]
	(No symbol) [0x00007FF64911EA17]
	(No symbol) [0x00007FF64911F41C]
	(No symbol) [0x00007FF649111B1C]
	(No symbol) [0x00007FF64914716F]
	(No symbol) [0x00007FF6491119E6]
	(No symbol) [0x00007FF649147340]
	(No symbol) [0x00007FF64916F07F]
	(No symbol) [0x00007FF649146F03]
	(No symbol) [0x00007FF649110328]
	(No symbol) [0x00007FF649111093]
	GetHandleVerifier [0x00007FF6495B7B6D+2931725]
	GetHandleVerifier [0x00007FF6495B2132+2908626]
	GetHandleVerifier [0x00007FF6495D00F3+3031443]
	GetHandleVerifier [0x00007FF6493191EA+184970]
	GetHandleVerifier [0x00007FF64932086F+215311]
	GetHandleVerifier [0x00007FF649306EC4+110436]
	GetHandleVerifier [0x00007FF649307072+110866]
	GetHandleVerifier [0x00007FF6492ED479+5401]
	BaseThreadInitThunk [0x00007FFCAAD3E8D7+23]
	RtlUserThreadStart [0x00007FFCAC3F14FC+44]

[2025-04-24 21:20:29] Message: stale element reference: stale element not found in the current frame
  (Session info: chrome=135.0.7049.115); For documentation on this error, please visit: https://www.selenium.dev/documentation/webdriver/troubleshooting/errors#stale-element-reference-exception
Stacktrace:
	GetHandleVerifier [0x00007FF6492FEFA5+77893]
	GetHandleVerifier [0x00007FF6492FF000+77984]
	(No symbol) [0x00007FF6490C91BA]
	(No symbol) [0x00007FF6490D0AEC]
	(No symbol) [0x00007FF6490D3B5C]
	(No symbol) [0x00007FF6490D3C2F]
	(No symbol) [0x00007FF64911EA17]
	(No symbol) [0x00007FF64911F41C]
	(No symbol) [0x00007FF649111B1C]
	(No symbol) [0x00007FF64914716F]
	(No symbol) [0x00007FF6491119E6]
	(No symbol) [0x00007FF649147340]
	(No symbol) [0x00007FF64916F07F]
	(No symbol) [0x00007FF649146F03]
	(No symbol) [0x00007FF649110328]
	(No symbol) [0x00007FF649111093]
	GetHandleVerifier [0x00007FF6495B7B6D+2931725]
	GetHandleVerifier [0x00007FF6495B2132+2908626]
	GetHandleVerifier [0x00007FF6495D00F3+3031443]
	GetHandleVerifier [0x00007FF6493191EA+184970]
	GetHandleVerifier [0x00007FF64932086F+215311]
	GetHandleVerifier [0x00007FF649306EC4+110436]
	GetHandleVerifier [0x00007FF649307072+110866]
	GetHandleVerifier [0x00007FF6492ED479+5401]
	BaseThreadInitThunk [0x00007FFCAAD3E8D7+23]
	RtlUserThreadStart [0x00007FFCAC3F14FC+44]

[2025-04-24 21:20:29] Message: stale element reference: stale element not found in the current frame
  (Session info: chrome=135.0.7049.115); For documentation on this error, please visit: https://www.selenium.dev/documentation/webdriver/troubleshooting/errors#stale-element-reference-exception
Stacktrace:
	GetHandleVerifier [0x00007FF6492FEFA5+77893]
	GetHandleVerifier [0x00007FF6492FF000+77984]
	(No symbol) [0x00007FF6490C91BA]
	(No symbol) [0x00007FF6490D0AEC]
	(No symbol) [0x00007FF6490D3B5C]
	(No symbol) [0x00007FF6490D3C2F]
	(No symbol) [0x00007FF64911EA17]
	(No symbol) [0x00007FF64911F41C]
	(No symbol) [0x00007FF649111B1C]
	(No symbol) [0x00007FF64914716F]
	(No symbol) [0x00007FF6491119E6]
	(No symbol) [0x00007FF649147340]
	(No symbol) [0x00007FF64916F07F]
	(No symbol) [0x00007FF649146F03]
	(No symbol) [0x00007FF649110328]
	(No symbol) [0x00007FF649111093]
	GetHandleVerifier [0x00007FF6495B7B6D+2931725]
	GetHandleVerifier [0x00007FF6495B2132+2908626]
	GetHandleVerifier [0x00007FF6495D00F3+3031443]
	GetHandleVerifier [0x00007FF6493191EA+184970]
	GetHandleVerifier [0x00007FF64932086F+215311]
	GetHandleVerifier [0x00007FF649306EC4+110436]
	GetHandleVerifier [0x00007FF649307072+110866]
	GetHandleVerifier [0x00007FF6492ED479+5401]
	BaseThreadInitThunk [0x00007FFCAAD3E8D7+23]
	RtlUserThreadStart [0x00007FFCAC3F14FC+44]

[2025-04-24 21:20:29] Message: stale element reference: stale element not found in the current frame
  (Session info: chrome=135.0.7049.115); For documentation on this error, please visit: https://www.selenium.dev/documentation/webdriver/troubleshooting/errors#stale-element-reference-exception
Stacktrace:
	GetHandleVerifier [0x00007FF6492FEFA5+77893]
	GetHandleVerifier [0x00007FF6492FF000+77984]
	(No symbol) [0x00007FF6490C91BA]
	(No symbol) [0x00007FF6490D0AEC]
	(No symbol) [0x00007FF6490D3B5C]
	(No symbol) [0x00007FF6490D3C2F]
	(No symbol) [0x00007FF64911EA17]
	(No symbol) [0x00007FF64911F41C]
	(No symbol) [0x00007FF649111B1C]
	(No symbol) [0x00007FF64914716F]
	(No symbol) [0x00007FF6491119E6]
	(No symbol) [0x00007FF649147340]
	(No symbol) [0x00007FF64916F07F]
	(No symbol) [0x00007FF649146F03]
	(No symbol) [0x00007FF649110328]
	(No symbol) [0x00007FF649111093]
	GetHandleVerifier [0x00007FF6495B7B6D+2931725]
	GetHandleVerifier [0x00007FF6495B2132+2908626]
	GetHandleVerifier [0x00007FF6495D00F3+3031443]
	GetHandleVerifier [0x00007FF6493191EA+184970]
	GetHandleVerifier [0x00007FF64932086F+215311]
	GetHandleVerifier [0x00007FF649306EC4+110436]
	GetHandleVerifier [0x00007FF649307072+110866]
	GetHandleVerifier [0x00007FF6492ED479+5401]
	BaseThreadInitThunk [0x00007FFCAAD3E8D7+23]
	RtlUserThreadStart [0x00007FFCAC3F14FC+44]

[2025-04-24 21:20:29] Message: stale element reference: stale element not found in the current frame
  (Session info: chrome=135.0.7049.115); For documentation on this error, please visit: https://www.selenium.dev/documentation/webdriver/troubleshooting/errors#stale-element-reference-exception
Stacktrace:
	GetHandleVerifier [0x00007FF6492FEFA5+77893]
	GetHandleVerifier [0x00007FF6492FF000+77984]
	(No symbol) [0x00007FF6490C91BA]
	(No symbol) [0x00007FF6490D0AEC]
	(No symbol) [0x00007FF6490D3B5C]
	(No symbol) [0x00007FF6490D3C2F]
	(No symbol) [0x00007FF64911EA17]
	(No symbol) [0x00007FF64911F41C]
	(No symbol) [0x00007FF649111B1C]
	(No symbol) [0x00007FF64914716F]
	(No symbol) [0x00007FF6491119E6]
	(No symbol) [0x00007FF649147340]
	(No symbol) [0x00007FF64916F07F]
	(No symbol) [0x00007FF649146F03]
	(No symbol) [0x00007FF649110328]
	(No symbol) [0x00007FF649111093]
	GetHandleVerifier [0x00007FF6495B7B6D+2931725]
	GetHandleVerifier [0x00007FF6495B2132+2908626]
	GetHandleVerifier [0x00007FF6495D00F3+3031443]
	GetHandleVerifier [0x00007FF6493191EA+184970]
	GetHandleVerifier [0x00007FF64932086F+215311]
	GetHandleVerifier [0x00007FF649306EC4+110436]
	GetHandleVerifier [0x00007FF649307072+110866]
	GetHandleVerifier [0x00007FF6492ED479+5401]
	BaseThreadInitThunk [0x00007FFCAAD3E8D7+23]
	RtlUserThreadStart [0x00007FFCAC3F14FC+44]

[2025-04-24 21:20:29] Message: stale element reference: stale element not found in the current frame
  (Session info: chrome=135.0.7049.115); For documentation on this error, please visit: https://www.selenium.dev/documentation/webdriver/troubleshooting/errors#stale-element-reference-exception
Stacktrace:
	GetHandleVerifier [0x00007FF6492FEFA5+77893]
	GetHandleVerifier [0x00007FF6492FF000+77984]
	(No symbol) [0x00007FF6490C91BA]
	(No symbol) [0x00007FF6490D0AEC]
	(No symbol) [0x00007FF6490D3B5C]
	(No symbol) [0x00007FF6490D3C2F]
	(No symbol) [0x00007FF64911EA17]
	(No symbol) [0x00007FF64911F41C]
	(No symbol) [0x00007FF649111B1C]
	(No symbol) [0x00007FF64914716F]
	(No symbol) [0x00007FF6491119E6]
	(No symbol) [0x00007FF649147340]
	(No symbol) [0x00007FF64916F07F]
	(No symbol) [0x00007FF649146F03]
	(No symbol) [0x00007FF649110328]
	(No symbol) [0x00007FF649111093]
	GetHandleVerifier [0x00007FF6495B7B6D+2931725]
	GetHandleVerifier [0x00007FF6495B2132+2908626]
	GetHandleVerifier [0x00007FF6495D00F3+3031443]
	GetHandleVerifier [0x00007FF6493191EA+184970]
	GetHandleVerifier [0x00007FF64932086F+215311]
	GetHandleVerifier [0x00007FF649306EC4+110436]
	GetHandleVerifier [0x00007FF649307072+110866]
	GetHandleVerifier [0x00007FF6492ED479+5401]
	BaseThreadInitThunk [0x00007FFCAAD3E8D7+23]
	RtlUserThreadStart [0x00007FFCAC3F14FC+44]

[2025-04-24 21:20:29] Message: stale element reference: stale element not found in the current frame
  (Session info: chrome=135.0.7049.115); For documentation on this error, please visit: https://www.selenium.dev/documentation/webdriver/troubleshooting/errors#stale-element-reference-exception
Stacktrace:
	GetHandleVerifier [0x00007FF6492FEFA5+77893]
	GetHandleVerifier [0x00007FF6492FF000+77984]
	(No symbol) [0x00007FF6490C91BA]
	(No symbol) [0x00007FF6490D0AEC]
	(No symbol) [0x00007FF6490D3B5C]
	(No symbol) [0x00007FF6490D3C2F]
	(No symbol) [0x00007FF64911EA17]
	(No symbol) [0x00007FF64911F41C]
	(No symbol) [0x00007FF649111B1C]
	(No symbol) [0x00007FF64914716F]
	(No symbol) [0x00007FF6491119E6]
	(No symbol) [0x00007FF649147340]
	(No symbol) [0x00007FF64916F07F]
	(No symbol) [0x00007FF649146F03]
	(No symbol) [0x00007FF649110328]
	(No symbol) [0x00007FF649111093]
	GetHandleVerifier [0x00007FF6495B7B6D+2931725]
	GetHandleVerifier [0x00007FF6495B2132+2908626]
	GetHandleVerifier [0x00007FF6495D00F3+3031443]
	GetHandleVerifier [0x00007FF6493191EA+184970]
	GetHandleVerifier [0x00007FF64932086F+215311]
	GetHandleVerifier [0x00007FF649306EC4+110436]
	GetHandleVerifier [0x00007FF649307072+110866]
	GetHandleVerifier [0x00007FF6492ED479+5401]
	BaseThreadInitThunk [0x00007FFCAAD3E8D7+23]
	RtlUserThreadStart [0x00007FFCAC3F14FC+44]

[2025-04-24 21:20:29] Message: stale element reference: stale element not found in the current frame
  (Session info: chrome=135.0.7049.115); For documentation on this error, please visit: https://www.selenium.dev/documentation/webdriver/troubleshooting/errors#stale-element-reference-exception
Stacktrace:
	GetHandleVerifier [0x00007FF6492FEFA5+77893]
	GetHandleVerifier [0x00007FF6492FF000+77984]
	(No symbol) [0x00007FF6490C91BA]
	(No symbol) [0x00007FF6490D0AEC]
	(No symbol) [0x00007FF6490D3B5C]
	(No symbol) [0x00007FF6490D3C2F]
	(No symbol) [0x00007FF64911EA17]
	(No symbol) [0x00007FF64911F41C]
	(No symbol) [0x00007FF649111B1C]
	(No symbol) [0x00007FF64914716F]
	(No symbol) [0x00007FF6491119E6]
	(No symbol) [0x00007FF649147340]
	(No symbol) [0x00007FF64916F07F]
	(No symbol) [0x00007FF649146F03]
	(No symbol) [0x00007FF649110328]
	(No symbol) [0x00007FF649111093]
	GetHandleVerifier [0x00007FF6495B7B6D+2931725]
	GetHandleVerifier [0x00007FF6495B2132+2908626]
	GetHandleVerifier [0x00007FF6495D00F3+3031443]
	GetHandleVerifier [0x00007FF6493191EA+184970]
	GetHandleVerifier [0x00007FF64932086F+215311]
	GetHandleVerifier [0x00007FF649306EC4+110436]
	GetHandleVerifier [0x00007FF649307072+110866]
	GetHandleVerifier [0x00007FF6492ED479+5401]
	BaseThreadInitThunk [0x00007FFCAAD3E8D7+23]
	RtlUserThreadStart [0x00007FFCAC3F14FC+44]

[2025-04-24 21:22:39] Message: stale element reference: stale element not found in the current frame
  (Session info: chrome=135.0.7049.115); For documentation on this error, please visit: https://www.selenium.dev/documentation/webdriver/troubleshooting/errors#stale-element-reference-exception
Stacktrace:
	GetHandleVerifier [0x00007FF6492FEFA5+77893]
	GetHandleVerifier [0x00007FF6492FF000+77984]
	(No symbol) [0x00007FF6490C91BA]
	(No symbol) [0x00007FF6490D0AEC]
	(No symbol) [0x00007FF6490D3B5C]
	(No symbol) [0x00007FF6490D3C2F]
	(No symbol) [0x00007FF649118D86]
	(No symbol) [0x00007FF64914712A]
	(No symbol) [0x00007FF6491119E6]
	(No symbol) [0x00007FF649147340]
	(No symbol) [0x00007FF64916F07F]
	(No symbol) [0x00007FF649146F03]
	(No symbol) [0x00007FF649110328]
	(No symbol) [0x00007FF649111093]
	GetHandleVerifier [0x00007FF6495B7B6D+2931725]
	GetHandleVerifier [0x00007FF6495B2132+2908626]
	GetHandleVerifier [0x00007FF6495D00F3+3031443]
	GetHandleVerifier [0x00007FF6493191EA+184970]
	GetHandleVerifier [0x00007FF64932086F+215311]
	GetHandleVerifier [0x00007FF649306EC4+110436]
	GetHandleVerifier [0x00007FF649307072+110866]
	GetHandleVerifier [0x00007FF6492ED479+5401]
	BaseThreadInitThunk [0x00007FFCAAD3E8D7+23]
	RtlUserThreadStart [0x00007FFCAC3F14FC+44]

[2025-04-24 21:23:24] Message: stale element reference: stale element not found in the current frame
  (Session info: chrome=135.0.7049.115); For documentation on this error, please visit: https://www.selenium.dev/documentation/webdriver/troubleshooting/errors#stale-element-reference-exception
Stacktrace:
	GetHandleVerifier [0x00007FF6492FEFA5+77893]
	GetHandleVerifier [0x00007FF6492FF000+77984]
	(No symbol) [0x00007FF6490C91BA]
	(No symbol) [0x00007FF6490D0AEC]
	(No symbol) [0x00007FF6490D3B5C]
	(No symbol) [0x00007FF6490D3C2F]
	(No symbol) [0x00007FF64911EA17]
	(No symbol) [0x00007FF64911F41C]
	(No symbol) [0x00007FF649111B1C]
	(No symbol) [0x00007FF64914716F]
	(No symbol) [0x00007FF6491119E6]
	(No symbol) [0x00007FF649147340]
	(No symbol) [0x00007FF64916F07F]
	(No symbol) [0x00007FF649146F03]
	(No symbol) [0x00007FF649110328]
	(No symbol) [0x00007FF649111093]
	GetHandleVerifier [0x00007FF6495B7B6D+2931725]
	GetHandleVerifier [0x00007FF6495B2132+2908626]
	GetHandleVerifier [0x00007FF6495D00F3+3031443]
	GetHandleVerifier [0x00007FF6493191EA+184970]
	GetHandleVerifier [0x00007FF64932086F+215311]
	GetHandleVerifier [0x00007FF649306EC4+110436]
	GetHandleVerifier [0x00007FF649307072+110866]
	GetHandleVerifier [0x00007FF6492ED479+5401]
	BaseThreadInitThunk [0x00007FFCAAD3E8D7+23]
	RtlUserThreadStart [0x00007FFCAC3F14FC+44]

[2025-04-24 21:24:37] Message: stale element reference: stale element not found in the current frame
  (Session info: chrome=135.0.7049.115); For documentation on this error, please visit: https://www.selenium.dev/documentation/webdriver/troubleshooting/errors#stale-element-reference-exception
Stacktrace:
	GetHandleVerifier [0x00007FF6492FEFA5+77893]
	GetHandleVerifier [0x00007FF6492FF000+77984]
	(No symbol) [0x00007FF6490C91BA]
	(No symbol) [0x00007FF6490D0AEC]
	(No symbol) [0x00007FF6490D3B5C]
	(No symbol) [0x00007FF6490D3C2F]
	(No symbol) [0x00007FF649118D86]
	(No symbol) [0x00007FF64914712A]
	(No symbol) [0x00007FF6491119E6]
	(No symbol) [0x00007FF649147340]
	(No symbol) [0x00007FF64916F07F]
	(No symbol) [0x00007FF649146F03]
	(No symbol) [0x00007FF649110328]
	(No symbol) [0x00007FF649111093]
	GetHandleVerifier [0x00007FF6495B7B6D+2931725]
	GetHandleVerifier [0x00007FF6495B2132+2908626]
	GetHandleVerifier [0x00007FF6495D00F3+3031443]
	GetHandleVerifier [0x00007FF6493191EA+184970]
	GetHandleVerifier [0x00007FF64932086F+215311]
	GetHandleVerifier [0x00007FF649306EC4+110436]
	GetHandleVerifier [0x00007FF649307072+110866]
	GetHandleVerifier [0x00007FF6492ED479+5401]
	BaseThreadInitThunk [0x00007FFCAAD3E8D7+23]
	RtlUserThreadStart [0x00007FFCAC3F14FC+44]

[2025-04-24 21:31:55] Message: stale element reference: stale element not found in the current frame
  (Session info: chrome=135.0.7049.115); For documentation on this error, please visit: https://www.selenium.dev/documentation/webdriver/troubleshooting/errors#stale-element-reference-exception
Stacktrace:
	GetHandleVerifier [0x00007FF6492FEFA5+77893]
	GetHandleVerifier [0x00007FF6492FF000+77984]
	(No symbol) [0x00007FF6490C91BA]
	(No symbol) [0x00007FF6490D0AEC]
	(No symbol) [0x00007FF6490D3B5C]
	(No symbol) [0x00007FF6490D3C2F]
	(No symbol) [0x00007FF64911EA17]
	(No symbol) [0x00007FF64911F41C]
	(No symbol) [0x00007FF649111B1C]
	(No symbol) [0x00007FF64914716F]
	(No symbol) [0x00007FF6491119E6]
	(No symbol) [0x00007FF649147340]
	(No symbol) [0x00007FF64916F07F]
	(No symbol) [0x00007FF649146F03]
	(No symbol) [0x00007FF649110328]
	(No symbol) [0x00007FF649111093]
	GetHandleVerifier [0x00007FF6495B7B6D+2931725]
	GetHandleVerifier [0x00007FF6495B2132+2908626]
	GetHandleVerifier [0x00007FF6495D00F3+3031443]
	GetHandleVerifier [0x00007FF6493191EA+184970]
	GetHandleVerifier [0x00007FF64932086F+215311]
	GetHandleVerifier [0x00007FF649306EC4+110436]
	GetHandleVerifier [0x00007FF649307072+110866]
	GetHandleVerifier [0x00007FF6492ED479+5401]
	BaseThreadInitThunk [0x00007FFCAAD3E8D7+23]
	RtlUserThreadStart [0x00007FFCAC3F14FC+44]

[2025-04-24 21:42:37] Message: stale element reference: stale element not found in the current frame
  (Session info: chrome=135.0.7049.115); For documentation on this error, please visit: https://www.selenium.dev/documentation/webdriver/troubleshooting/errors#stale-element-reference-exception
Stacktrace:
	GetHandleVerifier [0x00007FF7943DEFA5+77893]
	GetHandleVerifier [0x00007FF7943DF000+77984]
	(No symbol) [0x00007FF7941A91BA]
	(No symbol) [0x00007FF7941B0AEC]
	(No symbol) [0x00007FF7941B3B5C]
	(No symbol) [0x00007FF7941B3C2F]
	(No symbol) [0x00007FF7941FEA17]
	(No symbol) [0x00007FF7941FF41C]
	(No symbol) [0x00007FF7941F1B1C]
	(No symbol) [0x00007FF79422716F]
	(No symbol) [0x00007FF7941F19E6]
	(No symbol) [0x00007FF794227340]
	(No symbol) [0x00007FF79424F07F]
	(No symbol) [0x00007FF794226F03]
	(No symbol) [0x00007FF7941F0328]
	(No symbol) [0x00007FF7941F1093]
	GetHandleVerifier [0x00007FF794697B6D+2931725]
	GetHandleVerifier [0x00007FF794692132+2908626]
	GetHandleVerifier [0x00007FF7946B00F3+3031443]
	GetHandleVerifier [0x00007FF7943F91EA+184970]
	GetHandleVerifier [0x00007FF79440086F+215311]
	GetHandleVerifier [0x00007FF7943E6EC4+110436]
	GetHandleVerifier [0x00007FF7943E7072+110866]
	GetHandleVerifier [0x00007FF7943CD479+5401]
	BaseThreadInitThunk [0x00007FFCAAD3E8D7+23]
	RtlUserThreadStart [0x00007FFCAC3F14FC+44]

[2025-04-24 23:13:06] Error al extraer producto: Message: no such element: Unable to locate element: {"method":"css selector","selector":".a-text-normal"}
  (Session info: chrome=135.0.7049.115); For documentation on this error, please visit: https://www.selenium.dev/documentation/webdriver/troubleshooting/errors#no-such-element-exception
Stacktrace:
	GetHandleVerifier [0x00007FF72741EFA5+77893]
	GetHandleVerifier [0x00007FF72741F000+77984]
	(No symbol) [0x00007FF7271E91BA]
	(No symbol) [0x00007FF72723F16D]
	(No symbol) [0x00007FF72723F41C]
	(No symbol) [0x00007FF727231B1C]
	(No symbol) [0x00007FF72726716F]
	(No symbol) [0x00007FF7272319E6]
	(No symbol) [0x00007FF727267340]
	(No symbol) [0x00007FF72728F07F]
	(No symbol) [0x00007FF727266F03]
	(No symbol) [0x00007FF727230328]
	(No symbol) [0x00007FF727231093]
	GetHandleVerifier [0x00007FF7276D7B6D+2931725]
	GetHandleVerifier [0x00007FF7276D2132+2908626]
	GetHandleVerifier [0x00007FF7276F00F3+3031443]
	GetHandleVerifier [0x00007FF7274391EA+184970]
	GetHandleVerifier [0x00007FF72744086F+215311]
	GetHandleVerifier [0x00007FF727426EC4+110436]
	GetHandleVerifier [0x00007FF727427072+110866]
	GetHandleVerifier [0x00007FF72740D479+5401]
	BaseThreadInitThunk [0x00007FFCAAD3E8D7+23]
	RtlUserThreadStart [0x00007FFCAC3F14FC+44]

[2025-04-24 23:13:06] Error al extraer producto: Message: no such element: Unable to locate element: {"method":"css selector","selector":".a-text-normal"}
  (Session info: chrome=135.0.7049.115); For documentation on this error, please visit: https://www.selenium.dev/documentation/webdriver/troubleshooting/errors#no-such-element-exception
Stacktrace:
	GetHandleVerifier [0x00007FF72741EFA5+77893]
	GetHandleVerifier [0x00007FF72741F000+77984]
	(No symbol) [0x00007FF7271E91BA]
	(No symbol) [0x00007FF72723F16D]
	(No symbol) [0x00007FF72723F41C]
	(No symbol) [0x00007FF727231B1C]
	(No symbol) [0x00007FF72726716F]
	(No symbol) [0x00007FF7272319E6]
	(No symbol) [0x00007FF727267340]
	(No symbol) [0x00007FF72728F07F]
	(No symbol) [0x00007FF727266F03]
	(No symbol) [0x00007FF727230328]
	(No symbol) [0x00007FF727231093]
	GetHandleVerifier [0x00007FF7276D7B6D+2931725]
	GetHandleVerifier [0x00007FF7276D2132+2908626]
	GetHandleVerifier [0x00007FF7276F00F3+3031443]
	GetHandleVerifier [0x00007FF7274391EA+184970]
	GetHandleVerifier [0x00007FF72744086F+215311]
	GetHandleVerifier [0x00007FF727426EC4+110436]
	GetHandleVerifier [0x00007FF727427072+110866]
	GetHandleVerifier [0x00007FF72740D479+5401]
	BaseThreadInitThunk [0x00007FFCAAD3E8D7+23]
	RtlUserThreadStart [0x00007FFCAC3F14FC+44]

[2025-04-24 23:13:06] Error al extraer producto: Message: no such element: Unable to locate element: {"method":"css selector","selector":".a-text-normal"}
  (Session info: chrome=135.0.7049.115); For documentation on this error, please visit: https://www.selenium.dev/documentation/webdriver/troubleshooting/errors#no-such-element-exception
Stacktrace:
	GetHandleVerifier [0x00007FF72741EFA5+77893]
	GetHandleVerifier [0x00007FF72741F000+77984]
	(No symbol) [0x00007FF7271E91BA]
	(No symbol) [0x00007FF72723F16D]
	(No symbol) [0x00007FF72723F41C]
	(No symbol) [0x00007FF727231B1C]
	(No symbol) [0x00007FF72726716F]
	(No symbol) [0x00007FF7272319E6]
	(No symbol) [0x00007FF727267340]
	(No symbol) [0x00007FF72728F07F]
	(No symbol) [0x00007FF727266F03]
	(No symbol) [0x00007FF727230328]
	(No symbol) [0x00007FF727231093]
	GetHandleVerifier [0x00007FF7276D7B6D+2931725]
	GetHandleVerifier [0x00007FF7276D2132+2908626]
	GetHandleVerifier [0x00007FF7276F00F3+3031443]
	GetHandleVerifier [0x00007FF7274391EA+184970]
	GetHandleVerifier [0x00007FF72744086F+215311]
	GetHandleVerifier [0x00007FF727426EC4+110436]
	GetHandleVerifier [0x00007FF727427072+110866]
	GetHandleVerifier [0x00007FF72740D479+5401]
	BaseThreadInitThunk [0x00007FFCAAD3E8D7+23]
	RtlUserThreadStart [0x00007FFCAC3F14FC+44]

[2025-04-24 23:14:05] Error al extraer producto: Message: no such element: Unable to locate element: {"method":"css selector","selector":".a-text-normal"}
  (Session info: chrome=135.0.7049.115); For documentation on this error, please visit: https://www.selenium.dev/documentation/webdriver/troubleshooting/errors#no-such-element-exception
Stacktrace:
	GetHandleVerifier [0x00007FF72741EFA5+77893]
	GetHandleVerifier [0x00007FF72741F000+77984]
	(No symbol) [0x00007FF7271E91BA]
	(No symbol) [0x00007FF72723F16D]
	(No symbol) [0x00007FF72723F41C]
	(No symbol) [0x00007FF727231B1C]
	(No symbol) [0x00007FF72726716F]
	(No symbol) [0x00007FF7272319E6]
	(No symbol) [0x00007FF727267340]
	(No symbol) [0x00007FF72728F07F]
	(No symbol) [0x00007FF727266F03]
	(No symbol) [0x00007FF727230328]
	(No symbol) [0x00007FF727231093]
	GetHandleVerifier [0x00007FF7276D7B6D+2931725]
	GetHandleVerifier [0x00007FF7276D2132+2908626]
	GetHandleVerifier [0x00007FF7276F00F3+3031443]
	GetHandleVerifier [0x00007FF7274391EA+184970]
	GetHandleVerifier [0x00007FF72744086F+215311]
	GetHandleVerifier [0x00007FF727426EC4+110436]
	GetHandleVerifier [0x00007FF727427072+110866]
	GetHandleVerifier [0x00007FF72740D479+5401]
	BaseThreadInitThunk [0x00007FFCAAD3E8D7+23]
	RtlUserThreadStart [0x00007FFCAC3F14FC+44]

[2025-04-24 23:14:05] Error al extraer producto: Message: no such element: Unable to locate element: {"method":"css selector","selector":".a-text-normal"}
  (Session info: chrome=135.0.7049.115); For documentation on this error, please visit: https://www.selenium.dev/documentation/webdriver/troubleshooting/errors#no-such-element-exception
Stacktrace:
	GetHandleVerifier [0x00007FF72741EFA5+77893]
	GetHandleVerifier [0x00007FF72741F000+77984]
	(No symbol) [0x00007FF7271E91BA]
	(No symbol) [0x00007FF72723F16D]
	(No symbol) [0x00007FF72723F41C]
	(No symbol) [0x00007FF727231B1C]
	(No symbol) [0x00007FF72726716F]
	(No symbol) [0x00007FF7272319E6]
	(No symbol) [0x00007FF727267340]
	(No symbol) [0x00007FF72728F07F]
	(No symbol) [0x00007FF727266F03]
	(No symbol) [0x00007FF727230328]
	(No symbol) [0x00007FF727231093]
	GetHandleVerifier [0x00007FF7276D7B6D+2931725]
	GetHandleVerifier [0x00007FF7276D2132+2908626]
	GetHandleVerifier [0x00007FF7276F00F3+3031443]
	GetHandleVerifier [0x00007FF7274391EA+184970]
	GetHandleVerifier [0x00007FF72744086F+215311]
	GetHandleVerifier [0x00007FF727426EC4+110436]
	GetHandleVerifier [0x00007FF727427072+110866]
	GetHandleVerifier [0x00007FF72740D479+5401]
	BaseThreadInitThunk [0x00007FFCAAD3E8D7+23]
	RtlUserThreadStart [0x00007FFCAC3F14FC+44]

[2025-04-24 23:14:05] Error al extraer producto: Message: no such element: Unable to locate element: {"method":"css selector","selector":".a-text-normal"}
  (Session info: chrome=135.0.7049.115); For documentation on this error, please visit: https://www.selenium.dev/documentation/webdriver/troubleshooting/errors#no-such-element-exception
Stacktrace:
	GetHandleVerifier [0x00007FF72741EFA5+77893]
	GetHandleVerifier [0x00007FF72741F000+77984]
	(No symbol) [0x00007FF7271E91BA]
	(No symbol) [0x00007FF72723F16D]
	(No symbol) [0x00007FF72723F41C]
	(No symbol) [0x00007FF727231B1C]
	(No symbol) [0x00007FF72726716F]
	(No symbol) [0x00007FF7272319E6]
	(No symbol) [0x00007FF727267340]
	(No symbol) [0x00007FF72728F07F]
	(No symbol) [0x00007FF727266F03]
	(No symbol) [0x00007FF727230328]
	(No symbol) [0x00007FF727231093]
	GetHandleVerifier [0x00007FF7276D7B6D+2931725]
	GetHandleVerifier [0x00007FF7276D2132+2908626]
	GetHandleVerifier [0x00007FF7276F00F3+3031443]
	GetHandleVerifier [0x00007FF7274391EA+184970]
	GetHandleVerifier [0x00007FF72744086F+215311]
	GetHandleVerifier [0x00007FF727426EC4+110436]
	GetHandleVerifier [0x00007FF727427072+110866]
	GetHandleVerifier [0x00007FF72740D479+5401]
	BaseThreadInitThunk [0x00007FFCAAD3E8D7+23]
	RtlUserThreadStart [0x00007FFCAC3F14FC+44]

[2025-04-24 23:15:09] Error al extraer producto: Message: no such element: Unable to locate element: {"method":"css selector","selector":".a-text-normal"}
  (Session info: chrome=135.0.7049.115); For documentation on this error, please visit: https://www.selenium.dev/documentation/webdriver/troubleshooting/errors#no-such-element-exception
Stacktrace:
	GetHandleVerifier [0x00007FF72741EFA5+77893]
	GetHandleVerifier [0x00007FF72741F000+77984]
	(No symbol) [0x00007FF7271E91BA]
	(No symbol) [0x00007FF72723F16D]
	(No symbol) [0x00007FF72723F41C]
	(No symbol) [0x00007FF727231B1C]
	(No symbol) [0x00007FF72726716F]
	(No symbol) [0x00007FF7272319E6]
	(No symbol) [0x00007FF727267340]
	(No symbol) [0x00007FF72728F07F]
	(No symbol) [0x00007FF727266F03]
	(No symbol) [0x00007FF727230328]
	(No symbol) [0x00007FF727231093]
	GetHandleVerifier [0x00007FF7276D7B6D+2931725]
	GetHandleVerifier [0x00007FF7276D2132+2908626]
	GetHandleVerifier [0x00007FF7276F00F3+3031443]
	GetHandleVerifier [0x00007FF7274391EA+184970]
	GetHandleVerifier [0x00007FF72744086F+215311]
	GetHandleVerifier [0x00007FF727426EC4+110436]
	GetHandleVerifier [0x00007FF727427072+110866]
	GetHandleVerifier [0x00007FF72740D479+5401]
	BaseThreadInitThunk [0x00007FFCAAD3E8D7+23]
	RtlUserThreadStart [0x00007FFCAC3F14FC+44]

[2025-04-24 23:15:09] Error al extraer producto: Message: no such element: Unable to locate element: {"method":"css selector","selector":".a-text-normal"}
  (Session info: chrome=135.0.7049.115); For documentation on this error, please visit: https://www.selenium.dev/documentation/webdriver/troubleshooting/errors#no-such-element-exception
Stacktrace:
	GetHandleVerifier [0x00007FF72741EFA5+77893]
	GetHandleVerifier [0x00007FF72741F000+77984]
	(No symbol) [0x00007FF7271E91BA]
	(No symbol) [0x00007FF72723F16D]
	(No symbol) [0x00007FF72723F41C]
	(No symbol) [0x00007FF727231B1C]
	(No symbol) [0x00007FF72726716F]
	(No symbol) [0x00007FF7272319E6]
	(No symbol) [0x00007FF727267340]
	(No symbol) [0x00007FF72728F07F]
	(No symbol) [0x00007FF727266F03]
	(No symbol) [0x00007FF727230328]
	(No symbol) [0x00007FF727231093]
	GetHandleVerifier [0x00007FF7276D7B6D+2931725]
	GetHandleVerifier [0x00007FF7276D2132+2908626]
	GetHandleVerifier [0x00007FF7276F00F3+3031443]
	GetHandleVerifier [0x00007FF7274391EA+184970]
	GetHandleVerifier [0x00007FF72744086F+215311]
	GetHandleVerifier [0x00007FF727426EC4+110436]
	GetHandleVerifier [0x00007FF727427072+110866]
	GetHandleVerifier [0x00007FF72740D479+5401]
	BaseThreadInitThunk [0x00007FFCAAD3E8D7+23]
	RtlUserThreadStart [0x00007FFCAC3F14FC+44]

[2025-04-24 23:15:09] Error al extraer producto: Message: no such element: Unable to locate element: {"method":"css selector","selector":".a-text-normal"}
  (Session info: chrome=135.0.7049.115); For documentation on this error, please visit: https://www.selenium.dev/documentation/webdriver/troubleshooting/errors#no-such-element-exception
Stacktrace:
	GetHandleVerifier [0x00007FF72741EFA5+77893]
	GetHandleVerifier [0x00007FF72741F000+77984]
	(No symbol) [0x00007FF7271E91BA]
	(No symbol) [0x00007FF72723F16D]
	(No symbol) [0x00007FF72723F41C]
	(No symbol) [0x00007FF727231B1C]
	(No symbol) [0x00007FF72726716F]
	(No symbol) [0x00007FF7272319E6]
	(No symbol) [0x00007FF727267340]
	(No symbol) [0x00007FF72728F07F]
	(No symbol) [0x00007FF727266F03]
	(No symbol) [0x00007FF727230328]
	(No symbol) [0x00007FF727231093]
	GetHandleVerifier [0x00007FF7276D7B6D+2931725]
	GetHandleVerifier [0x00007FF7276D2132+2908626]
	GetHandleVerifier [0x00007FF7276F00F3+3031443]
	GetHandleVerifier [0x00007FF7274391EA+184970]
	GetHandleVerifier [0x00007FF72744086F+215311]
	GetHandleVerifier [0x00007FF727426EC4+110436]
	GetHandleVerifier [0x00007FF727427072+110866]
	GetHandleVerifier [0x00007FF72740D479+5401]
	BaseThreadInitThunk [0x00007FFCAAD3E8D7+23]
	RtlUserThreadStart [0x00007FFCAC3F14FC+44]

[2025-04-24 23:24:53] Error al extraer producto: Message: no such element: Unable to locate element: {"method":"css selector","selector":".a-text-normal"}
  (Session info: chrome=135.0.7049.115); For documentation on this error, please visit: https://www.selenium.dev/documentation/webdriver/troubleshooting/errors#no-such-element-exception
Stacktrace:
	GetHandleVerifier [0x00007FF7B2F1EFA5+77893]
	GetHandleVerifier [0x00007FF7B2F1F000+77984]
	(No symbol) [0x00007FF7B2CE91BA]
	(No symbol) [0x00007FF7B2D3F16D]
	(No symbol) [0x00007FF7B2D3F41C]
	(No symbol) [0x00007FF7B2D31B1C]
	(No symbol) [0x00007FF7B2D6716F]
	(No symbol) [0x00007FF7B2D319E6]
	(No symbol) [0x00007FF7B2D67340]
	(No symbol) [0x00007FF7B2D8F07F]
	(No symbol) [0x00007FF7B2D66F03]
	(No symbol) [0x00007FF7B2D30328]
	(No symbol) [0x00007FF7B2D31093]
	GetHandleVerifier [0x00007FF7B31D7B6D+2931725]
	GetHandleVerifier [0x00007FF7B31D2132+2908626]
	GetHandleVerifier [0x00007FF7B31F00F3+3031443]
	GetHandleVerifier [0x00007FF7B2F391EA+184970]
	GetHandleVerifier [0x00007FF7B2F4086F+215311]
	GetHandleVerifier [0x00007FF7B2F26EC4+110436]
	GetHandleVerifier [0x00007FF7B2F27072+110866]
	GetHandleVerifier [0x00007FF7B2F0D479+5401]
	BaseThreadInitThunk [0x00007FFCAAD3E8D7+23]
	RtlUserThreadStart [0x00007FFCAC3F14FC+44]

[2025-04-24 23:24:53] Error al extraer producto: Message: no such element: Unable to locate element: {"method":"css selector","selector":".a-text-normal"}
  (Session info: chrome=135.0.7049.115); For documentation on this error, please visit: https://www.selenium.dev/documentation/webdriver/troubleshooting/errors#no-such-element-exception
Stacktrace:
	GetHandleVerifier [0x00007FF7B2F1EFA5+77893]
	GetHandleVerifier [0x00007FF7B2F1F000+77984]
	(No symbol) [0x00007FF7B2CE91BA]
	(No symbol) [0x00007FF7B2D3F16D]
	(No symbol) [0x00007FF7B2D3F41C]
	(No symbol) [0x00007FF7B2D31B1C]
	(No symbol) [0x00007FF7B2D6716F]
	(No symbol) [0x00007FF7B2D319E6]
	(No symbol) [0x00007FF7B2D67340]
	(No symbol) [0x00007FF7B2D8F07F]
	(No symbol) [0x00007FF7B2D66F03]
	(No symbol) [0x00007FF7B2D30328]
	(No symbol) [0x00007FF7B2D31093]
	GetHandleVerifier [0x00007FF7B31D7B6D+2931725]
	GetHandleVerifier [0x00007FF7B31D2132+2908626]
	GetHandleVerifier [0x00007FF7B31F00F3+3031443]
	GetHandleVerifier [0x00007FF7B2F391EA+184970]
	GetHandleVerifier [0x00007FF7B2F4086F+215311]
	GetHandleVerifier [0x00007FF7B2F26EC4+110436]
	GetHandleVerifier [0x00007FF7B2F27072+110866]
	GetHandleVerifier [0x00007FF7B2F0D479+5401]
	BaseThreadInitThunk [0x00007FFCAAD3E8D7+23]
	RtlUserThreadStart [0x00007FFCAC3F14FC+44]

[2025-04-24 23:24:53] Error al extraer producto: Message: no such element: Unable to locate element: {"method":"css selector","selector":".a-text-normal"}
  (Session info: chrome=135.0.7049.115); For documentation on this error, please visit: https://www.selenium.dev/documentation/webdriver/troubleshooting/errors#no-such-element-exception
Stacktrace:
	GetHandleVerifier [0x00007FF7B2F1EFA5+77893]
	GetHandleVerifier [0x00007FF7B2F1F000+77984]
	(No symbol) [0x00007FF7B2CE91BA]
	(No symbol) [0x00007FF7B2D3F16D]
	(No symbol) [0x00007FF7B2D3F41C]
	(No symbol) [0x00007FF7B2D31B1C]
	(No symbol) [0x00007FF7B2D6716F]
	(No symbol) [0x00007FF7B2D319E6]
	(No symbol) [0x00007FF7B2D67340]
	(No symbol) [0x00007FF7B2D8F07F]
	(No symbol) [0x00007FF7B2D66F03]
	(No symbol) [0x00007FF7B2D30328]
	(No symbol) [0x00007FF7B2D31093]
	GetHandleVerifier [0x00007FF7B31D7B6D+2931725]
	GetHandleVerifier [0x00007FF7B31D2132+2908626]
	GetHandleVerifier [0x00007FF7B31F00F3+3031443]
	GetHandleVerifier [0x00007FF7B2F391EA+184970]
	GetHandleVerifier [0x00007FF7B2F4086F+215311]
	GetHandleVerifier [0x00007FF7B2F26EC4+110436]
	GetHandleVerifier [0x00007FF7B2F27072+110866]
	GetHandleVerifier [0x00007FF7B2F0D479+5401]
	BaseThreadInitThunk [0x00007FFCAAD3E8D7+23]
	RtlUserThreadStart [0x00007FFCAC3F14FC+44]

[2025-04-24 23:26:37] Error al extraer producto: Message: no such element: Unable to locate element: {"method":"css selector","selector":".a-text-normal"}
  (Session info: chrome=135.0.7049.115); For documentation on this error, please visit: https://www.selenium.dev/documentation/webdriver/troubleshooting/errors#no-such-element-exception
Stacktrace:
	GetHandleVerifier [0x00007FF7B2F1EFA5+77893]
	GetHandleVerifier [0x00007FF7B2F1F000+77984]
	(No symbol) [0x00007FF7B2CE91BA]
	(No symbol) [0x00007FF7B2D3F16D]
	(No symbol) [0x00007FF7B2D3F41C]
	(No symbol) [0x00007FF7B2D31B1C]
	(No symbol) [0x00007FF7B2D6716F]
	(No symbol) [0x00007FF7B2D319E6]
	(No symbol) [0x00007FF7B2D67340]
	(No symbol) [0x00007FF7B2D8F07F]
	(No symbol) [0x00007FF7B2D66F03]
	(No symbol) [0x00007FF7B2D30328]
	(No symbol) [0x00007FF7B2D31093]
	GetHandleVerifier [0x00007FF7B31D7B6D+2931725]
	GetHandleVerifier [0x00007FF7B31D2132+2908626]
	GetHandleVerifier [0x00007FF7B31F00F3+3031443]
	GetHandleVerifier [0x00007FF7B2F391EA+184970]
	GetHandleVerifier [0x00007FF7B2F4086F+215311]
	GetHandleVerifier [0x00007FF7B2F26EC4+110436]
	GetHandleVerifier [0x00007FF7B2F27072+110866]
	GetHandleVerifier [0x00007FF7B2F0D479+5401]
	BaseThreadInitThunk [0x00007FFCAAD3E8D7+23]
	RtlUserThreadStart [0x00007FFCAC3F14FC+44]

[2025-04-24 23:26:56] Error al extraer producto: Message: no such element: Unable to locate element: {"method":"css selector","selector":".a-text-normal"}
  (Session info: chrome=135.0.7049.115); For documentation on this error, please visit: https://www.selenium.dev/documentation/webdriver/troubleshooting/errors#no-such-element-exception
Stacktrace:
	GetHandleVerifier [0x00007FF7B2F1EFA5+77893]
	GetHandleVerifier [0x00007FF7B2F1F000+77984]
	(No symbol) [0x00007FF7B2CE91BA]
	(No symbol) [0x00007FF7B2D3F16D]
	(No symbol) [0x00007FF7B2D3F41C]
	(No symbol) [0x00007FF7B2D31B1C]
	(No symbol) [0x00007FF7B2D6716F]
	(No symbol) [0x00007FF7B2D319E6]
	(No symbol) [0x00007FF7B2D67340]
	(No symbol) [0x00007FF7B2D8F07F]
	(No symbol) [0x00007FF7B2D66F03]
	(No symbol) [0x00007FF7B2D30328]
	(No symbol) [0x00007FF7B2D31093]
	GetHandleVerifier [0x00007FF7B31D7B6D+2931725]
	GetHandleVerifier [0x00007FF7B31D2132+2908626]
	GetHandleVerifier [0x00007FF7B31F00F3+3031443]
	GetHandleVerifier [0x00007FF7B2F391EA+184970]
	GetHandleVerifier [0x00007FF7B2F4086F+215311]
	GetHandleVerifier [0x00007FF7B2F26EC4+110436]
	GetHandleVerifier [0x00007FF7B2F27072+110866]
	GetHandleVerifier [0x00007FF7B2F0D479+5401]
	BaseThreadInitThunk [0x00007FFCAAD3E8D7+23]
	RtlUserThreadStart [0x00007FFCAC3F14FC+44]

[2025-04-24 23:26:56] Error al extraer producto: Message: no such element: Unable to locate element: {"method":"css selector","selector":".a-text-normal"}
  (Session info: chrome=135.0.7049.115); For documentation on this error, please visit: https://www.selenium.dev/documentation/webdriver/troubleshooting/errors#no-such-element-exception
Stacktrace:
	GetHandleVerifier [0x00007FF7B2F1EFA5+77893]
	GetHandleVerifier [0x00007FF7B2F1F000+77984]
	(No symbol) [0x00007FF7B2CE91BA]
	(No symbol) [0x00007FF7B2D3F16D]
	(No symbol) [0x00007FF7B2D3F41C]
	(No symbol) [0x00007FF7B2D31B1C]
	(No symbol) [0x00007FF7B2D6716F]
	(No symbol) [0x00007FF7B2D319E6]
	(No symbol) [0x00007FF7B2D67340]
	(No symbol) [0x00007FF7B2D8F07F]
	(No symbol) [0x00007FF7B2D66F03]
	(No symbol) [0x00007FF7B2D30328]
	(No symbol) [0x00007FF7B2D31093]
	GetHandleVerifier [0x00007FF7B31D7B6D+2931725]
	GetHandleVerifier [0x00007FF7B31D2132+2908626]
	GetHandleVerifier [0x00007FF7B31F00F3+3031443]
	GetHandleVerifier [0x00007FF7B2F391EA+184970]
	GetHandleVerifier [0x00007FF7B2F4086F+215311]
	GetHandleVerifier [0x00007FF7B2F26EC4+110436]
	GetHandleVerifier [0x00007FF7B2F27072+110866]
	GetHandleVerifier [0x00007FF7B2F0D479+5401]
	BaseThreadInitThunk [0x00007FFCAAD3E8D7+23]
	RtlUserThreadStart [0x00007FFCAC3F14FC+44]

[2025-04-24 23:26:56] Error al extraer producto: Message: no such element: Unable to locate element: {"method":"css selector","selector":".a-text-normal"}
  (Session info: chrome=135.0.7049.115); For documentation on this error, please visit: https://www.selenium.dev/documentation/webdriver/troubleshooting/errors#no-such-element-exception
Stacktrace:
	GetHandleVerifier [0x00007FF7B2F1EFA5+77893]
	GetHandleVerifier [0x00007FF7B2F1F000+77984]
	(No symbol) [0x00007FF7B2CE91BA]
	(No symbol) [0x00007FF7B2D3F16D]
	(No symbol) [0x00007FF7B2D3F41C]
	(No symbol) [0x00007FF7B2D31B1C]
	(No symbol) [0x00007FF7B2D6716F]
	(No symbol) [0x00007FF7B2D319E6]
	(No symbol) [0x00007FF7B2D67340]
	(No symbol) [0x00007FF7B2D8F07F]
	(No symbol) [0x00007FF7B2D66F03]
	(No symbol) [0x00007FF7B2D30328]
	(No symbol) [0x00007FF7B2D31093]
	GetHandleVerifier [0x00007FF7B31D7B6D+2931725]
	GetHandleVerifier [0x00007FF7B31D2132+2908626]
	GetHandleVerifier [0x00007FF7B31F00F3+3031443]
	GetHandleVerifier [0x00007FF7B2F391EA+184970]
	GetHandleVerifier [0x00007FF7B2F4086F+215311]
	GetHandleVerifier [0x00007FF7B2F26EC4+110436]
	GetHandleVerifier [0x00007FF7B2F27072+110866]
	GetHandleVerifier [0x00007FF7B2F0D479+5401]
	BaseThreadInitThunk [0x00007FFCAAD3E8D7+23]
	RtlUserThreadStart [0x00007FFCAC3F14FC+44]

[2025-04-24 23:34:34] Error general en AliExpress scraper: Message: 

[2025-04-24 23:36:58] Error general en AliExpress scraper: Message: 

[2025-04-24 23:43:00] Error general en AliExpress scraper: Message: 

[2025-04-24 23:50:34] Error general en AliExpress scraper: Message: 

[2025-04-24 23:54:06] Error general en AliExpress scraper: Message: 

[2025-04-25 00:30:17] Error general en Amazon scraper: Message: 

[2025-04-25 00:38:37] Error general en AliExpress scraper: Message: 
Stacktrace:
	GetHandleVerifier [0x00007FF70180EFA5+77893]
	GetHandleVerifier [0x00007FF70180F000+77984]
	(No symbol) [0x00007FF7015D91BA]
	(No symbol) [0x00007FF70162F16D]
	(No symbol) [0x00007FF70162F41C]
	(No symbol) [0x00007FF701682237]
	(No symbol) [0x00007FF70165716F]
	(No symbol) [0x00007FF70167F07F]
	(No symbol) [0x00007FF701656F03]
	(No symbol) [0x00007FF701620328]
	(No symbol) [0x00007FF701621093]
	GetHandleVerifier [0x00007FF701AC7B6D+2931725]
	GetHandleVerifier [0x00007FF701AC2132+2908626]
	GetHandleVerifier [0x00007FF701AE00F3+3031443]
	GetHandleVerifier [0x00007FF7018291EA+184970]
	GetHandleVerifier [0x00007FF70183086F+215311]
	GetHandleVerifier [0x00007FF701816EC4+110436]
	GetHandleVerifier [0x00007FF701817072+110866]
	GetHandleVerifier [0x00007FF7017FD479+5401]
	BaseThreadInitThunk [0x00007FFCAAD3E8D7+23]
	RtlUserThreadStart [0x00007FFCAC3F14FC+44]

[2025-04-25 00:39:13] Error al extraer producto: Message: no such element: Unable to locate element: {"method":"css selector","selector":".a-text-normal"}
  (Session info: chrome=135.0.7049.115); For documentation on this error, please visit: https://www.selenium.dev/documentation/webdriver/troubleshooting/errors#no-such-element-exception
Stacktrace:
	GetHandleVerifier [0x00007FF70180EFA5+77893]
	GetHandleVerifier [0x00007FF70180F000+77984]
	(No symbol) [0x00007FF7015D91BA]
	(No symbol) [0x00007FF70162F16D]
	(No symbol) [0x00007FF70162F41C]
	(No symbol) [0x00007FF701621B1C]
	(No symbol) [0x00007FF70165716F]
	(No symbol) [0x00007FF7016219E6]
	(No symbol) [0x00007FF701657340]
	(No symbol) [0x00007FF70167F07F]
	(No symbol) [0x00007FF701656F03]
	(No symbol) [0x00007FF701620328]
	(No symbol) [0x00007FF701621093]
	GetHandleVerifier [0x00007FF701AC7B6D+2931725]
	GetHandleVerifier [0x00007FF701AC2132+2908626]
	GetHandleVerifier [0x00007FF701AE00F3+3031443]
	GetHandleVerifier [0x00007FF7018291EA+184970]
	GetHandleVerifier [0x00007FF70183086F+215311]
	GetHandleVerifier [0x00007FF701816EC4+110436]
	GetHandleVerifier [0x00007FF701817072+110866]
	GetHandleVerifier [0x00007FF7017FD479+5401]
	BaseThreadInitThunk [0x00007FFCAAD3E8D7+23]
	RtlUserThreadStart [0x00007FFCAC3F14FC+44]

[2025-04-25 00:39:13] Error al extraer producto: Message: no such element: Unable to locate element: {"method":"css selector","selector":".a-text-normal"}
  (Session info: chrome=135.0.7049.115); For documentation on this error, please visit: https://www.selenium.dev/documentation/webdriver/troubleshooting/errors#no-such-element-exception
Stacktrace:
	GetHandleVerifier [0x00007FF70180EFA5+77893]
	GetHandleVerifier [0x00007FF70180F000+77984]
	(No symbol) [0x00007FF7015D91BA]
	(No symbol) [0x00007FF70162F16D]
	(No symbol) [0x00007FF70162F41C]
	(No symbol) [0x00007FF701621B1C]
	(No symbol) [0x00007FF70165716F]
	(No symbol) [0x00007FF7016219E6]
	(No symbol) [0x00007FF701657340]
	(No symbol) [0x00007FF70167F07F]
	(No symbol) [0x00007FF701656F03]
	(No symbol) [0x00007FF701620328]
	(No symbol) [0x00007FF701621093]
	GetHandleVerifier [0x00007FF701AC7B6D+2931725]
	GetHandleVerifier [0x00007FF701AC2132+2908626]
	GetHandleVerifier [0x00007FF701AE00F3+3031443]
	GetHandleVerifier [0x00007FF7018291EA+184970]
	GetHandleVerifier [0x00007FF70183086F+215311]
	GetHandleVerifier [0x00007FF701816EC4+110436]
	GetHandleVerifier [0x00007FF701817072+110866]
	GetHandleVerifier [0x00007FF7017FD479+5401]
	BaseThreadInitThunk [0x00007FFCAAD3E8D7+23]
	RtlUserThreadStart [0x00007FFCAC3F14FC+44]

[2025-04-25 00:39:13] Error al extraer producto: Message: no such element: Unable to locate element: {"method":"css selector","selector":".a-text-normal"}
  (Session info: chrome=135.0.7049.115); For documentation on this error, please visit: https://www.selenium.dev/documentation/webdriver/troubleshooting/errors#no-such-element-exception
Stacktrace:
	GetHandleVerifier [0x00007FF70180EFA5+77893]
	GetHandleVerifier [0x00007FF70180F000+77984]
	(No symbol) [0x00007FF7015D91BA]
	(No symbol) [0x00007FF70162F16D]
	(No symbol) [0x00007FF70162F41C]
	(No symbol) [0x00007FF701621B1C]
	(No symbol) [0x00007FF70165716F]
	(No symbol) [0x00007FF7016219E6]
	(No symbol) [0x00007FF701657340]
	(No symbol) [0x00007FF70167F07F]
	(No symbol) [0x00007FF701656F03]
	(No symbol) [0x00007FF701620328]
	(No symbol) [0x00007FF701621093]
	GetHandleVerifier [0x00007FF701AC7B6D+2931725]
	GetHandleVerifier [0x00007FF701AC2132+2908626]
	GetHandleVerifier [0x00007FF701AE00F3+3031443]
	GetHandleVerifier [0x00007FF7018291EA+184970]
	GetHandleVerifier [0x00007FF70183086F+215311]
	GetHandleVerifier [0x00007FF701816EC4+110436]
	GetHandleVerifier [0x00007FF701817072+110866]
	GetHandleVerifier [0x00007FF7017FD479+5401]
	BaseThreadInitThunk [0x00007FFCAAD3E8D7+23]
	RtlUserThreadStart [0x00007FFCAC3F14FC+44]

[2025-04-25 00:40:09] Error al extraer producto: Message: no such element: Unable to locate element: {"method":"css selector","selector":".a-text-normal"}
  (Session info: chrome=135.0.7049.115); For documentation on this error, please visit: https://www.selenium.dev/documentation/webdriver/troubleshooting/errors#no-such-element-exception
Stacktrace:
	GetHandleVerifier [0x00007FF70180EFA5+77893]
	GetHandleVerifier [0x00007FF70180F000+77984]
	(No symbol) [0x00007FF7015D91BA]
	(No symbol) [0x00007FF70162F16D]
	(No symbol) [0x00007FF70162F41C]
	(No symbol) [0x00007FF701621B1C]
	(No symbol) [0x00007FF70165716F]
	(No symbol) [0x00007FF7016219E6]
	(No symbol) [0x00007FF701657340]
	(No symbol) [0x00007FF70167F07F]
	(No symbol) [0x00007FF701656F03]
	(No symbol) [0x00007FF701620328]
	(No symbol) [0x00007FF701621093]
	GetHandleVerifier [0x00007FF701AC7B6D+2931725]
	GetHandleVerifier [0x00007FF701AC2132+2908626]
	GetHandleVerifier [0x00007FF701AE00F3+3031443]
	GetHandleVerifier [0x00007FF7018291EA+184970]
	GetHandleVerifier [0x00007FF70183086F+215311]
	GetHandleVerifier [0x00007FF701816EC4+110436]
	GetHandleVerifier [0x00007FF701817072+110866]
	GetHandleVerifier [0x00007FF7017FD479+5401]
	BaseThreadInitThunk [0x00007FFCAAD3E8D7+23]
	RtlUserThreadStart [0x00007FFCAC3F14FC+44]

[2025-04-25 00:40:35] Error al extraer producto: Message: no such element: Unable to locate element: {"method":"css selector","selector":".a-text-normal"}
  (Session info: chrome=135.0.7049.115); For documentation on this error, please visit: https://www.selenium.dev/documentation/webdriver/troubleshooting/errors#no-such-element-exception
Stacktrace:
	GetHandleVerifier [0x00007FF70180EFA5+77893]
	GetHandleVerifier [0x00007FF70180F000+77984]
	(No symbol) [0x00007FF7015D91BA]
	(No symbol) [0x00007FF70162F16D]
	(No symbol) [0x00007FF70162F41C]
	(No symbol) [0x00007FF701621B1C]
	(No symbol) [0x00007FF70165716F]
	(No symbol) [0x00007FF7016219E6]
	(No symbol) [0x00007FF701657340]
	(No symbol) [0x00007FF70167F07F]
	(No symbol) [0x00007FF701656F03]
	(No symbol) [0x00007FF701620328]
	(No symbol) [0x00007FF701621093]
	GetHandleVerifier [0x00007FF701AC7B6D+2931725]
	GetHandleVerifier [0x00007FF701AC2132+2908626]
	GetHandleVerifier [0x00007FF701AE00F3+3031443]
	GetHandleVerifier [0x00007FF7018291EA+184970]
	GetHandleVerifier [0x00007FF70183086F+215311]
	GetHandleVerifier [0x00007FF701816EC4+110436]
	GetHandleVerifier [0x00007FF701817072+110866]
	GetHandleVerifier [0x00007FF7017FD479+5401]
	BaseThreadInitThunk [0x00007FFCAAD3E8D7+23]
	RtlUserThreadStart [0x00007FFCAC3F14FC+44]

[2025-04-25 00:40:35] Error al extraer producto: Message: no such element: Unable to locate element: {"method":"css selector","selector":".a-text-normal"}
  (Session info: chrome=135.0.7049.115); For documentation on this error, please visit: https://www.selenium.dev/documentation/webdriver/troubleshooting/errors#no-such-element-exception
Stacktrace:
	GetHandleVerifier [0x00007FF70180EFA5+77893]
	GetHandleVerifier [0x00007FF70180F000+77984]
	(No symbol) [0x00007FF7015D91BA]
	(No symbol) [0x00007FF70162F16D]
	(No symbol) [0x00007FF70162F41C]
	(No symbol) [0x00007FF701621B1C]
	(No symbol) [0x00007FF70165716F]
	(No symbol) [0x00007FF7016219E6]
	(No symbol) [0x00007FF701657340]
	(No symbol) [0x00007FF70167F07F]
	(No symbol) [0x00007FF701656F03]
	(No symbol) [0x00007FF701620328]
	(No symbol) [0x00007FF701621093]
	GetHandleVerifier [0x00007FF701AC7B6D+2931725]
	GetHandleVerifier [0x00007FF701AC2132+2908626]
	GetHandleVerifier [0x00007FF701AE00F3+3031443]
	GetHandleVerifier [0x00007FF7018291EA+184970]
	GetHandleVerifier [0x00007FF70183086F+215311]
	GetHandleVerifier [0x00007FF701816EC4+110436]
	GetHandleVerifier [0x00007FF701817072+110866]
	GetHandleVerifier [0x00007FF7017FD479+5401]
	BaseThreadInitThunk [0x00007FFCAAD3E8D7+23]
	RtlUserThreadStart [0x00007FFCAC3F14FC+44]

[2025-04-25 00:40:35] Error al extraer producto: Message: no such element: Unable to locate element: {"method":"css selector","selector":".a-text-normal"}
  (Session info: chrome=135.0.7049.115); For documentation on this error, please visit: https://www.selenium.dev/documentation/webdriver/troubleshooting/errors#no-such-element-exception
Stacktrace:
	GetHandleVerifier [0x00007FF70180EFA5+77893]
	GetHandleVerifier [0x00007FF70180F000+77984]
	(No symbol) [0x00007FF7015D91BA]
	(No symbol) [0x00007FF70162F16D]
	(No symbol) [0x00007FF70162F41C]
	(No symbol) [0x00007FF701621B1C]
	(No symbol) [0x00007FF70165716F]
	(No symbol) [0x00007FF7016219E6]
	(No symbol) [0x00007FF701657340]
	(No symbol) [0x00007FF70167F07F]
	(No symbol) [0x00007FF701656F03]
	(No symbol) [0x00007FF701620328]
	(No symbol) [0x00007FF701621093]
	GetHandleVerifier [0x00007FF701AC7B6D+2931725]
	GetHandleVerifier [0x00007FF701AC2132+2908626]
	GetHandleVerifier [0x00007FF701AE00F3+3031443]
	GetHandleVerifier [0x00007FF7018291EA+184970]
	GetHandleVerifier [0x00007FF70183086F+215311]
	GetHandleVerifier [0x00007FF701816EC4+110436]
	GetHandleVerifier [0x00007FF701817072+110866]
	GetHandleVerifier [0x00007FF7017FD479+5401]
	BaseThreadInitThunk [0x00007FFCAAD3E8D7+23]
	RtlUserThreadStart [0x00007FFCAC3F14FC+44]

[2025-04-25 00:42:31] Message: stale element reference: stale element not found in the current frame
  (Session info: chrome=135.0.7049.115); For documentation on this error, please visit: https://www.selenium.dev/documentation/webdriver/troubleshooting/errors#stale-element-reference-exception
Stacktrace:
	GetHandleVerifier [0x00007FF70180EFA5+77893]
	GetHandleVerifier [0x00007FF70180F000+77984]
	(No symbol) [0x00007FF7015D91BA]
	(No symbol) [0x00007FF7015E0AEC]
	(No symbol) [0x00007FF7015E3B5C]
	(No symbol) [0x00007FF7015E3C2F]
	(No symbol) [0x00007FF70162EA17]
	(No symbol) [0x00007FF70162F41C]
	(No symbol) [0x00007FF701621B1C]
	(No symbol) [0x00007FF70165716F]
	(No symbol) [0x00007FF7016219E6]
	(No symbol) [0x00007FF701657340]
	(No symbol) [0x00007FF70167F07F]
	(No symbol) [0x00007FF701656F03]
	(No symbol) [0x00007FF701620328]
	(No symbol) [0x00007FF701621093]
	GetHandleVerifier [0x00007FF701AC7B6D+2931725]
	GetHandleVerifier [0x00007FF701AC2132+2908626]
	GetHandleVerifier [0x00007FF701AE00F3+3031443]
	GetHandleVerifier [0x00007FF7018291EA+184970]
	GetHandleVerifier [0x00007FF70183086F+215311]
	GetHandleVerifier [0x00007FF701816EC4+110436]
	GetHandleVerifier [0x00007FF701817072+110866]
	GetHandleVerifier [0x00007FF7017FD479+5401]
	BaseThreadInitThunk [0x00007FFCAAD3E8D7+23]
	RtlUserThreadStart [0x00007FFCAC3F14FC+44]

[2025-04-25 01:04:49] Error al extraer producto: Message: no such element: Unable to locate element: {"method":"css selector","selector":".a-text-normal"}
  (Session info: chrome=135.0.7049.115); For documentation on this error, please visit: https://www.selenium.dev/documentation/webdriver/troubleshooting/errors#no-such-element-exception
Stacktrace:
	GetHandleVerifier [0x00007FF7D140EFA5+77893]
	GetHandleVerifier [0x00007FF7D140F000+77984]
	(No symbol) [0x00007FF7D11D91BA]
	(No symbol) [0x00007FF7D122F16D]
	(No symbol) [0x00007FF7D122F41C]
	(No symbol) [0x00007FF7D1221B1C]
	(No symbol) [0x00007FF7D125716F]
	(No symbol) [0x00007FF7D12219E6]
	(No symbol) [0x00007FF7D1257340]
	(No symbol) [0x00007FF7D127F07F]
	(No symbol) [0x00007FF7D1256F03]
	(No symbol) [0x00007FF7D1220328]
	(No symbol) [0x00007FF7D1221093]
	GetHandleVerifier [0x00007FF7D16C7B6D+2931725]
	GetHandleVerifier [0x00007FF7D16C2132+2908626]
	GetHandleVerifier [0x00007FF7D16E00F3+3031443]
	GetHandleVerifier [0x00007FF7D14291EA+184970]
	GetHandleVerifier [0x00007FF7D143086F+215311]
	GetHandleVerifier [0x00007FF7D1416EC4+110436]
	GetHandleVerifier [0x00007FF7D1417072+110866]
	GetHandleVerifier [0x00007FF7D13FD479+5401]
	BaseThreadInitThunk [0x00007FFCAAD3E8D7+23]
	RtlUserThreadStart [0x00007FFCAC3F14FC+44]

[2025-04-25 01:05:14] Error al extraer producto: Message: no such element: Unable to locate element: {"method":"css selector","selector":".a-text-normal"}
  (Session info: chrome=135.0.7049.115); For documentation on this error, please visit: https://www.selenium.dev/documentation/webdriver/troubleshooting/errors#no-such-element-exception
Stacktrace:
	GetHandleVerifier [0x00007FF7D140EFA5+77893]
	GetHandleVerifier [0x00007FF7D140F000+77984]
	(No symbol) [0x00007FF7D11D91BA]
	(No symbol) [0x00007FF7D122F16D]
	(No symbol) [0x00007FF7D122F41C]
	(No symbol) [0x00007FF7D1221B1C]
	(No symbol) [0x00007FF7D125716F]
	(No symbol) [0x00007FF7D12219E6]
	(No symbol) [0x00007FF7D1257340]
	(No symbol) [0x00007FF7D127F07F]
	(No symbol) [0x00007FF7D1256F03]
	(No symbol) [0x00007FF7D1220328]
	(No symbol) [0x00007FF7D1221093]
	GetHandleVerifier [0x00007FF7D16C7B6D+2931725]
	GetHandleVerifier [0x00007FF7D16C2132+2908626]
	GetHandleVerifier [0x00007FF7D16E00F3+3031443]
	GetHandleVerifier [0x00007FF7D14291EA+184970]
	GetHandleVerifier [0x00007FF7D143086F+215311]
	GetHandleVerifier [0x00007FF7D1416EC4+110436]
	GetHandleVerifier [0x00007FF7D1417072+110866]
	GetHandleVerifier [0x00007FF7D13FD479+5401]
	BaseThreadInitThunk [0x00007FFCAAD3E8D7+23]
	RtlUserThreadStart [0x00007FFCAC3F14FC+44]

[2025-04-25 01:05:14] Error al extraer producto: Message: no such element: Unable to locate element: {"method":"css selector","selector":".a-text-normal"}
  (Session info: chrome=135.0.7049.115); For documentation on this error, please visit: https://www.selenium.dev/documentation/webdriver/troubleshooting/errors#no-such-element-exception
Stacktrace:
	GetHandleVerifier [0x00007FF7D140EFA5+77893]
	GetHandleVerifier [0x00007FF7D140F000+77984]
	(No symbol) [0x00007FF7D11D91BA]
	(No symbol) [0x00007FF7D122F16D]
	(No symbol) [0x00007FF7D122F41C]
	(No symbol) [0x00007FF7D1221B1C]
	(No symbol) [0x00007FF7D125716F]
	(No symbol) [0x00007FF7D12219E6]
	(No symbol) [0x00007FF7D1257340]
	(No symbol) [0x00007FF7D127F07F]
	(No symbol) [0x00007FF7D1256F03]
	(No symbol) [0x00007FF7D1220328]
	(No symbol) [0x00007FF7D1221093]
	GetHandleVerifier [0x00007FF7D16C7B6D+2931725]
	GetHandleVerifier [0x00007FF7D16C2132+2908626]
	GetHandleVerifier [0x00007FF7D16E00F3+3031443]
	GetHandleVerifier [0x00007FF7D14291EA+184970]
	GetHandleVerifier [0x00007FF7D143086F+215311]
	GetHandleVerifier [0x00007FF7D1416EC4+110436]
	GetHandleVerifier [0x00007FF7D1417072+110866]
	GetHandleVerifier [0x00007FF7D13FD479+5401]
	BaseThreadInitThunk [0x00007FFCAAD3E8D7+23]
	RtlUserThreadStart [0x00007FFCAC3F14FC+44]

[2025-04-25 01:05:14] Error al extraer producto: Message: no such element: Unable to locate element: {"method":"css selector","selector":".a-text-normal"}
  (Session info: chrome=135.0.7049.115); For documentation on this error, please visit: https://www.selenium.dev/documentation/webdriver/troubleshooting/errors#no-such-element-exception
Stacktrace:
	GetHandleVerifier [0x00007FF7D140EFA5+77893]
	GetHandleVerifier [0x00007FF7D140F000+77984]
	(No symbol) [0x00007FF7D11D91BA]
	(No symbol) [0x00007FF7D122F16D]
	(No symbol) [0x00007FF7D122F41C]
	(No symbol) [0x00007FF7D1221B1C]
	(No symbol) [0x00007FF7D125716F]
	(No symbol) [0x00007FF7D12219E6]
	(No symbol) [0x00007FF7D1257340]
	(No symbol) [0x00007FF7D127F07F]
	(No symbol) [0x00007FF7D1256F03]
	(No symbol) [0x00007FF7D1220328]
	(No symbol) [0x00007FF7D1221093]
	GetHandleVerifier [0x00007FF7D16C7B6D+2931725]
	GetHandleVerifier [0x00007FF7D16C2132+2908626]
	GetHandleVerifier [0x00007FF7D16E00F3+3031443]
	GetHandleVerifier [0x00007FF7D14291EA+184970]
	GetHandleVerifier [0x00007FF7D143086F+215311]
	GetHandleVerifier [0x00007FF7D1416EC4+110436]
	GetHandleVerifier [0x00007FF7D1417072+110866]
	GetHandleVerifier [0x00007FF7D13FD479+5401]
	BaseThreadInitThunk [0x00007FFCAAD3E8D7+23]
	RtlUserThreadStart [0x00007FFCAC3F14FC+44]

[2025-04-25 01:09:16] Error al extraer producto: Message: no such element: Unable to locate element: {"method":"css selector","selector":".a-text-normal"}
  (Session info: chrome=135.0.7049.115); For documentation on this error, please visit: https://www.selenium.dev/documentation/webdriver/troubleshooting/errors#no-such-element-exception
Stacktrace:
	GetHandleVerifier [0x00007FF7D140EFA5+77893]
	GetHandleVerifier [0x00007FF7D140F000+77984]
	(No symbol) [0x00007FF7D11D91BA]
	(No symbol) [0x00007FF7D122F16D]
	(No symbol) [0x00007FF7D122F41C]
	(No symbol) [0x00007FF7D1221B1C]
	(No symbol) [0x00007FF7D125716F]
	(No symbol) [0x00007FF7D12219E6]
	(No symbol) [0x00007FF7D1257340]
	(No symbol) [0x00007FF7D127F07F]
	(No symbol) [0x00007FF7D1256F03]
	(No symbol) [0x00007FF7D1220328]
	(No symbol) [0x00007FF7D1221093]
	GetHandleVerifier [0x00007FF7D16C7B6D+2931725]
	GetHandleVerifier [0x00007FF7D16C2132+2908626]
	GetHandleVerifier [0x00007FF7D16E00F3+3031443]
	GetHandleVerifier [0x00007FF7D14291EA+184970]
	GetHandleVerifier [0x00007FF7D143086F+215311]
	GetHandleVerifier [0x00007FF7D1416EC4+110436]
	GetHandleVerifier [0x00007FF7D1417072+110866]
	GetHandleVerifier [0x00007FF7D13FD479+5401]
	BaseThreadInitThunk [0x00007FFCAAD3E8D7+23]
	RtlUserThreadStart [0x00007FFCAC3F14FC+44]

[2025-04-25 01:09:16] Error al extraer producto: Message: no such element: Unable to locate element: {"method":"css selector","selector":".a-text-normal"}
  (Session info: chrome=135.0.7049.115); For documentation on this error, please visit: https://www.selenium.dev/documentation/webdriver/troubleshooting/errors#no-such-element-exception
Stacktrace:
	GetHandleVerifier [0x00007FF7D140EFA5+77893]
	GetHandleVerifier [0x00007FF7D140F000+77984]
	(No symbol) [0x00007FF7D11D91BA]
	(No symbol) [0x00007FF7D122F16D]
	(No symbol) [0x00007FF7D122F41C]
	(No symbol) [0x00007FF7D1221B1C]
	(No symbol) [0x00007FF7D125716F]
	(No symbol) [0x00007FF7D12219E6]
	(No symbol) [0x00007FF7D1257340]
	(No symbol) [0x00007FF7D127F07F]
	(No symbol) [0x00007FF7D1256F03]
	(No symbol) [0x00007FF7D1220328]
	(No symbol) [0x00007FF7D1221093]
	GetHandleVerifier [0x00007FF7D16C7B6D+2931725]
	GetHandleVerifier [0x00007FF7D16C2132+2908626]
	GetHandleVerifier [0x00007FF7D16E00F3+3031443]
	GetHandleVerifier [0x00007FF7D14291EA+184970]
	GetHandleVerifier [0x00007FF7D143086F+215311]
	GetHandleVerifier [0x00007FF7D1416EC4+110436]
	GetHandleVerifier [0x00007FF7D1417072+110866]
	GetHandleVerifier [0x00007FF7D13FD479+5401]
	BaseThreadInitThunk [0x00007FFCAAD3E8D7+23]
	RtlUserThreadStart [0x00007FFCAC3F14FC+44]

[2025-04-25 01:09:16] Error al extraer producto: Message: no such element: Unable to locate element: {"method":"css selector","selector":".a-text-normal"}
  (Session info: chrome=135.0.7049.115); For documentation on this error, please visit: https://www.selenium.dev/documentation/webdriver/troubleshooting/errors#no-such-element-exception
Stacktrace:
	GetHandleVerifier [0x00007FF7D140EFA5+77893]
	GetHandleVerifier [0x00007FF7D140F000+77984]
	(No symbol) [0x00007FF7D11D91BA]
	(No symbol) [0x00007FF7D122F16D]
	(No symbol) [0x00007FF7D122F41C]
	(No symbol) [0x00007FF7D1221B1C]
	(No symbol) [0x00007FF7D125716F]
	(No symbol) [0x00007FF7D12219E6]
	(No symbol) [0x00007FF7D1257340]
	(No symbol) [0x00007FF7D127F07F]
	(No symbol) [0x00007FF7D1256F03]
	(No symbol) [0x00007FF7D1220328]
	(No symbol) [0x00007FF7D1221093]
	GetHandleVerifier [0x00007FF7D16C7B6D+2931725]
	GetHandleVerifier [0x00007FF7D16C2132+2908626]
	GetHandleVerifier [0x00007FF7D16E00F3+3031443]
	GetHandleVerifier [0x00007FF7D14291EA+184970]
	GetHandleVerifier [0x00007FF7D143086F+215311]
	GetHandleVerifier [0x00007FF7D1416EC4+110436]
	GetHandleVerifier [0x00007FF7D1417072+110866]
	GetHandleVerifier [0x00007FF7D13FD479+5401]
	BaseThreadInitThunk [0x00007FFCAAD3E8D7+23]
	RtlUserThreadStart [0x00007FFCAC3F14FC+44]

[2025-04-25 01:13:05] Error al extraer producto: Message: no such element: Unable to locate element: {"method":"css selector","selector":".a-text-normal"}
  (Session info: chrome=135.0.7049.115); For documentation on this error, please visit: https://www.selenium.dev/documentation/webdriver/troubleshooting/errors#no-such-element-exception
Stacktrace:
	GetHandleVerifier [0x00007FF7D140EFA5+77893]
	GetHandleVerifier [0x00007FF7D140F000+77984]
	(No symbol) [0x00007FF7D11D91BA]
	(No symbol) [0x00007FF7D122F16D]
	(No symbol) [0x00007FF7D122F41C]
	(No symbol) [0x00007FF7D1221B1C]
	(No symbol) [0x00007FF7D125716F]
	(No symbol) [0x00007FF7D12219E6]
	(No symbol) [0x00007FF7D1257340]
	(No symbol) [0x00007FF7D127F07F]
	(No symbol) [0x00007FF7D1256F03]
	(No symbol) [0x00007FF7D1220328]
	(No symbol) [0x00007FF7D1221093]
	GetHandleVerifier [0x00007FF7D16C7B6D+2931725]
	GetHandleVerifier [0x00007FF7D16C2132+2908626]
	GetHandleVerifier [0x00007FF7D16E00F3+3031443]
	GetHandleVerifier [0x00007FF7D14291EA+184970]
	GetHandleVerifier [0x00007FF7D143086F+215311]
	GetHandleVerifier [0x00007FF7D1416EC4+110436]
	GetHandleVerifier [0x00007FF7D1417072+110866]
	GetHandleVerifier [0x00007FF7D13FD479+5401]
	BaseThreadInitThunk [0x00007FFCAAD3E8D7+23]
	RtlUserThreadStart [0x00007FFCAC3F14FC+44]

[2025-04-25 01:13:16] Error al extraer producto: Message: no such element: Unable to locate element: {"method":"css selector","selector":".a-text-normal"}
  (Session info: chrome=135.0.7049.115); For documentation on this error, please visit: https://www.selenium.dev/documentation/webdriver/troubleshooting/errors#no-such-element-exception
Stacktrace:
	GetHandleVerifier [0x00007FF7D140EFA5+77893]
	GetHandleVerifier [0x00007FF7D140F000+77984]
	(No symbol) [0x00007FF7D11D91BA]
	(No symbol) [0x00007FF7D122F16D]
	(No symbol) [0x00007FF7D122F41C]
	(No symbol) [0x00007FF7D1221B1C]
	(No symbol) [0x00007FF7D125716F]
	(No symbol) [0x00007FF7D12219E6]
	(No symbol) [0x00007FF7D1257340]
	(No symbol) [0x00007FF7D127F07F]
	(No symbol) [0x00007FF7D1256F03]
	(No symbol) [0x00007FF7D1220328]
	(No symbol) [0x00007FF7D1221093]
	GetHandleVerifier [0x00007FF7D16C7B6D+2931725]
	GetHandleVerifier [0x00007FF7D16C2132+2908626]
	GetHandleVerifier [0x00007FF7D16E00F3+3031443]
	GetHandleVerifier [0x00007FF7D14291EA+184970]
	GetHandleVerifier [0x00007FF7D143086F+215311]
	GetHandleVerifier [0x00007FF7D1416EC4+110436]
	GetHandleVerifier [0x00007FF7D1417072+110866]
	GetHandleVerifier [0x00007FF7D13FD479+5401]
	BaseThreadInitThunk [0x00007FFCAAD3E8D7+23]
	RtlUserThreadStart [0x00007FFCAC3F14FC+44]

[2025-04-25 01:13:31] Error al extraer producto: Message: no such element: Unable to locate element: {"method":"css selector","selector":".a-text-normal"}
  (Session info: chrome=135.0.7049.115); For documentation on this error, please visit: https://www.selenium.dev/documentation/webdriver/troubleshooting/errors#no-such-element-exception
Stacktrace:
	GetHandleVerifier [0x00007FF7D140EFA5+77893]
	GetHandleVerifier [0x00007FF7D140F000+77984]
	(No symbol) [0x00007FF7D11D91BA]
	(No symbol) [0x00007FF7D122F16D]
	(No symbol) [0x00007FF7D122F41C]
	(No symbol) [0x00007FF7D1221B1C]
	(No symbol) [0x00007FF7D125716F]
	(No symbol) [0x00007FF7D12219E6]
	(No symbol) [0x00007FF7D1257340]
	(No symbol) [0x00007FF7D127F07F]
	(No symbol) [0x00007FF7D1256F03]
	(No symbol) [0x00007FF7D1220328]
	(No symbol) [0x00007FF7D1221093]
	GetHandleVerifier [0x00007FF7D16C7B6D+2931725]
	GetHandleVerifier [0x00007FF7D16C2132+2908626]
	GetHandleVerifier [0x00007FF7D16E00F3+3031443]
	GetHandleVerifier [0x00007FF7D14291EA+184970]
	GetHandleVerifier [0x00007FF7D143086F+215311]
	GetHandleVerifier [0x00007FF7D1416EC4+110436]
	GetHandleVerifier [0x00007FF7D1417072+110866]
	GetHandleVerifier [0x00007FF7D13FD479+5401]
	BaseThreadInitThunk [0x00007FFCAAD3E8D7+23]
	RtlUserThreadStart [0x00007FFCAC3F14FC+44]

[2025-04-25 01:13:31] Error al extraer producto: Message: no such element: Unable to locate element: {"method":"css selector","selector":".a-text-normal"}
  (Session info: chrome=135.0.7049.115); For documentation on this error, please visit: https://www.selenium.dev/documentation/webdriver/troubleshooting/errors#no-such-element-exception
Stacktrace:
	GetHandleVerifier [0x00007FF7D140EFA5+77893]
	GetHandleVerifier [0x00007FF7D140F000+77984]
	(No symbol) [0x00007FF7D11D91BA]
	(No symbol) [0x00007FF7D122F16D]
	(No symbol) [0x00007FF7D122F41C]
	(No symbol) [0x00007FF7D1221B1C]
	(No symbol) [0x00007FF7D125716F]
	(No symbol) [0x00007FF7D12219E6]
	(No symbol) [0x00007FF7D1257340]
	(No symbol) [0x00007FF7D127F07F]
	(No symbol) [0x00007FF7D1256F03]
	(No symbol) [0x00007FF7D1220328]
	(No symbol) [0x00007FF7D1221093]
	GetHandleVerifier [0x00007FF7D16C7B6D+2931725]
	GetHandleVerifier [0x00007FF7D16C2132+2908626]
	GetHandleVerifier [0x00007FF7D16E00F3+3031443]
	GetHandleVerifier [0x00007FF7D14291EA+184970]
	GetHandleVerifier [0x00007FF7D143086F+215311]
	GetHandleVerifier [0x00007FF7D1416EC4+110436]
	GetHandleVerifier [0x00007FF7D1417072+110866]
	GetHandleVerifier [0x00007FF7D13FD479+5401]
	BaseThreadInitThunk [0x00007FFCAAD3E8D7+23]
	RtlUserThreadStart [0x00007FFCAC3F14FC+44]

[2025-04-25 01:13:31] Error al extraer producto: Message: no such element: Unable to locate element: {"method":"css selector","selector":".a-text-normal"}
  (Session info: chrome=135.0.7049.115); For documentation on this error, please visit: https://www.selenium.dev/documentation/webdriver/troubleshooting/errors#no-such-element-exception
Stacktrace:
	GetHandleVerifier [0x00007FF7D140EFA5+77893]
	GetHandleVerifier [0x00007FF7D140F000+77984]
	(No symbol) [0x00007FF7D11D91BA]
	(No symbol) [0x00007FF7D122F16D]
	(No symbol) [0x00007FF7D122F41C]
	(No symbol) [0x00007FF7D1221B1C]
	(No symbol) [0x00007FF7D125716F]
	(No symbol) [0x00007FF7D12219E6]
	(No symbol) [0x00007FF7D1257340]
	(No symbol) [0x00007FF7D127F07F]
	(No symbol) [0x00007FF7D1256F03]
	(No symbol) [0x00007FF7D1220328]
	(No symbol) [0x00007FF7D1221093]
	GetHandleVerifier [0x00007FF7D16C7B6D+2931725]
	GetHandleVerifier [0x00007FF7D16C2132+2908626]
	GetHandleVerifier [0x00007FF7D16E00F3+3031443]
	GetHandleVerifier [0x00007FF7D14291EA+184970]
	GetHandleVerifier [0x00007FF7D143086F+215311]
	GetHandleVerifier [0x00007FF7D1416EC4+110436]
	GetHandleVerifier [0x00007FF7D1417072+110866]
	GetHandleVerifier [0x00007FF7D13FD479+5401]
	BaseThreadInitThunk [0x00007FFCAAD3E8D7+23]
	RtlUserThreadStart [0x00007FFCAC3F14FC+44]

[2025-04-25 01:15:04] Error al extraer producto: Message: no such element: Unable to locate element: {"method":"css selector","selector":".a-text-normal"}
  (Session info: chrome=135.0.7049.115); For documentation on this error, please visit: https://www.selenium.dev/documentation/webdriver/troubleshooting/errors#no-such-element-exception
Stacktrace:
	GetHandleVerifier [0x00007FF7D140EFA5+77893]
	GetHandleVerifier [0x00007FF7D140F000+77984]
	(No symbol) [0x00007FF7D11D91BA]
	(No symbol) [0x00007FF7D122F16D]
	(No symbol) [0x00007FF7D122F41C]
	(No symbol) [0x00007FF7D1221B1C]
	(No symbol) [0x00007FF7D125716F]
	(No symbol) [0x00007FF7D12219E6]
	(No symbol) [0x00007FF7D1257340]
	(No symbol) [0x00007FF7D127F07F]
	(No symbol) [0x00007FF7D1256F03]
	(No symbol) [0x00007FF7D1220328]
	(No symbol) [0x00007FF7D1221093]
	GetHandleVerifier [0x00007FF7D16C7B6D+2931725]
	GetHandleVerifier [0x00007FF7D16C2132+2908626]
	GetHandleVerifier [0x00007FF7D16E00F3+3031443]
	GetHandleVerifier [0x00007FF7D14291EA+184970]
	GetHandleVerifier [0x00007FF7D143086F+215311]
	GetHandleVerifier [0x00007FF7D1416EC4+110436]
	GetHandleVerifier [0x00007FF7D1417072+110866]
	GetHandleVerifier [0x00007FF7D13FD479+5401]
	BaseThreadInitThunk [0x00007FFCAAD3E8D7+23]
	RtlUserThreadStart [0x00007FFCAC3F14FC+44]

[2025-04-25 01:15:04] Error al extraer producto: Message: no such element: Unable to locate element: {"method":"css selector","selector":".a-text-normal"}
  (Session info: chrome=135.0.7049.115); For documentation on this error, please visit: https://www.selenium.dev/documentation/webdriver/troubleshooting/errors#no-such-element-exception
Stacktrace:
	GetHandleVerifier [0x00007FF7D140EFA5+77893]
	GetHandleVerifier [0x00007FF7D140F000+77984]
	(No symbol) [0x00007FF7D11D91BA]
	(No symbol) [0x00007FF7D122F16D]
	(No symbol) [0x00007FF7D122F41C]
	(No symbol) [0x00007FF7D1221B1C]
	(No symbol) [0x00007FF7D125716F]
	(No symbol) [0x00007FF7D12219E6]
	(No symbol) [0x00007FF7D1257340]
	(No symbol) [0x00007FF7D127F07F]
	(No symbol) [0x00007FF7D1256F03]
	(No symbol) [0x00007FF7D1220328]
	(No symbol) [0x00007FF7D1221093]
	GetHandleVerifier [0x00007FF7D16C7B6D+2931725]
	GetHandleVerifier [0x00007FF7D16C2132+2908626]
	GetHandleVerifier [0x00007FF7D16E00F3+3031443]
	GetHandleVerifier [0x00007FF7D14291EA+184970]
	GetHandleVerifier [0x00007FF7D143086F+215311]
	GetHandleVerifier [0x00007FF7D1416EC4+110436]
	GetHandleVerifier [0x00007FF7D1417072+110866]
	GetHandleVerifier [0x00007FF7D13FD479+5401]
	BaseThreadInitThunk [0x00007FFCAAD3E8D7+23]
	RtlUserThreadStart [0x00007FFCAC3F14FC+44]

[2025-04-25 01:15:04] Error al extraer producto: Message: no such element: Unable to locate element: {"method":"css selector","selector":".a-text-normal"}
  (Session info: chrome=135.0.7049.115); For documentation on this error, please visit: https://www.selenium.dev/documentation/webdriver/troubleshooting/errors#no-such-element-exception
Stacktrace:
	GetHandleVerifier [0x00007FF7D140EFA5+77893]
	GetHandleVerifier [0x00007FF7D140F000+77984]
	(No symbol) [0x00007FF7D11D91BA]
	(No symbol) [0x00007FF7D122F16D]
	(No symbol) [0x00007FF7D122F41C]
	(No symbol) [0x00007FF7D1221B1C]
	(No symbol) [0x00007FF7D125716F]
	(No symbol) [0x00007FF7D12219E6]
	(No symbol) [0x00007FF7D1257340]
	(No symbol) [0x00007FF7D127F07F]
	(No symbol) [0x00007FF7D1256F03]
	(No symbol) [0x00007FF7D1220328]
	(No symbol) [0x00007FF7D1221093]
	GetHandleVerifier [0x00007FF7D16C7B6D+2931725]
	GetHandleVerifier [0x00007FF7D16C2132+2908626]
	GetHandleVerifier [0x00007FF7D16E00F3+3031443]
	GetHandleVerifier [0x00007FF7D14291EA+184970]
	GetHandleVerifier [0x00007FF7D143086F+215311]
	GetHandleVerifier [0x00007FF7D1416EC4+110436]
	GetHandleVerifier [0x00007FF7D1417072+110866]
	GetHandleVerifier [0x00007FF7D13FD479+5401]
	BaseThreadInitThunk [0x00007FFCAAD3E8D7+23]
	RtlUserThreadStart [0x00007FFCAC3F14FC+44]

[2025-04-25 01:18:20] Error al extraer producto: Message: no such element: Unable to locate element: {"method":"css selector","selector":".a-text-normal"}
  (Session info: chrome=135.0.7049.115); For documentation on this error, please visit: https://www.selenium.dev/documentation/webdriver/troubleshooting/errors#no-such-element-exception
Stacktrace:
	GetHandleVerifier [0x00007FF7D140EFA5+77893]
	GetHandleVerifier [0x00007FF7D140F000+77984]
	(No symbol) [0x00007FF7D11D91BA]
	(No symbol) [0x00007FF7D122F16D]
	(No symbol) [0x00007FF7D122F41C]
	(No symbol) [0x00007FF7D1221B1C]
	(No symbol) [0x00007FF7D125716F]
	(No symbol) [0x00007FF7D12219E6]
	(No symbol) [0x00007FF7D1257340]
	(No symbol) [0x00007FF7D127F07F]
	(No symbol) [0x00007FF7D1256F03]
	(No symbol) [0x00007FF7D1220328]
	(No symbol) [0x00007FF7D1221093]
	GetHandleVerifier [0x00007FF7D16C7B6D+2931725]
	GetHandleVerifier [0x00007FF7D16C2132+2908626]
	GetHandleVerifier [0x00007FF7D16E00F3+3031443]
	GetHandleVerifier [0x00007FF7D14291EA+184970]
	GetHandleVerifier [0x00007FF7D143086F+215311]
	GetHandleVerifier [0x00007FF7D1416EC4+110436]
	GetHandleVerifier [0x00007FF7D1417072+110866]
	GetHandleVerifier [0x00007FF7D13FD479+5401]
	BaseThreadInitThunk [0x00007FFCAAD3E8D7+23]
	RtlUserThreadStart [0x00007FFCAC3F14FC+44]

[2025-04-25 01:18:20] Error al extraer producto: Message: no such element: Unable to locate element: {"method":"css selector","selector":".a-text-normal"}
  (Session info: chrome=135.0.7049.115); For documentation on this error, please visit: https://www.selenium.dev/documentation/webdriver/troubleshooting/errors#no-such-element-exception
Stacktrace:
	GetHandleVerifier [0x00007FF7D140EFA5+77893]
	GetHandleVerifier [0x00007FF7D140F000+77984]
	(No symbol) [0x00007FF7D11D91BA]
	(No symbol) [0x00007FF7D122F16D]
	(No symbol) [0x00007FF7D122F41C]
	(No symbol) [0x00007FF7D1221B1C]
	(No symbol) [0x00007FF7D125716F]
	(No symbol) [0x00007FF7D12219E6]
	(No symbol) [0x00007FF7D1257340]
	(No symbol) [0x00007FF7D127F07F]
	(No symbol) [0x00007FF7D1256F03]
	(No symbol) [0x00007FF7D1220328]
	(No symbol) [0x00007FF7D1221093]
	GetHandleVerifier [0x00007FF7D16C7B6D+2931725]
	GetHandleVerifier [0x00007FF7D16C2132+2908626]
	GetHandleVerifier [0x00007FF7D16E00F3+3031443]
	GetHandleVerifier [0x00007FF7D14291EA+184970]
	GetHandleVerifier [0x00007FF7D143086F+215311]
	GetHandleVerifier [0x00007FF7D1416EC4+110436]
	GetHandleVerifier [0x00007FF7D1417072+110866]
	GetHandleVerifier [0x00007FF7D13FD479+5401]
	BaseThreadInitThunk [0x00007FFCAAD3E8D7+23]
	RtlUserThreadStart [0x00007FFCAC3F14FC+44]

[2025-04-25 01:18:20] Error al extraer producto: Message: no such element: Unable to locate element: {"method":"css selector","selector":".a-text-normal"}
  (Session info: chrome=135.0.7049.115); For documentation on this error, please visit: https://www.selenium.dev/documentation/webdriver/troubleshooting/errors#no-such-element-exception
Stacktrace:
	GetHandleVerifier [0x00007FF7D140EFA5+77893]
	GetHandleVerifier [0x00007FF7D140F000+77984]
	(No symbol) [0x00007FF7D11D91BA]
	(No symbol) [0x00007FF7D122F16D]
	(No symbol) [0x00007FF7D122F41C]
	(No symbol) [0x00007FF7D1221B1C]
	(No symbol) [0x00007FF7D125716F]
	(No symbol) [0x00007FF7D12219E6]
	(No symbol) [0x00007FF7D1257340]
	(No symbol) [0x00007FF7D127F07F]
	(No symbol) [0x00007FF7D1256F03]
	(No symbol) [0x00007FF7D1220328]
	(No symbol) [0x00007FF7D1221093]
	GetHandleVerifier [0x00007FF7D16C7B6D+2931725]
	GetHandleVerifier [0x00007FF7D16C2132+2908626]
	GetHandleVerifier [0x00007FF7D16E00F3+3031443]
	GetHandleVerifier [0x00007FF7D14291EA+184970]
	GetHandleVerifier [0x00007FF7D143086F+215311]
	GetHandleVerifier [0x00007FF7D1416EC4+110436]
	GetHandleVerifier [0x00007FF7D1417072+110866]
	GetHandleVerifier [0x00007FF7D13FD479+5401]
	BaseThreadInitThunk [0x00007FFCAAD3E8D7+23]
	RtlUserThreadStart [0x00007FFCAC3F14FC+44]

[2025-04-25 01:19:09] Error al extraer producto: Message: no such element: Unable to locate element: {"method":"css selector","selector":".a-text-normal"}
  (Session info: chrome=135.0.7049.115); For documentation on this error, please visit: https://www.selenium.dev/documentation/webdriver/troubleshooting/errors#no-such-element-exception
Stacktrace:
	GetHandleVerifier [0x00007FF7D140EFA5+77893]
	GetHandleVerifier [0x00007FF7D140F000+77984]
	(No symbol) [0x00007FF7D11D91BA]
	(No symbol) [0x00007FF7D122F16D]
	(No symbol) [0x00007FF7D122F41C]
	(No symbol) [0x00007FF7D1221B1C]
	(No symbol) [0x00007FF7D125716F]
	(No symbol) [0x00007FF7D12219E6]
	(No symbol) [0x00007FF7D1257340]
	(No symbol) [0x00007FF7D127F07F]
	(No symbol) [0x00007FF7D1256F03]
	(No symbol) [0x00007FF7D1220328]
	(No symbol) [0x00007FF7D1221093]
	GetHandleVerifier [0x00007FF7D16C7B6D+2931725]
	GetHandleVerifier [0x00007FF7D16C2132+2908626]
	GetHandleVerifier [0x00007FF7D16E00F3+3031443]
	GetHandleVerifier [0x00007FF7D14291EA+184970]
	GetHandleVerifier [0x00007FF7D143086F+215311]
	GetHandleVerifier [0x00007FF7D1416EC4+110436]
	GetHandleVerifier [0x00007FF7D1417072+110866]
	GetHandleVerifier [0x00007FF7D13FD479+5401]
	BaseThreadInitThunk [0x00007FFCAAD3E8D7+23]
	RtlUserThreadStart [0x00007FFCAC3F14FC+44]

[2025-04-25 01:19:09] Error al extraer producto: Message: no such element: Unable to locate element: {"method":"css selector","selector":".a-text-normal"}
  (Session info: chrome=135.0.7049.115); For documentation on this error, please visit: https://www.selenium.dev/documentation/webdriver/troubleshooting/errors#no-such-element-exception
Stacktrace:
	GetHandleVerifier [0x00007FF7D140EFA5+77893]
	GetHandleVerifier [0x00007FF7D140F000+77984]
	(No symbol) [0x00007FF7D11D91BA]
	(No symbol) [0x00007FF7D122F16D]
	(No symbol) [0x00007FF7D122F41C]
	(No symbol) [0x00007FF7D1221B1C]
	(No symbol) [0x00007FF7D125716F]
	(No symbol) [0x00007FF7D12219E6]
	(No symbol) [0x00007FF7D1257340]
	(No symbol) [0x00007FF7D127F07F]
	(No symbol) [0x00007FF7D1256F03]
	(No symbol) [0x00007FF7D1220328]
	(No symbol) [0x00007FF7D1221093]
	GetHandleVerifier [0x00007FF7D16C7B6D+2931725]
	GetHandleVerifier [0x00007FF7D16C2132+2908626]
	GetHandleVerifier [0x00007FF7D16E00F3+3031443]
	GetHandleVerifier [0x00007FF7D14291EA+184970]
	GetHandleVerifier [0x00007FF7D143086F+215311]
	GetHandleVerifier [0x00007FF7D1416EC4+110436]
	GetHandleVerifier [0x00007FF7D1417072+110866]
	GetHandleVerifier [0x00007FF7D13FD479+5401]
	BaseThreadInitThunk [0x00007FFCAAD3E8D7+23]
	RtlUserThreadStart [0x00007FFCAC3F14FC+44]

[2025-04-25 01:19:09] Error al extraer producto: Message: no such element: Unable to locate element: {"method":"css selector","selector":".a-text-normal"}
  (Session info: chrome=135.0.7049.115); For documentation on this error, please visit: https://www.selenium.dev/documentation/webdriver/troubleshooting/errors#no-such-element-exception
Stacktrace:
	GetHandleVerifier [0x00007FF7D140EFA5+77893]
	GetHandleVerifier [0x00007FF7D140F000+77984]
	(No symbol) [0x00007FF7D11D91BA]
	(No symbol) [0x00007FF7D122F16D]
	(No symbol) [0x00007FF7D122F41C]
	(No symbol) [0x00007FF7D1221B1C]
	(No symbol) [0x00007FF7D125716F]
	(No symbol) [0x00007FF7D12219E6]
	(No symbol) [0x00007FF7D1257340]
	(No symbol) [0x00007FF7D127F07F]
	(No symbol) [0x00007FF7D1256F03]
	(No symbol) [0x00007FF7D1220328]
	(No symbol) [0x00007FF7D1221093]
	GetHandleVerifier [0x00007FF7D16C7B6D+2931725]
	GetHandleVerifier [0x00007FF7D16C2132+2908626]
	GetHandleVerifier [0x00007FF7D16E00F3+3031443]
	GetHandleVerifier [0x00007FF7D14291EA+184970]
	GetHandleVerifier [0x00007FF7D143086F+215311]
	GetHandleVerifier [0x00007FF7D1416EC4+110436]
	GetHandleVerifier [0x00007FF7D1417072+110866]
	GetHandleVerifier [0x00007FF7D13FD479+5401]
	BaseThreadInitThunk [0x00007FFCAAD3E8D7+23]
	RtlUserThreadStart [0x00007FFCAC3F14FC+44]

[2025-04-25 01:21:03] Message: stale element reference: stale element not found in the current frame
  (Session info: chrome=135.0.7049.115); For documentation on this error, please visit: https://www.selenium.dev/documentation/webdriver/troubleshooting/errors#stale-element-reference-exception
Stacktrace:
	GetHandleVerifier [0x00007FF7D140EFA5+77893]
	GetHandleVerifier [0x00007FF7D140F000+77984]
	(No symbol) [0x00007FF7D11D91BA]
	(No symbol) [0x00007FF7D11E0AEC]
	(No symbol) [0x00007FF7D11E3B5C]
	(No symbol) [0x00007FF7D11E3C2F]
	(No symbol) [0x00007FF7D122EA17]
	(No symbol) [0x00007FF7D122F41C]
	(No symbol) [0x00007FF7D1221B1C]
	(No symbol) [0x00007FF7D125716F]
	(No symbol) [0x00007FF7D12219E6]
	(No symbol) [0x00007FF7D1257340]
	(No symbol) [0x00007FF7D127F07F]
	(No symbol) [0x00007FF7D1256F03]
	(No symbol) [0x00007FF7D1220328]
	(No symbol) [0x00007FF7D1221093]
	GetHandleVerifier [0x00007FF7D16C7B6D+2931725]
	GetHandleVerifier [0x00007FF7D16C2132+2908626]
	GetHandleVerifier [0x00007FF7D16E00F3+3031443]
	GetHandleVerifier [0x00007FF7D14291EA+184970]
	GetHandleVerifier [0x00007FF7D143086F+215311]
	GetHandleVerifier [0x00007FF7D1416EC4+110436]
	GetHandleVerifier [0x00007FF7D1417072+110866]
	GetHandleVerifier [0x00007FF7D13FD479+5401]
	BaseThreadInitThunk [0x00007FFCAAD3E8D7+23]
	RtlUserThreadStart [0x00007FFCAC3F14FC+44]

[2025-04-25 01:22:50] Message: stale element reference: stale element not found in the current frame
  (Session info: chrome=135.0.7049.115); For documentation on this error, please visit: https://www.selenium.dev/documentation/webdriver/troubleshooting/errors#stale-element-reference-exception
Stacktrace:
	GetHandleVerifier [0x00007FF7D140EFA5+77893]
	GetHandleVerifier [0x00007FF7D140F000+77984]
	(No symbol) [0x00007FF7D11D91BA]
	(No symbol) [0x00007FF7D11E0AEC]
	(No symbol) [0x00007FF7D11E3B5C]
	(No symbol) [0x00007FF7D11E3C2F]
	(No symbol) [0x00007FF7D122EA17]
	(No symbol) [0x00007FF7D122F41C]
	(No symbol) [0x00007FF7D1221B1C]
	(No symbol) [0x00007FF7D125716F]
	(No symbol) [0x00007FF7D12219E6]
	(No symbol) [0x00007FF7D1257340]
	(No symbol) [0x00007FF7D127F07F]
	(No symbol) [0x00007FF7D1256F03]
	(No symbol) [0x00007FF7D1220328]
	(No symbol) [0x00007FF7D1221093]
	GetHandleVerifier [0x00007FF7D16C7B6D+2931725]
	GetHandleVerifier [0x00007FF7D16C2132+2908626]
	GetHandleVerifier [0x00007FF7D16E00F3+3031443]
	GetHandleVerifier [0x00007FF7D14291EA+184970]
	GetHandleVerifier [0x00007FF7D143086F+215311]
	GetHandleVerifier [0x00007FF7D1416EC4+110436]
	GetHandleVerifier [0x00007FF7D1417072+110866]
	GetHandleVerifier [0x00007FF7D13FD479+5401]
	BaseThreadInitThunk [0x00007FFCAAD3E8D7+23]
	RtlUserThreadStart [0x00007FFCAC3F14FC+44]

[2025-04-25 01:27:34] Error general en Amazon scraper: Message: 

[2025-04-25 01:27:58] Message: stale element reference: stale element not found in the current frame
  (Session info: chrome=135.0.7049.115); For documentation on this error, please visit: https://www.selenium.dev/documentation/webdriver/troubleshooting/errors#stale-element-reference-exception
Stacktrace:
	GetHandleVerifier [0x00007FF7D140EFA5+77893]
	GetHandleVerifier [0x00007FF7D140F000+77984]
	(No symbol) [0x00007FF7D11D91BA]
	(No symbol) [0x00007FF7D11E0AEC]
	(No symbol) [0x00007FF7D11E3B5C]
	(No symbol) [0x00007FF7D11E3C2F]
	(No symbol) [0x00007FF7D122EA17]
	(No symbol) [0x00007FF7D122F41C]
	(No symbol) [0x00007FF7D1221B1C]
	(No symbol) [0x00007FF7D125716F]
	(No symbol) [0x00007FF7D12219E6]
	(No symbol) [0x00007FF7D1257340]
	(No symbol) [0x00007FF7D127F07F]
	(No symbol) [0x00007FF7D1256F03]
	(No symbol) [0x00007FF7D1220328]
	(No symbol) [0x00007FF7D1221093]
	GetHandleVerifier [0x00007FF7D16C7B6D+2931725]
	GetHandleVerifier [0x00007FF7D16C2132+2908626]
	GetHandleVerifier [0x00007FF7D16E00F3+3031443]
	GetHandleVerifier [0x00007FF7D14291EA+184970]
	GetHandleVerifier [0x00007FF7D143086F+215311]
	GetHandleVerifier [0x00007FF7D1416EC4+110436]
	GetHandleVerifier [0x00007FF7D1417072+110866]
	GetHandleVerifier [0x00007FF7D13FD479+5401]
	BaseThreadInitThunk [0x00007FFCAAD3E8D7+23]
	RtlUserThreadStart [0x00007FFCAC3F14FC+44]

[2025-04-25 01:31:41] Message: stale element reference: stale element not found in the current frame
  (Session info: chrome=135.0.7049.115); For documentation on this error, please visit: https://www.selenium.dev/documentation/webdriver/troubleshooting/errors#stale-element-reference-exception
Stacktrace:
	GetHandleVerifier [0x00007FF7D140EFA5+77893]
	GetHandleVerifier [0x00007FF7D140F000+77984]
	(No symbol) [0x00007FF7D11D91BA]
	(No symbol) [0x00007FF7D11E0AEC]
	(No symbol) [0x00007FF7D11E3B5C]
	(No symbol) [0x00007FF7D11E3C2F]
	(No symbol) [0x00007FF7D122EA17]
	(No symbol) [0x00007FF7D122F41C]
	(No symbol) [0x00007FF7D1221B1C]
	(No symbol) [0x00007FF7D125716F]
	(No symbol) [0x00007FF7D12219E6]
	(No symbol) [0x00007FF7D1257340]
	(No symbol) [0x00007FF7D127F07F]
	(No symbol) [0x00007FF7D1256F03]
	(No symbol) [0x00007FF7D1220328]
	(No symbol) [0x00007FF7D1221093]
	GetHandleVerifier [0x00007FF7D16C7B6D+2931725]
	GetHandleVerifier [0x00007FF7D16C2132+2908626]
	GetHandleVerifier [0x00007FF7D16E00F3+3031443]
	GetHandleVerifier [0x00007FF7D14291EA+184970]
	GetHandleVerifier [0x00007FF7D143086F+215311]
	GetHandleVerifier [0x00007FF7D1416EC4+110436]
	GetHandleVerifier [0x00007FF7D1417072+110866]
	GetHandleVerifier [0x00007FF7D13FD479+5401]
	BaseThreadInitThunk [0x00007FFCAAD3E8D7+23]
	RtlUserThreadStart [0x00007FFCAC3F14FC+44]

[2025-04-25 01:35:41] Error al extraer producto: Message: no such element: Unable to locate element: {"method":"css selector","selector":".a-text-normal"}
  (Session info: chrome=135.0.7049.115); For documentation on this error, please visit: https://www.selenium.dev/documentation/webdriver/troubleshooting/errors#no-such-element-exception
Stacktrace:
	GetHandleVerifier [0x00007FF7D140EFA5+77893]
	GetHandleVerifier [0x00007FF7D140F000+77984]
	(No symbol) [0x00007FF7D11D91BA]
	(No symbol) [0x00007FF7D122F16D]
	(No symbol) [0x00007FF7D122F41C]
	(No symbol) [0x00007FF7D1221B1C]
	(No symbol) [0x00007FF7D125716F]
	(No symbol) [0x00007FF7D12219E6]
	(No symbol) [0x00007FF7D1257340]
	(No symbol) [0x00007FF7D127F07F]
	(No symbol) [0x00007FF7D1256F03]
	(No symbol) [0x00007FF7D1220328]
	(No symbol) [0x00007FF7D1221093]
	GetHandleVerifier [0x00007FF7D16C7B6D+2931725]
	GetHandleVerifier [0x00007FF7D16C2132+2908626]
	GetHandleVerifier [0x00007FF7D16E00F3+3031443]
	GetHandleVerifier [0x00007FF7D14291EA+184970]
	GetHandleVerifier [0x00007FF7D143086F+215311]
	GetHandleVerifier [0x00007FF7D1416EC4+110436]
	GetHandleVerifier [0x00007FF7D1417072+110866]
	GetHandleVerifier [0x00007FF7D13FD479+5401]
	BaseThreadInitThunk [0x00007FFCAAD3E8D7+23]
	RtlUserThreadStart [0x00007FFCAC3F14FC+44]

[2025-04-25 01:35:41] Error al extraer producto: Message: no such element: Unable to locate element: {"method":"css selector","selector":".a-text-normal"}
  (Session info: chrome=135.0.7049.115); For documentation on this error, please visit: https://www.selenium.dev/documentation/webdriver/troubleshooting/errors#no-such-element-exception
Stacktrace:
	GetHandleVerifier [0x00007FF7D140EFA5+77893]
	GetHandleVerifier [0x00007FF7D140F000+77984]
	(No symbol) [0x00007FF7D11D91BA]
	(No symbol) [0x00007FF7D122F16D]
	(No symbol) [0x00007FF7D122F41C]
	(No symbol) [0x00007FF7D1221B1C]
	(No symbol) [0x00007FF7D125716F]
	(No symbol) [0x00007FF7D12219E6]
	(No symbol) [0x00007FF7D1257340]
	(No symbol) [0x00007FF7D127F07F]
	(No symbol) [0x00007FF7D1256F03]
	(No symbol) [0x00007FF7D1220328]
	(No symbol) [0x00007FF7D1221093]
	GetHandleVerifier [0x00007FF7D16C7B6D+2931725]
	GetHandleVerifier [0x00007FF7D16C2132+2908626]
	GetHandleVerifier [0x00007FF7D16E00F3+3031443]
	GetHandleVerifier [0x00007FF7D14291EA+184970]
	GetHandleVerifier [0x00007FF7D143086F+215311]
	GetHandleVerifier [0x00007FF7D1416EC4+110436]
	GetHandleVerifier [0x00007FF7D1417072+110866]
	GetHandleVerifier [0x00007FF7D13FD479+5401]
	BaseThreadInitThunk [0x00007FFCAAD3E8D7+23]
	RtlUserThreadStart [0x00007FFCAC3F14FC+44]

[2025-04-25 01:35:59] Error al extraer producto: Message: no such element: Unable to locate element: {"method":"css selector","selector":".a-text-normal"}
  (Session info: chrome=135.0.7049.115); For documentation on this error, please visit: https://www.selenium.dev/documentation/webdriver/troubleshooting/errors#no-such-element-exception
Stacktrace:
	GetHandleVerifier [0x00007FF7D140EFA5+77893]
	GetHandleVerifier [0x00007FF7D140F000+77984]
	(No symbol) [0x00007FF7D11D91BA]
	(No symbol) [0x00007FF7D122F16D]
	(No symbol) [0x00007FF7D122F41C]
	(No symbol) [0x00007FF7D1221B1C]
	(No symbol) [0x00007FF7D125716F]
	(No symbol) [0x00007FF7D12219E6]
	(No symbol) [0x00007FF7D1257340]
	(No symbol) [0x00007FF7D127F07F]
	(No symbol) [0x00007FF7D1256F03]
	(No symbol) [0x00007FF7D1220328]
	(No symbol) [0x00007FF7D1221093]
	GetHandleVerifier [0x00007FF7D16C7B6D+2931725]
	GetHandleVerifier [0x00007FF7D16C2132+2908626]
	GetHandleVerifier [0x00007FF7D16E00F3+3031443]
	GetHandleVerifier [0x00007FF7D14291EA+184970]
	GetHandleVerifier [0x00007FF7D143086F+215311]
	GetHandleVerifier [0x00007FF7D1416EC4+110436]
	GetHandleVerifier [0x00007FF7D1417072+110866]
	GetHandleVerifier [0x00007FF7D13FD479+5401]
	BaseThreadInitThunk [0x00007FFCAAD3E8D7+23]
	RtlUserThreadStart [0x00007FFCAC3F14FC+44]

[2025-04-25 01:35:59] Error al extraer producto: Message: no such element: Unable to locate element: {"method":"css selector","selector":".a-text-normal"}
  (Session info: chrome=135.0.7049.115); For documentation on this error, please visit: https://www.selenium.dev/documentation/webdriver/troubleshooting/errors#no-such-element-exception
Stacktrace:
	GetHandleVerifier [0x00007FF7D140EFA5+77893]
	GetHandleVerifier [0x00007FF7D140F000+77984]
	(No symbol) [0x00007FF7D11D91BA]
	(No symbol) [0x00007FF7D122F16D]
	(No symbol) [0x00007FF7D122F41C]
	(No symbol) [0x00007FF7D1221B1C]
	(No symbol) [0x00007FF7D125716F]
	(No symbol) [0x00007FF7D12219E6]
	(No symbol) [0x00007FF7D1257340]
	(No symbol) [0x00007FF7D127F07F]
	(No symbol) [0x00007FF7D1256F03]
	(No symbol) [0x00007FF7D1220328]
	(No symbol) [0x00007FF7D1221093]
	GetHandleVerifier [0x00007FF7D16C7B6D+2931725]
	GetHandleVerifier [0x00007FF7D16C2132+2908626]
	GetHandleVerifier [0x00007FF7D16E00F3+3031443]
	GetHandleVerifier [0x00007FF7D14291EA+184970]
	GetHandleVerifier [0x00007FF7D143086F+215311]
	GetHandleVerifier [0x00007FF7D1416EC4+110436]
	GetHandleVerifier [0x00007FF7D1417072+110866]
	GetHandleVerifier [0x00007FF7D13FD479+5401]
	BaseThreadInitThunk [0x00007FFCAAD3E8D7+23]
	RtlUserThreadStart [0x00007FFCAC3F14FC+44]

[2025-04-25 01:35:59] Error al extraer producto: Message: no such element: Unable to locate element: {"method":"css selector","selector":".a-text-normal"}
  (Session info: chrome=135.0.7049.115); For documentation on this error, please visit: https://www.selenium.dev/documentation/webdriver/troubleshooting/errors#no-such-element-exception
Stacktrace:
	GetHandleVerifier [0x00007FF7D140EFA5+77893]
	GetHandleVerifier [0x00007FF7D140F000+77984]
	(No symbol) [0x00007FF7D11D91BA]
	(No symbol) [0x00007FF7D122F16D]
	(No symbol) [0x00007FF7D122F41C]
	(No symbol) [0x00007FF7D1221B1C]
	(No symbol) [0x00007FF7D125716F]
	(No symbol) [0x00007FF7D12219E6]
	(No symbol) [0x00007FF7D1257340]
	(No symbol) [0x00007FF7D127F07F]
	(No symbol) [0x00007FF7D1256F03]
	(No symbol) [0x00007FF7D1220328]
	(No symbol) [0x00007FF7D1221093]
	GetHandleVerifier [0x00007FF7D16C7B6D+2931725]
	GetHandleVerifier [0x00007FF7D16C2132+2908626]
	GetHandleVerifier [0x00007FF7D16E00F3+3031443]
	GetHandleVerifier [0x00007FF7D14291EA+184970]
	GetHandleVerifier [0x00007FF7D143086F+215311]
	GetHandleVerifier [0x00007FF7D1416EC4+110436]
	GetHandleVerifier [0x00007FF7D1417072+110866]
	GetHandleVerifier [0x00007FF7D13FD479+5401]
	BaseThreadInitThunk [0x00007FFCAAD3E8D7+23]
	RtlUserThreadStart [0x00007FFCAC3F14FC+44]

[2025-04-25 01:36:35] Error al extraer producto: Message: no such element: Unable to locate element: {"method":"css selector","selector":".a-text-normal"}
  (Session info: chrome=135.0.7049.115); For documentation on this error, please visit: https://www.selenium.dev/documentation/webdriver/troubleshooting/errors#no-such-element-exception
Stacktrace:
	GetHandleVerifier [0x00007FF7D140EFA5+77893]
	GetHandleVerifier [0x00007FF7D140F000+77984]
	(No symbol) [0x00007FF7D11D91BA]
	(No symbol) [0x00007FF7D122F16D]
	(No symbol) [0x00007FF7D122F41C]
	(No symbol) [0x00007FF7D1221B1C]
	(No symbol) [0x00007FF7D125716F]
	(No symbol) [0x00007FF7D12219E6]
	(No symbol) [0x00007FF7D1257340]
	(No symbol) [0x00007FF7D127F07F]
	(No symbol) [0x00007FF7D1256F03]
	(No symbol) [0x00007FF7D1220328]
	(No symbol) [0x00007FF7D1221093]
	GetHandleVerifier [0x00007FF7D16C7B6D+2931725]
	GetHandleVerifier [0x00007FF7D16C2132+2908626]
	GetHandleVerifier [0x00007FF7D16E00F3+3031443]
	GetHandleVerifier [0x00007FF7D14291EA+184970]
	GetHandleVerifier [0x00007FF7D143086F+215311]
	GetHandleVerifier [0x00007FF7D1416EC4+110436]
	GetHandleVerifier [0x00007FF7D1417072+110866]
	GetHandleVerifier [0x00007FF7D13FD479+5401]
	BaseThreadInitThunk [0x00007FFCAAD3E8D7+23]
	RtlUserThreadStart [0x00007FFCAC3F14FC+44]

[2025-04-25 01:36:35] Error al extraer producto: Message: no such element: Unable to locate element: {"method":"css selector","selector":".a-text-normal"}
  (Session info: chrome=135.0.7049.115); For documentation on this error, please visit: https://www.selenium.dev/documentation/webdriver/troubleshooting/errors#no-such-element-exception
Stacktrace:
	GetHandleVerifier [0x00007FF7D140EFA5+77893]
	GetHandleVerifier [0x00007FF7D140F000+77984]
	(No symbol) [0x00007FF7D11D91BA]
	(No symbol) [0x00007FF7D122F16D]
	(No symbol) [0x00007FF7D122F41C]
	(No symbol) [0x00007FF7D1221B1C]
	(No symbol) [0x00007FF7D125716F]
	(No symbol) [0x00007FF7D12219E6]
	(No symbol) [0x00007FF7D1257340]
	(No symbol) [0x00007FF7D127F07F]
	(No symbol) [0x00007FF7D1256F03]
	(No symbol) [0x00007FF7D1220328]
	(No symbol) [0x00007FF7D1221093]
	GetHandleVerifier [0x00007FF7D16C7B6D+2931725]
	GetHandleVerifier [0x00007FF7D16C2132+2908626]
	GetHandleVerifier [0x00007FF7D16E00F3+3031443]
	GetHandleVerifier [0x00007FF7D14291EA+184970]
	GetHandleVerifier [0x00007FF7D143086F+215311]
	GetHandleVerifier [0x00007FF7D1416EC4+110436]
	GetHandleVerifier [0x00007FF7D1417072+110866]
	GetHandleVerifier [0x00007FF7D13FD479+5401]
	BaseThreadInitThunk [0x00007FFCAAD3E8D7+23]
	RtlUserThreadStart [0x00007FFCAC3F14FC+44]

[2025-04-25 01:36:35] Error al extraer producto: Message: no such element: Unable to locate element: {"method":"css selector","selector":".a-text-normal"}
  (Session info: chrome=135.0.7049.115); For documentation on this error, please visit: https://www.selenium.dev/documentation/webdriver/troubleshooting/errors#no-such-element-exception
Stacktrace:
	GetHandleVerifier [0x00007FF7D140EFA5+77893]
	GetHandleVerifier [0x00007FF7D140F000+77984]
	(No symbol) [0x00007FF7D11D91BA]
	(No symbol) [0x00007FF7D122F16D]
	(No symbol) [0x00007FF7D122F41C]
	(No symbol) [0x00007FF7D1221B1C]
	(No symbol) [0x00007FF7D125716F]
	(No symbol) [0x00007FF7D12219E6]
	(No symbol) [0x00007FF7D1257340]
	(No symbol) [0x00007FF7D127F07F]
	(No symbol) [0x00007FF7D1256F03]
	(No symbol) [0x00007FF7D1220328]
	(No symbol) [0x00007FF7D1221093]
	GetHandleVerifier [0x00007FF7D16C7B6D+2931725]
	GetHandleVerifier [0x00007FF7D16C2132+2908626]
	GetHandleVerifier [0x00007FF7D16E00F3+3031443]
	GetHandleVerifier [0x00007FF7D14291EA+184970]
	GetHandleVerifier [0x00007FF7D143086F+215311]
	GetHandleVerifier [0x00007FF7D1416EC4+110436]
	GetHandleVerifier [0x00007FF7D1417072+110866]
	GetHandleVerifier [0x00007FF7D13FD479+5401]
	BaseThreadInitThunk [0x00007FFCAAD3E8D7+23]
	RtlUserThreadStart [0x00007FFCAC3F14FC+44]

[2025-04-25 11:10:42] Error general en Amazon scraper: Message: invalid argument
  (Session info: chrome=135.0.7049.115)
Stacktrace:
	GetHandleVerifier [0x00007FF6A102EFA5+77893]
	GetHandleVerifier [0x00007FF6A102F000+77984]
	(No symbol) [0x00007FF6A0DF8FEC]
	(No symbol) [0x00007FF6A0DE5C88]
	(No symbol) [0x00007FF6A0DE4118]
	(No symbol) [0x00007FF6A0DE473C]
	(No symbol) [0x00007FF6A0DFD08A]
	(No symbol) [0x00007FF6A0E9FDFE]
	(No symbol) [0x00007FF6A0E7712A]
	(No symbol) [0x00007FF6A0E9F07F]
	(No symbol) [0x00007FF6A0E76F03]
	(No symbol) [0x00007FF6A0E40328]
	(No symbol) [0x00007FF6A0E41093]
	GetHandleVerifier [0x00007FF6A12E7B6D+2931725]
	GetHandleVerifier [0x00007FF6A12E2132+2908626]
	GetHandleVerifier [0x00007FF6A13000F3+3031443]
	GetHandleVerifier [0x00007FF6A10491EA+184970]
	GetHandleVerifier [0x00007FF6A105086F+215311]
	GetHandleVerifier [0x00007FF6A1036EC4+110436]
	GetHandleVerifier [0x00007FF6A1037072+110866]
	GetHandleVerifier [0x00007FF6A101D479+5401]
	BaseThreadInitThunk [0x00007FFCAAD3E8D7+23]
	RtlUserThreadStart [0x00007FFCAC3F14FC+44]

[2025-04-25 19:50:55] Message: stale element reference: stale element not found in the current frame
  (Session info: chrome=135.0.7049.115); For documentation on this error, please visit: https://www.selenium.dev/documentation/webdriver/troubleshooting/errors#stale-element-reference-exception
Stacktrace:
	GetHandleVerifier [0x00007FF7A7AEEFA5+77893]
	GetHandleVerifier [0x00007FF7A7AEF000+77984]
	(No symbol) [0x00007FF7A78B91BA]
	(No symbol) [0x00007FF7A78C0AEC]
	(No symbol) [0x00007FF7A78C3B5C]
	(No symbol) [0x00007FF7A78C3C2F]
	(No symbol) [0x00007FF7A790EA17]
	(No symbol) [0x00007FF7A790F41C]
	(No symbol) [0x00007FF7A7901B1C]
	(No symbol) [0x00007FF7A793716F]
	(No symbol) [0x00007FF7A79019E6]
	(No symbol) [0x00007FF7A7937340]
	(No symbol) [0x00007FF7A795F07F]
	(No symbol) [0x00007FF7A7936F03]
	(No symbol) [0x00007FF7A7900328]
	(No symbol) [0x00007FF7A7901093]
	GetHandleVerifier [0x00007FF7A7DA7B6D+2931725]
	GetHandleVerifier [0x00007FF7A7DA2132+2908626]
	GetHandleVerifier [0x00007FF7A7DC00F3+3031443]
	GetHandleVerifier [0x00007FF7A7B091EA+184970]
	GetHandleVerifier [0x00007FF7A7B1086F+215311]
	GetHandleVerifier [0x00007FF7A7AF6EC4+110436]
	GetHandleVerifier [0x00007FF7A7AF7072+110866]
	GetHandleVerifier [0x00007FF7A7ADD479+5401]
	BaseThreadInitThunk [0x00007FFE4E25E8D7+23]
	RtlUserThreadStart [0x00007FFE4F6914FC+44]

[2025-04-25 22:33:36] Message: stale element reference: stale element not found in the current frame
  (Session info: chrome=135.0.7049.115); For documentation on this error, please visit: https://www.selenium.dev/documentation/webdriver/troubleshooting/errors#stale-element-reference-exception
Stacktrace:
	GetHandleVerifier [0x00007FF725B8EFA5+77893]
	GetHandleVerifier [0x00007FF725B8F000+77984]
	(No symbol) [0x00007FF7259591BA]
	(No symbol) [0x00007FF725960AEC]
	(No symbol) [0x00007FF725963B5C]
	(No symbol) [0x00007FF725963C2F]
	(No symbol) [0x00007FF7259AEA17]
	(No symbol) [0x00007FF7259AF41C]
	(No symbol) [0x00007FF7259A1B1C]
	(No symbol) [0x00007FF7259D716F]
	(No symbol) [0x00007FF7259A19E6]
	(No symbol) [0x00007FF7259D7340]
	(No symbol) [0x00007FF7259FF07F]
	(No symbol) [0x00007FF7259D6F03]
	(No symbol) [0x00007FF7259A0328]
	(No symbol) [0x00007FF7259A1093]
	GetHandleVerifier [0x00007FF725E47B6D+2931725]
	GetHandleVerifier [0x00007FF725E42132+2908626]
	GetHandleVerifier [0x00007FF725E600F3+3031443]
	GetHandleVerifier [0x00007FF725BA91EA+184970]
	GetHandleVerifier [0x00007FF725BB086F+215311]
	GetHandleVerifier [0x00007FF725B96EC4+110436]
	GetHandleVerifier [0x00007FF725B97072+110866]
	GetHandleVerifier [0x00007FF725B7D479+5401]
	BaseThreadInitThunk [0x00007FFE4E25E8D7+23]
	RtlUserThreadStart [0x00007FFE4F6914FC+44]

[2025-04-25 22:37:23] Message: stale element reference: stale element not found in the current frame
  (Session info: chrome=135.0.7049.115); For documentation on this error, please visit: https://www.selenium.dev/documentation/webdriver/troubleshooting/errors#stale-element-reference-exception
Stacktrace:
	GetHandleVerifier [0x00007FF7C9BCEFA5+77893]
	GetHandleVerifier [0x00007FF7C9BCF000+77984]
	(No symbol) [0x00007FF7C99991BA]
	(No symbol) [0x00007FF7C99A0AEC]
	(No symbol) [0x00007FF7C99A3B5C]
	(No symbol) [0x00007FF7C99A3C2F]
	(No symbol) [0x00007FF7C99EEA17]
	(No symbol) [0x00007FF7C99EF41C]
	(No symbol) [0x00007FF7C99E1B1C]
	(No symbol) [0x00007FF7C9A1716F]
	(No symbol) [0x00007FF7C99E19E6]
	(No symbol) [0x00007FF7C9A17340]
	(No symbol) [0x00007FF7C9A3F07F]
	(No symbol) [0x00007FF7C9A16F03]
	(No symbol) [0x00007FF7C99E0328]
	(No symbol) [0x00007FF7C99E1093]
	GetHandleVerifier [0x00007FF7C9E87B6D+2931725]
	GetHandleVerifier [0x00007FF7C9E82132+2908626]
	GetHandleVerifier [0x00007FF7C9EA00F3+3031443]
	GetHandleVerifier [0x00007FF7C9BE91EA+184970]
	GetHandleVerifier [0x00007FF7C9BF086F+215311]
	GetHandleVerifier [0x00007FF7C9BD6EC4+110436]
	GetHandleVerifier [0x00007FF7C9BD7072+110866]
	GetHandleVerifier [0x00007FF7C9BBD479+5401]
	BaseThreadInitThunk [0x00007FFE4E25E8D7+23]
	RtlUserThreadStart [0x00007FFE4F6914FC+44]

[2025-04-26 19:05:28] Message: stale element reference: stale element not found in the current frame
  (Session info: chrome=135.0.7049.115); For documentation on this error, please visit: https://www.selenium.dev/documentation/webdriver/troubleshooting/errors#stale-element-reference-exception
Stacktrace:
	GetHandleVerifier [0x00007FF76F55EFA5+77893]
	GetHandleVerifier [0x00007FF76F55F000+77984]
	(No symbol) [0x00007FF76F3291BA]
	(No symbol) [0x00007FF76F330AEC]
	(No symbol) [0x00007FF76F333B5C]
	(No symbol) [0x00007FF76F333C2F]
	(No symbol) [0x00007FF76F37EA17]
	(No symbol) [0x00007FF76F37F41C]
	(No symbol) [0x00007FF76F371B1C]
	(No symbol) [0x00007FF76F3A716F]
	(No symbol) [0x00007FF76F3719E6]
	(No symbol) [0x00007FF76F3A7340]
	(No symbol) [0x00007FF76F3CF07F]
	(No symbol) [0x00007FF76F3A6F03]
	(No symbol) [0x00007FF76F370328]
	(No symbol) [0x00007FF76F371093]
	GetHandleVerifier [0x00007FF76F817B6D+2931725]
	GetHandleVerifier [0x00007FF76F812132+2908626]
	GetHandleVerifier [0x00007FF76F8300F3+3031443]
	GetHandleVerifier [0x00007FF76F5791EA+184970]
	GetHandleVerifier [0x00007FF76F58086F+215311]
	GetHandleVerifier [0x00007FF76F566EC4+110436]
	GetHandleVerifier [0x00007FF76F567072+110866]
	GetHandleVerifier [0x00007FF76F54D479+5401]
	BaseThreadInitThunk [0x00007FFBDBB8E8D7+23]
	RtlUserThreadStart [0x00007FFBDDA714FC+44]

[2025-04-26 19:07:27] Message: stale element reference: stale element not found in the current frame
  (Session info: chrome=135.0.7049.115); For documentation on this error, please visit: https://www.selenium.dev/documentation/webdriver/troubleshooting/errors#stale-element-reference-exception
Stacktrace:
	GetHandleVerifier [0x00007FF76F55EFA5+77893]
	GetHandleVerifier [0x00007FF76F55F000+77984]
	(No symbol) [0x00007FF76F3291BA]
	(No symbol) [0x00007FF76F330AEC]
	(No symbol) [0x00007FF76F333B5C]
	(No symbol) [0x00007FF76F333C2F]
	(No symbol) [0x00007FF76F378D86]
	(No symbol) [0x00007FF76F3A712A]
	(No symbol) [0x00007FF76F3719E6]
	(No symbol) [0x00007FF76F3A7340]
	(No symbol) [0x00007FF76F3CF07F]
	(No symbol) [0x00007FF76F3A6F03]
	(No symbol) [0x00007FF76F370328]
	(No symbol) [0x00007FF76F371093]
	GetHandleVerifier [0x00007FF76F817B6D+2931725]
	GetHandleVerifier [0x00007FF76F812132+2908626]
	GetHandleVerifier [0x00007FF76F8300F3+3031443]
	GetHandleVerifier [0x00007FF76F5791EA+184970]
	GetHandleVerifier [0x00007FF76F58086F+215311]
	GetHandleVerifier [0x00007FF76F566EC4+110436]
	GetHandleVerifier [0x00007FF76F567072+110866]
	GetHandleVerifier [0x00007FF76F54D479+5401]
	BaseThreadInitThunk [0x00007FFBDBB8E8D7+23]
	RtlUserThreadStart [0x00007FFBDDA714FC+44]

[2025-04-26 19:08:27] Message: stale element reference: stale element not found in the current frame
  (Session info: chrome=135.0.7049.115); For documentation on this error, please visit: https://www.selenium.dev/documentation/webdriver/troubleshooting/errors#stale-element-reference-exception
Stacktrace:
	GetHandleVerifier [0x00007FF76F55EFA5+77893]
	GetHandleVerifier [0x00007FF76F55F000+77984]
	(No symbol) [0x00007FF76F3291BA]
	(No symbol) [0x00007FF76F330AEC]
	(No symbol) [0x00007FF76F333B5C]
	(No symbol) [0x00007FF76F333C2F]
	(No symbol) [0x00007FF76F37EA17]
	(No symbol) [0x00007FF76F37F41C]
	(No symbol) [0x00007FF76F371B1C]
	(No symbol) [0x00007FF76F3A716F]
	(No symbol) [0x00007FF76F3719E6]
	(No symbol) [0x00007FF76F3A7340]
	(No symbol) [0x00007FF76F3CF07F]
	(No symbol) [0x00007FF76F3A6F03]
	(No symbol) [0x00007FF76F370328]
	(No symbol) [0x00007FF76F371093]
	GetHandleVerifier [0x00007FF76F817B6D+2931725]
	GetHandleVerifier [0x00007FF76F812132+2908626]
	GetHandleVerifier [0x00007FF76F8300F3+3031443]
	GetHandleVerifier [0x00007FF76F5791EA+184970]
	GetHandleVerifier [0x00007FF76F58086F+215311]
	GetHandleVerifier [0x00007FF76F566EC4+110436]
	GetHandleVerifier [0x00007FF76F567072+110866]
	GetHandleVerifier [0x00007FF76F54D479+5401]
	BaseThreadInitThunk [0x00007FFBDBB8E8D7+23]
	RtlUserThreadStart [0x00007FFBDDA714FC+44]

[2025-04-26 19:21:05] Error al extraer producto: Message: no such element: Unable to locate element: {"method":"css selector","selector":".a-text-normal"}
  (Session info: chrome=135.0.7049.115); For documentation on this error, please visit: https://www.selenium.dev/documentation/webdriver/troubleshooting/errors#no-such-element-exception
Stacktrace:
	GetHandleVerifier [0x00007FF76F55EFA5+77893]
	GetHandleVerifier [0x00007FF76F55F000+77984]
	(No symbol) [0x00007FF76F3291BA]
	(No symbol) [0x00007FF76F37F16D]
	(No symbol) [0x00007FF76F37F41C]
	(No symbol) [0x00007FF76F371B1C]
	(No symbol) [0x00007FF76F3A716F]
	(No symbol) [0x00007FF76F3719E6]
	(No symbol) [0x00007FF76F3A7340]
	(No symbol) [0x00007FF76F3CF07F]
	(No symbol) [0x00007FF76F3A6F03]
	(No symbol) [0x00007FF76F370328]
	(No symbol) [0x00007FF76F371093]
	GetHandleVerifier [0x00007FF76F817B6D+2931725]
	GetHandleVerifier [0x00007FF76F812132+2908626]
	GetHandleVerifier [0x00007FF76F8300F3+3031443]
	GetHandleVerifier [0x00007FF76F5791EA+184970]
	GetHandleVerifier [0x00007FF76F58086F+215311]
	GetHandleVerifier [0x00007FF76F566EC4+110436]
	GetHandleVerifier [0x00007FF76F567072+110866]
	GetHandleVerifier [0x00007FF76F54D479+5401]
	BaseThreadInitThunk [0x00007FFBDBB8E8D7+23]
	RtlUserThreadStart [0x00007FFBDDA714FC+44]

[2025-04-26 19:21:23] Error al extraer producto: Message: no such element: Unable to locate element: {"method":"css selector","selector":".a-text-normal"}
  (Session info: chrome=135.0.7049.115); For documentation on this error, please visit: https://www.selenium.dev/documentation/webdriver/troubleshooting/errors#no-such-element-exception
Stacktrace:
	GetHandleVerifier [0x00007FF76F55EFA5+77893]
	GetHandleVerifier [0x00007FF76F55F000+77984]
	(No symbol) [0x00007FF76F3291BA]
	(No symbol) [0x00007FF76F37F16D]
	(No symbol) [0x00007FF76F37F41C]
	(No symbol) [0x00007FF76F371B1C]
	(No symbol) [0x00007FF76F3A716F]
	(No symbol) [0x00007FF76F3719E6]
	(No symbol) [0x00007FF76F3A7340]
	(No symbol) [0x00007FF76F3CF07F]
	(No symbol) [0x00007FF76F3A6F03]
	(No symbol) [0x00007FF76F370328]
	(No symbol) [0x00007FF76F371093]
	GetHandleVerifier [0x00007FF76F817B6D+2931725]
	GetHandleVerifier [0x00007FF76F812132+2908626]
	GetHandleVerifier [0x00007FF76F8300F3+3031443]
	GetHandleVerifier [0x00007FF76F5791EA+184970]
	GetHandleVerifier [0x00007FF76F58086F+215311]
	GetHandleVerifier [0x00007FF76F566EC4+110436]
	GetHandleVerifier [0x00007FF76F567072+110866]
	GetHandleVerifier [0x00007FF76F54D479+5401]
	BaseThreadInitThunk [0x00007FFBDBB8E8D7+23]
	RtlUserThreadStart [0x00007FFBDDA714FC+44]

[2025-04-26 19:21:23] Error al extraer producto: Message: no such element: Unable to locate element: {"method":"css selector","selector":".a-text-normal"}
  (Session info: chrome=135.0.7049.115); For documentation on this error, please visit: https://www.selenium.dev/documentation/webdriver/troubleshooting/errors#no-such-element-exception
Stacktrace:
	GetHandleVerifier [0x00007FF76F55EFA5+77893]
	GetHandleVerifier [0x00007FF76F55F000+77984]
	(No symbol) [0x00007FF76F3291BA]
	(No symbol) [0x00007FF76F37F16D]
	(No symbol) [0x00007FF76F37F41C]
	(No symbol) [0x00007FF76F371B1C]
	(No symbol) [0x00007FF76F3A716F]
	(No symbol) [0x00007FF76F3719E6]
	(No symbol) [0x00007FF76F3A7340]
	(No symbol) [0x00007FF76F3CF07F]
	(No symbol) [0x00007FF76F3A6F03]
	(No symbol) [0x00007FF76F370328]
	(No symbol) [0x00007FF76F371093]
	GetHandleVerifier [0x00007FF76F817B6D+2931725]
	GetHandleVerifier [0x00007FF76F812132+2908626]
	GetHandleVerifier [0x00007FF76F8300F3+3031443]
	GetHandleVerifier [0x00007FF76F5791EA+184970]
	GetHandleVerifier [0x00007FF76F58086F+215311]
	GetHandleVerifier [0x00007FF76F566EC4+110436]
	GetHandleVerifier [0x00007FF76F567072+110866]
	GetHandleVerifier [0x00007FF76F54D479+5401]
	BaseThreadInitThunk [0x00007FFBDBB8E8D7+23]
	RtlUserThreadStart [0x00007FFBDDA714FC+44]

[2025-04-26 19:21:23] Error al extraer producto: Message: no such element: Unable to locate element: {"method":"css selector","selector":".a-text-normal"}
  (Session info: chrome=135.0.7049.115); For documentation on this error, please visit: https://www.selenium.dev/documentation/webdriver/troubleshooting/errors#no-such-element-exception
Stacktrace:
	GetHandleVerifier [0x00007FF76F55EFA5+77893]
	GetHandleVerifier [0x00007FF76F55F000+77984]
	(No symbol) [0x00007FF76F3291BA]
	(No symbol) [0x00007FF76F37F16D]
	(No symbol) [0x00007FF76F37F41C]
	(No symbol) [0x00007FF76F371B1C]
	(No symbol) [0x00007FF76F3A716F]
	(No symbol) [0x00007FF76F3719E6]
	(No symbol) [0x00007FF76F3A7340]
	(No symbol) [0x00007FF76F3CF07F]
	(No symbol) [0x00007FF76F3A6F03]
	(No symbol) [0x00007FF76F370328]
	(No symbol) [0x00007FF76F371093]
	GetHandleVerifier [0x00007FF76F817B6D+2931725]
	GetHandleVerifier [0x00007FF76F812132+2908626]
	GetHandleVerifier [0x00007FF76F8300F3+3031443]
	GetHandleVerifier [0x00007FF76F5791EA+184970]
	GetHandleVerifier [0x00007FF76F58086F+215311]
	GetHandleVerifier [0x00007FF76F566EC4+110436]
	GetHandleVerifier [0x00007FF76F567072+110866]
	GetHandleVerifier [0x00007FF76F54D479+5401]
	BaseThreadInitThunk [0x00007FFBDBB8E8D7+23]
	RtlUserThreadStart [0x00007FFBDDA714FC+44]

[2025-04-26 19:27:32] Error general en AliExpress scraper: Message: invalid argument
  (Session info: chrome=135.0.7049.115)
Stacktrace:
	GetHandleVerifier [0x00007FF76F55EFA5+77893]
	GetHandleVerifier [0x00007FF76F55F000+77984]
	(No symbol) [0x00007FF76F328FEC]
	(No symbol) [0x00007FF76F315C88]
	(No symbol) [0x00007FF76F314118]
	(No symbol) [0x00007FF76F31473C]
	(No symbol) [0x00007FF76F32D08A]
	(No symbol) [0x00007FF76F3CFDFE]
	(No symbol) [0x00007FF76F3A712A]
	(No symbol) [0x00007FF76F3CF07F]
	(No symbol) [0x00007FF76F3A6F03]
	(No symbol) [0x00007FF76F370328]
	(No symbol) [0x00007FF76F371093]
	GetHandleVerifier [0x00007FF76F817B6D+2931725]
	GetHandleVerifier [0x00007FF76F812132+2908626]
	GetHandleVerifier [0x00007FF76F8300F3+3031443]
	GetHandleVerifier [0x00007FF76F5791EA+184970]
	GetHandleVerifier [0x00007FF76F58086F+215311]
	GetHandleVerifier [0x00007FF76F566EC4+110436]
	GetHandleVerifier [0x00007FF76F567072+110866]
	GetHandleVerifier [0x00007FF76F54D479+5401]
	BaseThreadInitThunk [0x00007FFBDBB8E8D7+23]
	RtlUserThreadStart [0x00007FFBDDA714FC+44]

[2025-04-26 19:50:28] Error al extraer producto: Message: no such element: Unable to locate element: {"method":"css selector","selector":".a-text-normal"}
  (Session info: chrome=135.0.7049.115); For documentation on this error, please visit: https://www.selenium.dev/documentation/webdriver/troubleshooting/errors#no-such-element-exception
Stacktrace:
	GetHandleVerifier [0x00007FF76F55EFA5+77893]
	GetHandleVerifier [0x00007FF76F55F000+77984]
	(No symbol) [0x00007FF76F3291BA]
	(No symbol) [0x00007FF76F37F16D]
	(No symbol) [0x00007FF76F37F41C]
	(No symbol) [0x00007FF76F371B1C]
	(No symbol) [0x00007FF76F3A716F]
	(No symbol) [0x00007FF76F3719E6]
	(No symbol) [0x00007FF76F3A7340]
	(No symbol) [0x00007FF76F3CF07F]
	(No symbol) [0x00007FF76F3A6F03]
	(No symbol) [0x00007FF76F370328]
	(No symbol) [0x00007FF76F371093]
	GetHandleVerifier [0x00007FF76F817B6D+2931725]
	GetHandleVerifier [0x00007FF76F812132+2908626]
	GetHandleVerifier [0x00007FF76F8300F3+3031443]
	GetHandleVerifier [0x00007FF76F5791EA+184970]
	GetHandleVerifier [0x00007FF76F58086F+215311]
	GetHandleVerifier [0x00007FF76F566EC4+110436]
	GetHandleVerifier [0x00007FF76F567072+110866]
	GetHandleVerifier [0x00007FF76F54D479+5401]
	BaseThreadInitThunk [0x00007FFBDBB8E8D7+23]
	RtlUserThreadStart [0x00007FFBDDA714FC+44]

[2025-04-26 19:50:47] Error al extraer producto: Message: no such element: Unable to locate element: {"method":"css selector","selector":".a-text-normal"}
  (Session info: chrome=135.0.7049.115); For documentation on this error, please visit: https://www.selenium.dev/documentation/webdriver/troubleshooting/errors#no-such-element-exception
Stacktrace:
	GetHandleVerifier [0x00007FF76F55EFA5+77893]
	GetHandleVerifier [0x00007FF76F55F000+77984]
	(No symbol) [0x00007FF76F3291BA]
	(No symbol) [0x00007FF76F37F16D]
	(No symbol) [0x00007FF76F37F41C]
	(No symbol) [0x00007FF76F371B1C]
	(No symbol) [0x00007FF76F3A716F]
	(No symbol) [0x00007FF76F3719E6]
	(No symbol) [0x00007FF76F3A7340]
	(No symbol) [0x00007FF76F3CF07F]
	(No symbol) [0x00007FF76F3A6F03]
	(No symbol) [0x00007FF76F370328]
	(No symbol) [0x00007FF76F371093]
	GetHandleVerifier [0x00007FF76F817B6D+2931725]
	GetHandleVerifier [0x00007FF76F812132+2908626]
	GetHandleVerifier [0x00007FF76F8300F3+3031443]
	GetHandleVerifier [0x00007FF76F5791EA+184970]
	GetHandleVerifier [0x00007FF76F58086F+215311]
	GetHandleVerifier [0x00007FF76F566EC4+110436]
	GetHandleVerifier [0x00007FF76F567072+110866]
	GetHandleVerifier [0x00007FF76F54D479+5401]
	BaseThreadInitThunk [0x00007FFBDBB8E8D7+23]
	RtlUserThreadStart [0x00007FFBDDA714FC+44]

[2025-04-26 19:50:47] Error al extraer producto: Message: no such element: Unable to locate element: {"method":"css selector","selector":".a-text-normal"}
  (Session info: chrome=135.0.7049.115); For documentation on this error, please visit: https://www.selenium.dev/documentation/webdriver/troubleshooting/errors#no-such-element-exception
Stacktrace:
	GetHandleVerifier [0x00007FF76F55EFA5+77893]
	GetHandleVerifier [0x00007FF76F55F000+77984]
	(No symbol) [0x00007FF76F3291BA]
	(No symbol) [0x00007FF76F37F16D]
	(No symbol) [0x00007FF76F37F41C]
	(No symbol) [0x00007FF76F371B1C]
	(No symbol) [0x00007FF76F3A716F]
	(No symbol) [0x00007FF76F3719E6]
	(No symbol) [0x00007FF76F3A7340]
	(No symbol) [0x00007FF76F3CF07F]
	(No symbol) [0x00007FF76F3A6F03]
	(No symbol) [0x00007FF76F370328]
	(No symbol) [0x00007FF76F371093]
	GetHandleVerifier [0x00007FF76F817B6D+2931725]
	GetHandleVerifier [0x00007FF76F812132+2908626]
	GetHandleVerifier [0x00007FF76F8300F3+3031443]
	GetHandleVerifier [0x00007FF76F5791EA+184970]
	GetHandleVerifier [0x00007FF76F58086F+215311]
	GetHandleVerifier [0x00007FF76F566EC4+110436]
	GetHandleVerifier [0x00007FF76F567072+110866]
	GetHandleVerifier [0x00007FF76F54D479+5401]
	BaseThreadInitThunk [0x00007FFBDBB8E8D7+23]
	RtlUserThreadStart [0x00007FFBDDA714FC+44]

[2025-04-26 19:50:47] Error al extraer producto: Message: no such element: Unable to locate element: {"method":"css selector","selector":".a-text-normal"}
  (Session info: chrome=135.0.7049.115); For documentation on this error, please visit: https://www.selenium.dev/documentation/webdriver/troubleshooting/errors#no-such-element-exception
Stacktrace:
	GetHandleVerifier [0x00007FF76F55EFA5+77893]
	GetHandleVerifier [0x00007FF76F55F000+77984]
	(No symbol) [0x00007FF76F3291BA]
	(No symbol) [0x00007FF76F37F16D]
	(No symbol) [0x00007FF76F37F41C]
	(No symbol) [0x00007FF76F371B1C]
	(No symbol) [0x00007FF76F3A716F]
	(No symbol) [0x00007FF76F3719E6]
	(No symbol) [0x00007FF76F3A7340]
	(No symbol) [0x00007FF76F3CF07F]
	(No symbol) [0x00007FF76F3A6F03]
	(No symbol) [0x00007FF76F370328]
	(No symbol) [0x00007FF76F371093]
	GetHandleVerifier [0x00007FF76F817B6D+2931725]
	GetHandleVerifier [0x00007FF76F812132+2908626]
	GetHandleVerifier [0x00007FF76F8300F3+3031443]
	GetHandleVerifier [0x00007FF76F5791EA+184970]
	GetHandleVerifier [0x00007FF76F58086F+215311]
	GetHandleVerifier [0x00007FF76F566EC4+110436]
	GetHandleVerifier [0x00007FF76F567072+110866]
	GetHandleVerifier [0x00007FF76F54D479+5401]
	BaseThreadInitThunk [0x00007FFBDBB8E8D7+23]
	RtlUserThreadStart [0x00007FFBDDA714FC+44]

[2025-04-26 20:51:54] Message: stale element reference: stale element not found in the current frame
  (Session info: chrome=135.0.7049.115); For documentation on this error, please visit: https://www.selenium.dev/documentation/webdriver/troubleshooting/errors#stale-element-reference-exception
Stacktrace:
	GetHandleVerifier [0x00007FF76F55EFA5+77893]
	GetHandleVerifier [0x00007FF76F55F000+77984]
	(No symbol) [0x00007FF76F3291BA]
	(No symbol) [0x00007FF76F330AEC]
	(No symbol) [0x00007FF76F333B5C]
	(No symbol) [0x00007FF76F333C2F]
	(No symbol) [0x00007FF76F37EA17]
	(No symbol) [0x00007FF76F37F41C]
	(No symbol) [0x00007FF76F371B1C]
	(No symbol) [0x00007FF76F3A716F]
	(No symbol) [0x00007FF76F3719E6]
	(No symbol) [0x00007FF76F3A7340]
	(No symbol) [0x00007FF76F3CF07F]
	(No symbol) [0x00007FF76F3A6F03]
	(No symbol) [0x00007FF76F370328]
	(No symbol) [0x00007FF76F371093]
	GetHandleVerifier [0x00007FF76F817B6D+2931725]
	GetHandleVerifier [0x00007FF76F812132+2908626]
	GetHandleVerifier [0x00007FF76F8300F3+3031443]
	GetHandleVerifier [0x00007FF76F5791EA+184970]
	GetHandleVerifier [0x00007FF76F58086F+215311]
	GetHandleVerifier [0x00007FF76F566EC4+110436]
	GetHandleVerifier [0x00007FF76F567072+110866]
	GetHandleVerifier [0x00007FF76F54D479+5401]
	BaseThreadInitThunk [0x00007FFBDBB8E8D7+23]
	RtlUserThreadStart [0x00007FFBDDA714FC+44]

[2025-04-26 20:52:51] Message: stale element reference: stale element not found in the current frame
  (Session info: chrome=135.0.7049.115); For documentation on this error, please visit: https://www.selenium.dev/documentation/webdriver/troubleshooting/errors#stale-element-reference-exception
Stacktrace:
	GetHandleVerifier [0x00007FF76F55EFA5+77893]
	GetHandleVerifier [0x00007FF76F55F000+77984]
	(No symbol) [0x00007FF76F3291BA]
	(No symbol) [0x00007FF76F330AEC]
	(No symbol) [0x00007FF76F333B5C]
	(No symbol) [0x00007FF76F333C2F]
	(No symbol) [0x00007FF76F37EA17]
	(No symbol) [0x00007FF76F37F41C]
	(No symbol) [0x00007FF76F371B1C]
	(No symbol) [0x00007FF76F3A716F]
	(No symbol) [0x00007FF76F3719E6]
	(No symbol) [0x00007FF76F3A7340]
	(No symbol) [0x00007FF76F3CF07F]
	(No symbol) [0x00007FF76F3A6F03]
	(No symbol) [0x00007FF76F370328]
	(No symbol) [0x00007FF76F371093]
	GetHandleVerifier [0x00007FF76F817B6D+2931725]
	GetHandleVerifier [0x00007FF76F812132+2908626]
	GetHandleVerifier [0x00007FF76F8300F3+3031443]
	GetHandleVerifier [0x00007FF76F5791EA+184970]
	GetHandleVerifier [0x00007FF76F58086F+215311]
	GetHandleVerifier [0x00007FF76F566EC4+110436]
	GetHandleVerifier [0x00007FF76F567072+110866]
	GetHandleVerifier [0x00007FF76F54D479+5401]
	BaseThreadInitThunk [0x00007FFBDBB8E8D7+23]
	RtlUserThreadStart [0x00007FFBDDA714FC+44]

[2025-04-26 20:54:25] Error al extraer producto: Message: no such element: Unable to locate element: {"method":"css selector","selector":".a-text-normal"}
  (Session info: chrome=135.0.7049.115); For documentation on this error, please visit: https://www.selenium.dev/documentation/webdriver/troubleshooting/errors#no-such-element-exception
Stacktrace:
	GetHandleVerifier [0x00007FF76F55EFA5+77893]
	GetHandleVerifier [0x00007FF76F55F000+77984]
	(No symbol) [0x00007FF76F3291BA]
	(No symbol) [0x00007FF76F37F16D]
	(No symbol) [0x00007FF76F37F41C]
	(No symbol) [0x00007FF76F371B1C]
	(No symbol) [0x00007FF76F3A716F]
	(No symbol) [0x00007FF76F3719E6]
	(No symbol) [0x00007FF76F3A7340]
	(No symbol) [0x00007FF76F3CF07F]
	(No symbol) [0x00007FF76F3A6F03]
	(No symbol) [0x00007FF76F370328]
	(No symbol) [0x00007FF76F371093]
	GetHandleVerifier [0x00007FF76F817B6D+2931725]
	GetHandleVerifier [0x00007FF76F812132+2908626]
	GetHandleVerifier [0x00007FF76F8300F3+3031443]
	GetHandleVerifier [0x00007FF76F5791EA+184970]
	GetHandleVerifier [0x00007FF76F58086F+215311]
	GetHandleVerifier [0x00007FF76F566EC4+110436]
	GetHandleVerifier [0x00007FF76F567072+110866]
	GetHandleVerifier [0x00007FF76F54D479+5401]
	BaseThreadInitThunk [0x00007FFBDBB8E8D7+23]
	RtlUserThreadStart [0x00007FFBDDA714FC+44]

[2025-04-26 20:54:25] Error al extraer producto: Message: no such element: Unable to locate element: {"method":"css selector","selector":".a-text-normal"}
  (Session info: chrome=135.0.7049.115); For documentation on this error, please visit: https://www.selenium.dev/documentation/webdriver/troubleshooting/errors#no-such-element-exception
Stacktrace:
	GetHandleVerifier [0x00007FF76F55EFA5+77893]
	GetHandleVerifier [0x00007FF76F55F000+77984]
	(No symbol) [0x00007FF76F3291BA]
	(No symbol) [0x00007FF76F37F16D]
	(No symbol) [0x00007FF76F37F41C]
	(No symbol) [0x00007FF76F371B1C]
	(No symbol) [0x00007FF76F3A716F]
	(No symbol) [0x00007FF76F3719E6]
	(No symbol) [0x00007FF76F3A7340]
	(No symbol) [0x00007FF76F3CF07F]
	(No symbol) [0x00007FF76F3A6F03]
	(No symbol) [0x00007FF76F370328]
	(No symbol) [0x00007FF76F371093]
	GetHandleVerifier [0x00007FF76F817B6D+2931725]
	GetHandleVerifier [0x00007FF76F812132+2908626]
	GetHandleVerifier [0x00007FF76F8300F3+3031443]
	GetHandleVerifier [0x00007FF76F5791EA+184970]
	GetHandleVerifier [0x00007FF76F58086F+215311]
	GetHandleVerifier [0x00007FF76F566EC4+110436]
	GetHandleVerifier [0x00007FF76F567072+110866]
	GetHandleVerifier [0x00007FF76F54D479+5401]
	BaseThreadInitThunk [0x00007FFBDBB8E8D7+23]
	RtlUserThreadStart [0x00007FFBDDA714FC+44]

[2025-04-26 20:54:25] Error al extraer producto: Message: no such element: Unable to locate element: {"method":"css selector","selector":".a-text-normal"}
  (Session info: chrome=135.0.7049.115); For documentation on this error, please visit: https://www.selenium.dev/documentation/webdriver/troubleshooting/errors#no-such-element-exception
Stacktrace:
	GetHandleVerifier [0x00007FF76F55EFA5+77893]
	GetHandleVerifier [0x00007FF76F55F000+77984]
	(No symbol) [0x00007FF76F3291BA]
	(No symbol) [0x00007FF76F37F16D]
	(No symbol) [0x00007FF76F37F41C]
	(No symbol) [0x00007FF76F371B1C]
	(No symbol) [0x00007FF76F3A716F]
	(No symbol) [0x00007FF76F3719E6]
	(No symbol) [0x00007FF76F3A7340]
	(No symbol) [0x00007FF76F3CF07F]
	(No symbol) [0x00007FF76F3A6F03]
	(No symbol) [0x00007FF76F370328]
	(No symbol) [0x00007FF76F371093]
	GetHandleVerifier [0x00007FF76F817B6D+2931725]
	GetHandleVerifier [0x00007FF76F812132+2908626]
	GetHandleVerifier [0x00007FF76F8300F3+3031443]
	GetHandleVerifier [0x00007FF76F5791EA+184970]
	GetHandleVerifier [0x00007FF76F58086F+215311]
	GetHandleVerifier [0x00007FF76F566EC4+110436]
	GetHandleVerifier [0x00007FF76F567072+110866]
	GetHandleVerifier [0x00007FF76F54D479+5401]
	BaseThreadInitThunk [0x00007FFBDBB8E8D7+23]
	RtlUserThreadStart [0x00007FFBDDA714FC+44]

[2025-04-26 21:03:47] Message: stale element reference: stale element not found in the current frame
  (Session info: chrome=135.0.7049.115); For documentation on this error, please visit: https://www.selenium.dev/documentation/webdriver/troubleshooting/errors#stale-element-reference-exception
Stacktrace:
	GetHandleVerifier [0x00007FF76F55EFA5+77893]
	GetHandleVerifier [0x00007FF76F55F000+77984]
	(No symbol) [0x00007FF76F3291BA]
	(No symbol) [0x00007FF76F330AEC]
	(No symbol) [0x00007FF76F333B5C]
	(No symbol) [0x00007FF76F333C2F]
	(No symbol) [0x00007FF76F37EA17]
	(No symbol) [0x00007FF76F37F41C]
	(No symbol) [0x00007FF76F371B1C]
	(No symbol) [0x00007FF76F3A716F]
	(No symbol) [0x00007FF76F3719E6]
	(No symbol) [0x00007FF76F3A7340]
	(No symbol) [0x00007FF76F3CF07F]
	(No symbol) [0x00007FF76F3A6F03]
	(No symbol) [0x00007FF76F370328]
	(No symbol) [0x00007FF76F371093]
	GetHandleVerifier [0x00007FF76F817B6D+2931725]
	GetHandleVerifier [0x00007FF76F812132+2908626]
	GetHandleVerifier [0x00007FF76F8300F3+3031443]
	GetHandleVerifier [0x00007FF76F5791EA+184970]
	GetHandleVerifier [0x00007FF76F58086F+215311]
	GetHandleVerifier [0x00007FF76F566EC4+110436]
	GetHandleVerifier [0x00007FF76F567072+110866]
	GetHandleVerifier [0x00007FF76F54D479+5401]
	BaseThreadInitThunk [0x00007FFBDBB8E8D7+23]
	RtlUserThreadStart [0x00007FFBDDA714FC+44]

[2025-04-26 21:14:10] Message: stale element reference: stale element not found in the current frame
  (Session info: chrome=135.0.7049.115); For documentation on this error, please visit: https://www.selenium.dev/documentation/webdriver/troubleshooting/errors#stale-element-reference-exception
Stacktrace:
	GetHandleVerifier [0x00007FF76F55EFA5+77893]
	GetHandleVerifier [0x00007FF76F55F000+77984]
	(No symbol) [0x00007FF76F3291BA]
	(No symbol) [0x00007FF76F330AEC]
	(No symbol) [0x00007FF76F333B5C]
	(No symbol) [0x00007FF76F333C2F]
	(No symbol) [0x00007FF76F37EA17]
	(No symbol) [0x00007FF76F37F41C]
	(No symbol) [0x00007FF76F371B1C]
	(No symbol) [0x00007FF76F3A716F]
	(No symbol) [0x00007FF76F3719E6]
	(No symbol) [0x00007FF76F3A7340]
	(No symbol) [0x00007FF76F3CF07F]
	(No symbol) [0x00007FF76F3A6F03]
	(No symbol) [0x00007FF76F370328]
	(No symbol) [0x00007FF76F371093]
	GetHandleVerifier [0x00007FF76F817B6D+2931725]
	GetHandleVerifier [0x00007FF76F812132+2908626]
	GetHandleVerifier [0x00007FF76F8300F3+3031443]
	GetHandleVerifier [0x00007FF76F5791EA+184970]
	GetHandleVerifier [0x00007FF76F58086F+215311]
	GetHandleVerifier [0x00007FF76F566EC4+110436]
	GetHandleVerifier [0x00007FF76F567072+110866]
	GetHandleVerifier [0x00007FF76F54D479+5401]
	BaseThreadInitThunk [0x00007FFBDBB8E8D7+23]
	RtlUserThreadStart [0x00007FFBDDA714FC+44]

[2025-04-26 21:18:13] Message: stale element reference: stale element not found in the current frame
  (Session info: chrome=135.0.7049.115); For documentation on this error, please visit: https://www.selenium.dev/documentation/webdriver/troubleshooting/errors#stale-element-reference-exception
Stacktrace:
	GetHandleVerifier [0x00007FF76F55EFA5+77893]
	GetHandleVerifier [0x00007FF76F55F000+77984]
	(No symbol) [0x00007FF76F3291BA]
	(No symbol) [0x00007FF76F330AEC]
	(No symbol) [0x00007FF76F333B5C]
	(No symbol) [0x00007FF76F333C2F]
	(No symbol) [0x00007FF76F37EA17]
	(No symbol) [0x00007FF76F37F41C]
	(No symbol) [0x00007FF76F371B1C]
	(No symbol) [0x00007FF76F3A716F]
	(No symbol) [0x00007FF76F3719E6]
	(No symbol) [0x00007FF76F3A7340]
	(No symbol) [0x00007FF76F3CF07F]
	(No symbol) [0x00007FF76F3A6F03]
	(No symbol) [0x00007FF76F370328]
	(No symbol) [0x00007FF76F371093]
	GetHandleVerifier [0x00007FF76F817B6D+2931725]
	GetHandleVerifier [0x00007FF76F812132+2908626]
	GetHandleVerifier [0x00007FF76F8300F3+3031443]
	GetHandleVerifier [0x00007FF76F5791EA+184970]
	GetHandleVerifier [0x00007FF76F58086F+215311]
	GetHandleVerifier [0x00007FF76F566EC4+110436]
	GetHandleVerifier [0x00007FF76F567072+110866]
	GetHandleVerifier [0x00007FF76F54D479+5401]
	BaseThreadInitThunk [0x00007FFBDBB8E8D7+23]
	RtlUserThreadStart [0x00007FFBDDA714FC+44]

[2025-04-26 21:24:36] Message: stale element reference: stale element not found in the current frame
  (Session info: chrome=135.0.7049.115); For documentation on this error, please visit: https://www.selenium.dev/documentation/webdriver/troubleshooting/errors#stale-element-reference-exception
Stacktrace:
	GetHandleVerifier [0x00007FF76F55EFA5+77893]
	GetHandleVerifier [0x00007FF76F55F000+77984]
	(No symbol) [0x00007FF76F3291BA]
	(No symbol) [0x00007FF76F330AEC]
	(No symbol) [0x00007FF76F333B5C]
	(No symbol) [0x00007FF76F333C2F]
	(No symbol) [0x00007FF76F37EA17]
	(No symbol) [0x00007FF76F37F41C]
	(No symbol) [0x00007FF76F371B1C]
	(No symbol) [0x00007FF76F3A716F]
	(No symbol) [0x00007FF76F3719E6]
	(No symbol) [0x00007FF76F3A7340]
	(No symbol) [0x00007FF76F3CF07F]
	(No symbol) [0x00007FF76F3A6F03]
	(No symbol) [0x00007FF76F370328]
	(No symbol) [0x00007FF76F371093]
	GetHandleVerifier [0x00007FF76F817B6D+2931725]
	GetHandleVerifier [0x00007FF76F812132+2908626]
	GetHandleVerifier [0x00007FF76F8300F3+3031443]
	GetHandleVerifier [0x00007FF76F5791EA+184970]
	GetHandleVerifier [0x00007FF76F58086F+215311]
	GetHandleVerifier [0x00007FF76F566EC4+110436]
	GetHandleVerifier [0x00007FF76F567072+110866]
	GetHandleVerifier [0x00007FF76F54D479+5401]
	BaseThreadInitThunk [0x00007FFBDBB8E8D7+23]
	RtlUserThreadStart [0x00007FFBDDA714FC+44]

[2025-04-26 21:27:26] Error al extraer producto: Message: no such element: Unable to locate element: {"method":"css selector","selector":".a-text-normal"}
  (Session info: chrome=135.0.7049.115); For documentation on this error, please visit: https://www.selenium.dev/documentation/webdriver/troubleshooting/errors#no-such-element-exception
Stacktrace:
	GetHandleVerifier [0x00007FF76F55EFA5+77893]
	GetHandleVerifier [0x00007FF76F55F000+77984]
	(No symbol) [0x00007FF76F3291BA]
	(No symbol) [0x00007FF76F37F16D]
	(No symbol) [0x00007FF76F37F41C]
	(No symbol) [0x00007FF76F371B1C]
	(No symbol) [0x00007FF76F3A716F]
	(No symbol) [0x00007FF76F3719E6]
	(No symbol) [0x00007FF76F3A7340]
	(No symbol) [0x00007FF76F3CF07F]
	(No symbol) [0x00007FF76F3A6F03]
	(No symbol) [0x00007FF76F370328]
	(No symbol) [0x00007FF76F371093]
	GetHandleVerifier [0x00007FF76F817B6D+2931725]
	GetHandleVerifier [0x00007FF76F812132+2908626]
	GetHandleVerifier [0x00007FF76F8300F3+3031443]
	GetHandleVerifier [0x00007FF76F5791EA+184970]
	GetHandleVerifier [0x00007FF76F58086F+215311]
	GetHandleVerifier [0x00007FF76F566EC4+110436]
	GetHandleVerifier [0x00007FF76F567072+110866]
	GetHandleVerifier [0x00007FF76F54D479+5401]
	BaseThreadInitThunk [0x00007FFBDBB8E8D7+23]
	RtlUserThreadStart [0x00007FFBDDA714FC+44]

[2025-04-26 21:27:26] Error al extraer producto: Message: no such element: Unable to locate element: {"method":"css selector","selector":".a-text-normal"}
  (Session info: chrome=135.0.7049.115); For documentation on this error, please visit: https://www.selenium.dev/documentation/webdriver/troubleshooting/errors#no-such-element-exception
Stacktrace:
	GetHandleVerifier [0x00007FF76F55EFA5+77893]
	GetHandleVerifier [0x00007FF76F55F000+77984]
	(No symbol) [0x00007FF76F3291BA]
	(No symbol) [0x00007FF76F37F16D]
	(No symbol) [0x00007FF76F37F41C]
	(No symbol) [0x00007FF76F371B1C]
	(No symbol) [0x00007FF76F3A716F]
	(No symbol) [0x00007FF76F3719E6]
	(No symbol) [0x00007FF76F3A7340]
	(No symbol) [0x00007FF76F3CF07F]
	(No symbol) [0x00007FF76F3A6F03]
	(No symbol) [0x00007FF76F370328]
	(No symbol) [0x00007FF76F371093]
	GetHandleVerifier [0x00007FF76F817B6D+2931725]
	GetHandleVerifier [0x00007FF76F812132+2908626]
	GetHandleVerifier [0x00007FF76F8300F3+3031443]
	GetHandleVerifier [0x00007FF76F5791EA+184970]
	GetHandleVerifier [0x00007FF76F58086F+215311]
	GetHandleVerifier [0x00007FF76F566EC4+110436]
	GetHandleVerifier [0x00007FF76F567072+110866]
	GetHandleVerifier [0x00007FF76F54D479+5401]
	BaseThreadInitThunk [0x00007FFBDBB8E8D7+23]
	RtlUserThreadStart [0x00007FFBDDA714FC+44]

[2025-04-26 21:27:26] Error al extraer producto: Message: no such element: Unable to locate element: {"method":"css selector","selector":".a-text-normal"}
  (Session info: chrome=135.0.7049.115); For documentation on this error, please visit: https://www.selenium.dev/documentation/webdriver/troubleshooting/errors#no-such-element-exception
Stacktrace:
	GetHandleVerifier [0x00007FF76F55EFA5+77893]
	GetHandleVerifier [0x00007FF76F55F000+77984]
	(No symbol) [0x00007FF76F3291BA]
	(No symbol) [0x00007FF76F37F16D]
	(No symbol) [0x00007FF76F37F41C]
	(No symbol) [0x00007FF76F371B1C]
	(No symbol) [0x00007FF76F3A716F]
	(No symbol) [0x00007FF76F3719E6]
	(No symbol) [0x00007FF76F3A7340]
	(No symbol) [0x00007FF76F3CF07F]
	(No symbol) [0x00007FF76F3A6F03]
	(No symbol) [0x00007FF76F370328]
	(No symbol) [0x00007FF76F371093]
	GetHandleVerifier [0x00007FF76F817B6D+2931725]
	GetHandleVerifier [0x00007FF76F812132+2908626]
	GetHandleVerifier [0x00007FF76F8300F3+3031443]
	GetHandleVerifier [0x00007FF76F5791EA+184970]
	GetHandleVerifier [0x00007FF76F58086F+215311]
	GetHandleVerifier [0x00007FF76F566EC4+110436]
	GetHandleVerifier [0x00007FF76F567072+110866]
	GetHandleVerifier [0x00007FF76F54D479+5401]
	BaseThreadInitThunk [0x00007FFBDBB8E8D7+23]
	RtlUserThreadStart [0x00007FFBDDA714FC+44]

[2025-04-26 21:36:01] Message: stale element reference: stale element not found in the current frame
  (Session info: chrome=135.0.7049.115); For documentation on this error, please visit: https://www.selenium.dev/documentation/webdriver/troubleshooting/errors#stale-element-reference-exception
Stacktrace:
	GetHandleVerifier [0x00007FF76F55EFA5+77893]
	GetHandleVerifier [0x00007FF76F55F000+77984]
	(No symbol) [0x00007FF76F3291BA]
	(No symbol) [0x00007FF76F330AEC]
	(No symbol) [0x00007FF76F333B5C]
	(No symbol) [0x00007FF76F333C2F]
	(No symbol) [0x00007FF76F37EA17]
	(No symbol) [0x00007FF76F37F41C]
	(No symbol) [0x00007FF76F371B1C]
	(No symbol) [0x00007FF76F3A716F]
	(No symbol) [0x00007FF76F3719E6]
	(No symbol) [0x00007FF76F3A7340]
	(No symbol) [0x00007FF76F3CF07F]
	(No symbol) [0x00007FF76F3A6F03]
	(No symbol) [0x00007FF76F370328]
	(No symbol) [0x00007FF76F371093]
	GetHandleVerifier [0x00007FF76F817B6D+2931725]
	GetHandleVerifier [0x00007FF76F812132+2908626]
	GetHandleVerifier [0x00007FF76F8300F3+3031443]
	GetHandleVerifier [0x00007FF76F5791EA+184970]
	GetHandleVerifier [0x00007FF76F58086F+215311]
	GetHandleVerifier [0x00007FF76F566EC4+110436]
	GetHandleVerifier [0x00007FF76F567072+110866]
	GetHandleVerifier [0x00007FF76F54D479+5401]
	BaseThreadInitThunk [0x00007FFBDBB8E8D7+23]
	RtlUserThreadStart [0x00007FFBDDA714FC+44]

[2025-04-26 21:50:17] Message: stale element reference: stale element not found in the current frame
  (Session info: chrome=135.0.7049.115); For documentation on this error, please visit: https://www.selenium.dev/documentation/webdriver/troubleshooting/errors#stale-element-reference-exception
Stacktrace:
	GetHandleVerifier [0x00007FF76F55EFA5+77893]
	GetHandleVerifier [0x00007FF76F55F000+77984]
	(No symbol) [0x00007FF76F3291BA]
	(No symbol) [0x00007FF76F330AEC]
	(No symbol) [0x00007FF76F333B5C]
	(No symbol) [0x00007FF76F333C2F]
	(No symbol) [0x00007FF76F37EA17]
	(No symbol) [0x00007FF76F37F41C]
	(No symbol) [0x00007FF76F371B1C]
	(No symbol) [0x00007FF76F3A716F]
	(No symbol) [0x00007FF76F3719E6]
	(No symbol) [0x00007FF76F3A7340]
	(No symbol) [0x00007FF76F3CF07F]
	(No symbol) [0x00007FF76F3A6F03]
	(No symbol) [0x00007FF76F370328]
	(No symbol) [0x00007FF76F371093]
	GetHandleVerifier [0x00007FF76F817B6D+2931725]
	GetHandleVerifier [0x00007FF76F812132+2908626]
	GetHandleVerifier [0x00007FF76F8300F3+3031443]
	GetHandleVerifier [0x00007FF76F5791EA+184970]
	GetHandleVerifier [0x00007FF76F58086F+215311]
	GetHandleVerifier [0x00007FF76F566EC4+110436]
	GetHandleVerifier [0x00007FF76F567072+110866]
	GetHandleVerifier [0x00007FF76F54D479+5401]
	BaseThreadInitThunk [0x00007FFBDBB8E8D7+23]
	RtlUserThreadStart [0x00007FFBDDA714FC+44]

[2025-04-26 21:57:27] Message: stale element reference: stale element not found in the current frame
  (Session info: chrome=135.0.7049.115); For documentation on this error, please visit: https://www.selenium.dev/documentation/webdriver/troubleshooting/errors#stale-element-reference-exception
Stacktrace:
	GetHandleVerifier [0x00007FF76F55EFA5+77893]
	GetHandleVerifier [0x00007FF76F55F000+77984]
	(No symbol) [0x00007FF76F3291BA]
	(No symbol) [0x00007FF76F330AEC]
	(No symbol) [0x00007FF76F333B5C]
	(No symbol) [0x00007FF76F333C2F]
	(No symbol) [0x00007FF76F378D86]
	(No symbol) [0x00007FF76F3A712A]
	(No symbol) [0x00007FF76F3719E6]
	(No symbol) [0x00007FF76F3A7340]
	(No symbol) [0x00007FF76F3CF07F]
	(No symbol) [0x00007FF76F3A6F03]
	(No symbol) [0x00007FF76F370328]
	(No symbol) [0x00007FF76F371093]
	GetHandleVerifier [0x00007FF76F817B6D+2931725]
	GetHandleVerifier [0x00007FF76F812132+2908626]
	GetHandleVerifier [0x00007FF76F8300F3+3031443]
	GetHandleVerifier [0x00007FF76F5791EA+184970]
	GetHandleVerifier [0x00007FF76F58086F+215311]
	GetHandleVerifier [0x00007FF76F566EC4+110436]
	GetHandleVerifier [0x00007FF76F567072+110866]
	GetHandleVerifier [0x00007FF76F54D479+5401]
	BaseThreadInitThunk [0x00007FFBDBB8E8D7+23]
	RtlUserThreadStart [0x00007FFBDDA714FC+44]

[2025-04-26 22:02:06] Message: stale element reference: stale element not found in the current frame
  (Session info: chrome=135.0.7049.115); For documentation on this error, please visit: https://www.selenium.dev/documentation/webdriver/troubleshooting/errors#stale-element-reference-exception
Stacktrace:
	GetHandleVerifier [0x00007FF76F55EFA5+77893]
	GetHandleVerifier [0x00007FF76F55F000+77984]
	(No symbol) [0x00007FF76F3291BA]
	(No symbol) [0x00007FF76F330AEC]
	(No symbol) [0x00007FF76F333B5C]
	(No symbol) [0x00007FF76F333C2F]
	(No symbol) [0x00007FF76F37EA17]
	(No symbol) [0x00007FF76F37F41C]
	(No symbol) [0x00007FF76F371B1C]
	(No symbol) [0x00007FF76F3A716F]
	(No symbol) [0x00007FF76F3719E6]
	(No symbol) [0x00007FF76F3A7340]
	(No symbol) [0x00007FF76F3CF07F]
	(No symbol) [0x00007FF76F3A6F03]
	(No symbol) [0x00007FF76F370328]
	(No symbol) [0x00007FF76F371093]
	GetHandleVerifier [0x00007FF76F817B6D+2931725]
	GetHandleVerifier [0x00007FF76F812132+2908626]
	GetHandleVerifier [0x00007FF76F8300F3+3031443]
	GetHandleVerifier [0x00007FF76F5791EA+184970]
	GetHandleVerifier [0x00007FF76F58086F+215311]
	GetHandleVerifier [0x00007FF76F566EC4+110436]
	GetHandleVerifier [0x00007FF76F567072+110866]
	GetHandleVerifier [0x00007FF76F54D479+5401]
	BaseThreadInitThunk [0x00007FFBDBB8E8D7+23]
	RtlUserThreadStart [0x00007FFBDDA714FC+44]

[2025-04-26 22:08:03] Message: 

[2025-04-27 00:57:16] Mensaje de prueba 005716
[2025-04-27 00:57:43] Mensaje de prueba 005743
[2025-04-27 00:57:48] Mensaje de prueba 005748
[2025-04-27 00:59:26] Mensaje de prueba 005926
[2025-04-27 00:59:33] Mensaje de prueba 005933
[2025-04-27 01:17:21] Error al extraer producto: Message: no such element: Unable to locate element: {"method":"css selector","selector":".a-text-normal"}
  (Session info: chrome=135.0.7049.115); For documentation on this error, please visit: https://www.selenium.dev/documentation/webdriver/troubleshooting/errors#no-such-element-exception
Stacktrace:
	GetHandleVerifier [0x00007FF7F176EFA5+77893]
	GetHandleVerifier [0x00007FF7F176F000+77984]
	(No symbol) [0x00007FF7F15391BA]
	(No symbol) [0x00007FF7F158F16D]
	(No symbol) [0x00007FF7F158F41C]
	(No symbol) [0x00007FF7F1581B1C]
	(No symbol) [0x00007FF7F15B716F]
	(No symbol) [0x00007FF7F15819E6]
	(No symbol) [0x00007FF7F15B7340]
	(No symbol) [0x00007FF7F15DF07F]
	(No symbol) [0x00007FF7F15B6F03]
	(No symbol) [0x00007FF7F1580328]
	(No symbol) [0x00007FF7F1581093]
	GetHandleVerifier [0x00007FF7F1A27B6D+2931725]
	GetHandleVerifier [0x00007FF7F1A22132+2908626]
	GetHandleVerifier [0x00007FF7F1A400F3+3031443]
	GetHandleVerifier [0x00007FF7F17891EA+184970]
	GetHandleVerifier [0x00007FF7F179086F+215311]
	GetHandleVerifier [0x00007FF7F1776EC4+110436]
	GetHandleVerifier [0x00007FF7F1777072+110866]
	GetHandleVerifier [0x00007FF7F175D479+5401]
	BaseThreadInitThunk [0x00007FFBDBB8E8D7+23]
	RtlUserThreadStart [0x00007FFBDDA714FC+44]

[2025-04-27 01:17:21] Error al extraer producto: Message: no such element: Unable to locate element: {"method":"css selector","selector":".a-text-normal"}
  (Session info: chrome=135.0.7049.115); For documentation on this error, please visit: https://www.selenium.dev/documentation/webdriver/troubleshooting/errors#no-such-element-exception
Stacktrace:
	GetHandleVerifier [0x00007FF7F176EFA5+77893]
	GetHandleVerifier [0x00007FF7F176F000+77984]
	(No symbol) [0x00007FF7F15391BA]
	(No symbol) [0x00007FF7F158F16D]
	(No symbol) [0x00007FF7F158F41C]
	(No symbol) [0x00007FF7F1581B1C]
	(No symbol) [0x00007FF7F15B716F]
	(No symbol) [0x00007FF7F15819E6]
	(No symbol) [0x00007FF7F15B7340]
	(No symbol) [0x00007FF7F15DF07F]
	(No symbol) [0x00007FF7F15B6F03]
	(No symbol) [0x00007FF7F1580328]
	(No symbol) [0x00007FF7F1581093]
	GetHandleVerifier [0x00007FF7F1A27B6D+2931725]
	GetHandleVerifier [0x00007FF7F1A22132+2908626]
	GetHandleVerifier [0x00007FF7F1A400F3+3031443]
	GetHandleVerifier [0x00007FF7F17891EA+184970]
	GetHandleVerifier [0x00007FF7F179086F+215311]
	GetHandleVerifier [0x00007FF7F1776EC4+110436]
	GetHandleVerifier [0x00007FF7F1777072+110866]
	GetHandleVerifier [0x00007FF7F175D479+5401]
	BaseThreadInitThunk [0x00007FFBDBB8E8D7+23]
	RtlUserThreadStart [0x00007FFBDDA714FC+44]

[2025-04-27 01:17:21] Error al extraer producto: Message: no such element: Unable to locate element: {"method":"css selector","selector":".a-text-normal"}
  (Session info: chrome=135.0.7049.115); For documentation on this error, please visit: https://www.selenium.dev/documentation/webdriver/troubleshooting/errors#no-such-element-exception
Stacktrace:
	GetHandleVerifier [0x00007FF7F176EFA5+77893]
	GetHandleVerifier [0x00007FF7F176F000+77984]
	(No symbol) [0x00007FF7F15391BA]
	(No symbol) [0x00007FF7F158F16D]
	(No symbol) [0x00007FF7F158F41C]
	(No symbol) [0x00007FF7F1581B1C]
	(No symbol) [0x00007FF7F15B716F]
	(No symbol) [0x00007FF7F15819E6]
	(No symbol) [0x00007FF7F15B7340]
	(No symbol) [0x00007FF7F15DF07F]
	(No symbol) [0x00007FF7F15B6F03]
	(No symbol) [0x00007FF7F1580328]
	(No symbol) [0x00007FF7F1581093]
	GetHandleVerifier [0x00007FF7F1A27B6D+2931725]
	GetHandleVerifier [0x00007FF7F1A22132+2908626]
	GetHandleVerifier [0x00007FF7F1A400F3+3031443]
	GetHandleVerifier [0x00007FF7F17891EA+184970]
	GetHandleVerifier [0x00007FF7F179086F+215311]
	GetHandleVerifier [0x00007FF7F1776EC4+110436]
	GetHandleVerifier [0x00007FF7F1777072+110866]
	GetHandleVerifier [0x00007FF7F175D479+5401]
	BaseThreadInitThunk [0x00007FFBDBB8E8D7+23]
	RtlUserThreadStart [0x00007FFBDDA714FC+44]

[2025-04-27 13:52:05] Error al extraer producto: Message: no such element: Unable to locate element: {"method":"css selector","selector":".a-text-normal"}
  (Session info: chrome=135.0.7049.115); For documentation on this error, please visit: https://www.selenium.dev/documentation/webdriver/troubleshooting/errors#no-such-element-exception
Stacktrace:
	GetHandleVerifier [0x00007FF66B1CEFA5+77893]
	GetHandleVerifier [0x00007FF66B1CF000+77984]
	(No symbol) [0x00007FF66AF991BA]
	(No symbol) [0x00007FF66AFEF16D]
	(No symbol) [0x00007FF66AFEF41C]
	(No symbol) [0x00007FF66AFE1B1C]
	(No symbol) [0x00007FF66B01716F]
	(No symbol) [0x00007FF66AFE19E6]
	(No symbol) [0x00007FF66B017340]
	(No symbol) [0x00007FF66B03F07F]
	(No symbol) [0x00007FF66B016F03]
	(No symbol) [0x00007FF66AFE0328]
	(No symbol) [0x00007FF66AFE1093]
	GetHandleVerifier [0x00007FF66B487B6D+2931725]
	GetHandleVerifier [0x00007FF66B482132+2908626]
	GetHandleVerifier [0x00007FF66B4A00F3+3031443]
	GetHandleVerifier [0x00007FF66B1E91EA+184970]
	GetHandleVerifier [0x00007FF66B1F086F+215311]
	GetHandleVerifier [0x00007FF66B1D6EC4+110436]
	GetHandleVerifier [0x00007FF66B1D7072+110866]
	GetHandleVerifier [0x00007FF66B1BD479+5401]
	BaseThreadInitThunk [0x00007FFBDBB8E8D7+23]
	RtlUserThreadStart [0x00007FFBDDA714FC+44]

[2025-04-27 13:52:20] Error al extraer producto: Message: no such element: Unable to locate element: {"method":"css selector","selector":".a-text-normal"}
  (Session info: chrome=135.0.7049.115); For documentation on this error, please visit: https://www.selenium.dev/documentation/webdriver/troubleshooting/errors#no-such-element-exception
Stacktrace:
	GetHandleVerifier [0x00007FF66B1CEFA5+77893]
	GetHandleVerifier [0x00007FF66B1CF000+77984]
	(No symbol) [0x00007FF66AF991BA]
	(No symbol) [0x00007FF66AFEF16D]
	(No symbol) [0x00007FF66AFEF41C]
	(No symbol) [0x00007FF66AFE1B1C]
	(No symbol) [0x00007FF66B01716F]
	(No symbol) [0x00007FF66AFE19E6]
	(No symbol) [0x00007FF66B017340]
	(No symbol) [0x00007FF66B03F07F]
	(No symbol) [0x00007FF66B016F03]
	(No symbol) [0x00007FF66AFE0328]
	(No symbol) [0x00007FF66AFE1093]
	GetHandleVerifier [0x00007FF66B487B6D+2931725]
	GetHandleVerifier [0x00007FF66B482132+2908626]
	GetHandleVerifier [0x00007FF66B4A00F3+3031443]
	GetHandleVerifier [0x00007FF66B1E91EA+184970]
	GetHandleVerifier [0x00007FF66B1F086F+215311]
	GetHandleVerifier [0x00007FF66B1D6EC4+110436]
	GetHandleVerifier [0x00007FF66B1D7072+110866]
	GetHandleVerifier [0x00007FF66B1BD479+5401]
	BaseThreadInitThunk [0x00007FFBDBB8E8D7+23]
	RtlUserThreadStart [0x00007FFBDDA714FC+44]

[2025-04-27 13:52:20] Error al extraer producto: Message: no such element: Unable to locate element: {"method":"css selector","selector":".a-text-normal"}
  (Session info: chrome=135.0.7049.115); For documentation on this error, please visit: https://www.selenium.dev/documentation/webdriver/troubleshooting/errors#no-such-element-exception
Stacktrace:
	GetHandleVerifier [0x00007FF66B1CEFA5+77893]
	GetHandleVerifier [0x00007FF66B1CF000+77984]
	(No symbol) [0x00007FF66AF991BA]
	(No symbol) [0x00007FF66AFEF16D]
	(No symbol) [0x00007FF66AFEF41C]
	(No symbol) [0x00007FF66AFE1B1C]
	(No symbol) [0x00007FF66B01716F]
	(No symbol) [0x00007FF66AFE19E6]
	(No symbol) [0x00007FF66B017340]
	(No symbol) [0x00007FF66B03F07F]
	(No symbol) [0x00007FF66B016F03]
	(No symbol) [0x00007FF66AFE0328]
	(No symbol) [0x00007FF66AFE1093]
	GetHandleVerifier [0x00007FF66B487B6D+2931725]
	GetHandleVerifier [0x00007FF66B482132+2908626]
	GetHandleVerifier [0x00007FF66B4A00F3+3031443]
	GetHandleVerifier [0x00007FF66B1E91EA+184970]
	GetHandleVerifier [0x00007FF66B1F086F+215311]
	GetHandleVerifier [0x00007FF66B1D6EC4+110436]
	GetHandleVerifier [0x00007FF66B1D7072+110866]
	GetHandleVerifier [0x00007FF66B1BD479+5401]
	BaseThreadInitThunk [0x00007FFBDBB8E8D7+23]
	RtlUserThreadStart [0x00007FFBDDA714FC+44]

[2025-04-27 13:52:20] Error al extraer producto: Message: no such element: Unable to locate element: {"method":"css selector","selector":".a-text-normal"}
  (Session info: chrome=135.0.7049.115); For documentation on this error, please visit: https://www.selenium.dev/documentation/webdriver/troubleshooting/errors#no-such-element-exception
Stacktrace:
	GetHandleVerifier [0x00007FF66B1CEFA5+77893]
	GetHandleVerifier [0x00007FF66B1CF000+77984]
	(No symbol) [0x00007FF66AF991BA]
	(No symbol) [0x00007FF66AFEF16D]
	(No symbol) [0x00007FF66AFEF41C]
	(No symbol) [0x00007FF66AFE1B1C]
	(No symbol) [0x00007FF66B01716F]
	(No symbol) [0x00007FF66AFE19E6]
	(No symbol) [0x00007FF66B017340]
	(No symbol) [0x00007FF66B03F07F]
	(No symbol) [0x00007FF66B016F03]
	(No symbol) [0x00007FF66AFE0328]
	(No symbol) [0x00007FF66AFE1093]
	GetHandleVerifier [0x00007FF66B487B6D+2931725]
	GetHandleVerifier [0x00007FF66B482132+2908626]
	GetHandleVerifier [0x00007FF66B4A00F3+3031443]
	GetHandleVerifier [0x00007FF66B1E91EA+184970]
	GetHandleVerifier [0x00007FF66B1F086F+215311]
	GetHandleVerifier [0x00007FF66B1D6EC4+110436]
	GetHandleVerifier [0x00007FF66B1D7072+110866]
	GetHandleVerifier [0x00007FF66B1BD479+5401]
	BaseThreadInitThunk [0x00007FFBDBB8E8D7+23]
	RtlUserThreadStart [0x00007FFBDDA714FC+44]

[2025-04-27 13:52:36] Mensaje de prueba 135236
[2025-04-27 14:04:16] Error al extraer producto: Message: no such element: Unable to locate element: {"method":"css selector","selector":".a-text-normal"}
  (Session info: chrome=135.0.7049.115); For documentation on this error, please visit: https://www.selenium.dev/documentation/webdriver/troubleshooting/errors#no-such-element-exception
Stacktrace:
	GetHandleVerifier [0x00007FF65AA1EFA5+77893]
	GetHandleVerifier [0x00007FF65AA1F000+77984]
	(No symbol) [0x00007FF65A7E91BA]
	(No symbol) [0x00007FF65A83F16D]
	(No symbol) [0x00007FF65A83F41C]
	(No symbol) [0x00007FF65A831B1C]
	(No symbol) [0x00007FF65A86716F]
	(No symbol) [0x00007FF65A8319E6]
	(No symbol) [0x00007FF65A867340]
	(No symbol) [0x00007FF65A88F07F]
	(No symbol) [0x00007FF65A866F03]
	(No symbol) [0x00007FF65A830328]
	(No symbol) [0x00007FF65A831093]
	GetHandleVerifier [0x00007FF65ACD7B6D+2931725]
	GetHandleVerifier [0x00007FF65ACD2132+2908626]
	GetHandleVerifier [0x00007FF65ACF00F3+3031443]
	GetHandleVerifier [0x00007FF65AA391EA+184970]
	GetHandleVerifier [0x00007FF65AA4086F+215311]
	GetHandleVerifier [0x00007FF65AA26EC4+110436]
	GetHandleVerifier [0x00007FF65AA27072+110866]
	GetHandleVerifier [0x00007FF65AA0D479+5401]
	BaseThreadInitThunk [0x00007FFBDBB8E8D7+23]
	RtlUserThreadStart [0x00007FFBDDA714FC+44]

[2025-04-27 14:04:31] Error al extraer producto: Message: no such element: Unable to locate element: {"method":"css selector","selector":".a-text-normal"}
  (Session info: chrome=135.0.7049.115); For documentation on this error, please visit: https://www.selenium.dev/documentation/webdriver/troubleshooting/errors#no-such-element-exception
Stacktrace:
	GetHandleVerifier [0x00007FF65AA1EFA5+77893]
	GetHandleVerifier [0x00007FF65AA1F000+77984]
	(No symbol) [0x00007FF65A7E91BA]
	(No symbol) [0x00007FF65A83F16D]
	(No symbol) [0x00007FF65A83F41C]
	(No symbol) [0x00007FF65A831B1C]
	(No symbol) [0x00007FF65A86716F]
	(No symbol) [0x00007FF65A8319E6]
	(No symbol) [0x00007FF65A867340]
	(No symbol) [0x00007FF65A88F07F]
	(No symbol) [0x00007FF65A866F03]
	(No symbol) [0x00007FF65A830328]
	(No symbol) [0x00007FF65A831093]
	GetHandleVerifier [0x00007FF65ACD7B6D+2931725]
	GetHandleVerifier [0x00007FF65ACD2132+2908626]
	GetHandleVerifier [0x00007FF65ACF00F3+3031443]
	GetHandleVerifier [0x00007FF65AA391EA+184970]
	GetHandleVerifier [0x00007FF65AA4086F+215311]
	GetHandleVerifier [0x00007FF65AA26EC4+110436]
	GetHandleVerifier [0x00007FF65AA27072+110866]
	GetHandleVerifier [0x00007FF65AA0D479+5401]
	BaseThreadInitThunk [0x00007FFBDBB8E8D7+23]
	RtlUserThreadStart [0x00007FFBDDA714FC+44]

[2025-04-27 14:04:31] Error al extraer producto: Message: no such element: Unable to locate element: {"method":"css selector","selector":".a-text-normal"}
  (Session info: chrome=135.0.7049.115); For documentation on this error, please visit: https://www.selenium.dev/documentation/webdriver/troubleshooting/errors#no-such-element-exception
Stacktrace:
	GetHandleVerifier [0x00007FF65AA1EFA5+77893]
	GetHandleVerifier [0x00007FF65AA1F000+77984]
	(No symbol) [0x00007FF65A7E91BA]
	(No symbol) [0x00007FF65A83F16D]
	(No symbol) [0x00007FF65A83F41C]
	(No symbol) [0x00007FF65A831B1C]
	(No symbol) [0x00007FF65A86716F]
	(No symbol) [0x00007FF65A8319E6]
	(No symbol) [0x00007FF65A867340]
	(No symbol) [0x00007FF65A88F07F]
	(No symbol) [0x00007FF65A866F03]
	(No symbol) [0x00007FF65A830328]
	(No symbol) [0x00007FF65A831093]
	GetHandleVerifier [0x00007FF65ACD7B6D+2931725]
	GetHandleVerifier [0x00007FF65ACD2132+2908626]
	GetHandleVerifier [0x00007FF65ACF00F3+3031443]
	GetHandleVerifier [0x00007FF65AA391EA+184970]
	GetHandleVerifier [0x00007FF65AA4086F+215311]
	GetHandleVerifier [0x00007FF65AA26EC4+110436]
	GetHandleVerifier [0x00007FF65AA27072+110866]
	GetHandleVerifier [0x00007FF65AA0D479+5401]
	BaseThreadInitThunk [0x00007FFBDBB8E8D7+23]
	RtlUserThreadStart [0x00007FFBDDA714FC+44]

[2025-04-27 14:04:31] Error al extraer producto: Message: no such element: Unable to locate element: {"method":"css selector","selector":".a-text-normal"}
  (Session info: chrome=135.0.7049.115); For documentation on this error, please visit: https://www.selenium.dev/documentation/webdriver/troubleshooting/errors#no-such-element-exception
Stacktrace:
	GetHandleVerifier [0x00007FF65AA1EFA5+77893]
	GetHandleVerifier [0x00007FF65AA1F000+77984]
	(No symbol) [0x00007FF65A7E91BA]
	(No symbol) [0x00007FF65A83F16D]
	(No symbol) [0x00007FF65A83F41C]
	(No symbol) [0x00007FF65A831B1C]
	(No symbol) [0x00007FF65A86716F]
	(No symbol) [0x00007FF65A8319E6]
	(No symbol) [0x00007FF65A867340]
	(No symbol) [0x00007FF65A88F07F]
	(No symbol) [0x00007FF65A866F03]
	(No symbol) [0x00007FF65A830328]
	(No symbol) [0x00007FF65A831093]
	GetHandleVerifier [0x00007FF65ACD7B6D+2931725]
	GetHandleVerifier [0x00007FF65ACD2132+2908626]
	GetHandleVerifier [0x00007FF65ACF00F3+3031443]
	GetHandleVerifier [0x00007FF65AA391EA+184970]
	GetHandleVerifier [0x00007FF65AA4086F+215311]
	GetHandleVerifier [0x00007FF65AA26EC4+110436]
	GetHandleVerifier [0x00007FF65AA27072+110866]
	GetHandleVerifier [0x00007FF65AA0D479+5401]
	BaseThreadInitThunk [0x00007FFBDBB8E8D7+23]
	RtlUserThreadStart [0x00007FFBDDA714FC+44]

[2025-04-27 14:04:44] Mensaje de prueba 140444
[2025-04-27 15:17:24] Message: stale element reference: stale element not found in the current frame
  (Session info: chrome=135.0.7049.115); For documentation on this error, please visit: https://www.selenium.dev/documentation/webdriver/troubleshooting/errors#stale-element-reference-exception
Stacktrace:
	GetHandleVerifier [0x00007FF76BFAEFA5+77893]
	GetHandleVerifier [0x00007FF76BFAF000+77984]
	(No symbol) [0x00007FF76BD791BA]
	(No symbol) [0x00007FF76BD80AEC]
	(No symbol) [0x00007FF76BD83B5C]
	(No symbol) [0x00007FF76BD83C2F]
	(No symbol) [0x00007FF76BDCEA17]
	(No symbol) [0x00007FF76BDCF41C]
	(No symbol) [0x00007FF76BDC1B1C]
	(No symbol) [0x00007FF76BDF716F]
	(No symbol) [0x00007FF76BDC19E6]
	(No symbol) [0x00007FF76BDF7340]
	(No symbol) [0x00007FF76BE1F07F]
	(No symbol) [0x00007FF76BDF6F03]
	(No symbol) [0x00007FF76BDC0328]
	(No symbol) [0x00007FF76BDC1093]
	GetHandleVerifier [0x00007FF76C267B6D+2931725]
	GetHandleVerifier [0x00007FF76C262132+2908626]
	GetHandleVerifier [0x00007FF76C2800F3+3031443]
	GetHandleVerifier [0x00007FF76BFC91EA+184970]
	GetHandleVerifier [0x00007FF76BFD086F+215311]
	GetHandleVerifier [0x00007FF76BFB6EC4+110436]
	GetHandleVerifier [0x00007FF76BFB7072+110866]
	GetHandleVerifier [0x00007FF76BF9D479+5401]
	BaseThreadInitThunk [0x00007FFBDBB8E8D7+23]
	RtlUserThreadStart [0x00007FFBDDA714FC+44]

[2025-04-27 15:58:00] Message: stale element reference: stale element not found in the current frame
  (Session info: chrome=135.0.7049.115); For documentation on this error, please visit: https://www.selenium.dev/documentation/webdriver/troubleshooting/errors#stale-element-reference-exception
Stacktrace:
	GetHandleVerifier [0x00007FF7AE6CEFA5+77893]
	GetHandleVerifier [0x00007FF7AE6CF000+77984]
	(No symbol) [0x00007FF7AE4991BA]
	(No symbol) [0x00007FF7AE4A0AEC]
	(No symbol) [0x00007FF7AE4A3B5C]
	(No symbol) [0x00007FF7AE4A3C2F]
	(No symbol) [0x00007FF7AE4EEA17]
	(No symbol) [0x00007FF7AE4EF41C]
	(No symbol) [0x00007FF7AE4E1B1C]
	(No symbol) [0x00007FF7AE51716F]
	(No symbol) [0x00007FF7AE4E19E6]
	(No symbol) [0x00007FF7AE517340]
	(No symbol) [0x00007FF7AE53F07F]
	(No symbol) [0x00007FF7AE516F03]
	(No symbol) [0x00007FF7AE4E0328]
	(No symbol) [0x00007FF7AE4E1093]
	GetHandleVerifier [0x00007FF7AE987B6D+2931725]
	GetHandleVerifier [0x00007FF7AE982132+2908626]
	GetHandleVerifier [0x00007FF7AE9A00F3+3031443]
	GetHandleVerifier [0x00007FF7AE6E91EA+184970]
	GetHandleVerifier [0x00007FF7AE6F086F+215311]
	GetHandleVerifier [0x00007FF7AE6D6EC4+110436]
	GetHandleVerifier [0x00007FF7AE6D7072+110866]
	GetHandleVerifier [0x00007FF7AE6BD479+5401]
	BaseThreadInitThunk [0x00007FFBDBB8E8D7+23]
	RtlUserThreadStart [0x00007FFBDDA714FC+44]

[2025-04-27 15:58:36] Message: invalid argument
  (Session info: chrome=135.0.7049.115)
Stacktrace:
	GetHandleVerifier [0x00007FF7AE6CEFA5+77893]
	GetHandleVerifier [0x00007FF7AE6CF000+77984]
	(No symbol) [0x00007FF7AE498FEC]
	(No symbol) [0x00007FF7AE485C88]
	(No symbol) [0x00007FF7AE484118]
	(No symbol) [0x00007FF7AE48473C]
	(No symbol) [0x00007FF7AE49D08A]
	(No symbol) [0x00007FF7AE53FDFE]
	(No symbol) [0x00007FF7AE51712A]
	(No symbol) [0x00007FF7AE53F07F]
	(No symbol) [0x00007FF7AE516F03]
	(No symbol) [0x00007FF7AE4E0328]
	(No symbol) [0x00007FF7AE4E1093]
	GetHandleVerifier [0x00007FF7AE987B6D+2931725]
	GetHandleVerifier [0x00007FF7AE982132+2908626]
	GetHandleVerifier [0x00007FF7AE9A00F3+3031443]
	GetHandleVerifier [0x00007FF7AE6E91EA+184970]
	GetHandleVerifier [0x00007FF7AE6F086F+215311]
	GetHandleVerifier [0x00007FF7AE6D6EC4+110436]
	GetHandleVerifier [0x00007FF7AE6D7072+110866]
	GetHandleVerifier [0x00007FF7AE6BD479+5401]
	BaseThreadInitThunk [0x00007FFBDBB8E8D7+23]
	RtlUserThreadStart [0x00007FFBDDA714FC+44]

[2025-04-27 16:01:59] Error al extraer producto: Message: no such element: Unable to locate element: {"method":"css selector","selector":".a-text-normal"}
  (Session info: chrome=135.0.7049.115); For documentation on this error, please visit: https://www.selenium.dev/documentation/webdriver/troubleshooting/errors#no-such-element-exception
Stacktrace:
	GetHandleVerifier [0x00007FF7AE6CEFA5+77893]
	GetHandleVerifier [0x00007FF7AE6CF000+77984]
	(No symbol) [0x00007FF7AE4991BA]
	(No symbol) [0x00007FF7AE4EF16D]
	(No symbol) [0x00007FF7AE4EF41C]
	(No symbol) [0x00007FF7AE4E1B1C]
	(No symbol) [0x00007FF7AE51716F]
	(No symbol) [0x00007FF7AE4E19E6]
	(No symbol) [0x00007FF7AE517340]
	(No symbol) [0x00007FF7AE53F07F]
	(No symbol) [0x00007FF7AE516F03]
	(No symbol) [0x00007FF7AE4E0328]
	(No symbol) [0x00007FF7AE4E1093]
	GetHandleVerifier [0x00007FF7AE987B6D+2931725]
	GetHandleVerifier [0x00007FF7AE982132+2908626]
	GetHandleVerifier [0x00007FF7AE9A00F3+3031443]
	GetHandleVerifier [0x00007FF7AE6E91EA+184970]
	GetHandleVerifier [0x00007FF7AE6F086F+215311]
	GetHandleVerifier [0x00007FF7AE6D6EC4+110436]
	GetHandleVerifier [0x00007FF7AE6D7072+110866]
	GetHandleVerifier [0x00007FF7AE6BD479+5401]
	BaseThreadInitThunk [0x00007FFBDBB8E8D7+23]
	RtlUserThreadStart [0x00007FFBDDA714FC+44]

[2025-04-27 16:02:25] Error al extraer producto: Message: no such element: Unable to locate element: {"method":"css selector","selector":".a-text-normal"}
  (Session info: chrome=135.0.7049.115); For documentation on this error, please visit: https://www.selenium.dev/documentation/webdriver/troubleshooting/errors#no-such-element-exception
Stacktrace:
	GetHandleVerifier [0x00007FF7AE6CEFA5+77893]
	GetHandleVerifier [0x00007FF7AE6CF000+77984]
	(No symbol) [0x00007FF7AE4991BA]
	(No symbol) [0x00007FF7AE4EF16D]
	(No symbol) [0x00007FF7AE4EF41C]
	(No symbol) [0x00007FF7AE4E1B1C]
	(No symbol) [0x00007FF7AE51716F]
	(No symbol) [0x00007FF7AE4E19E6]
	(No symbol) [0x00007FF7AE517340]
	(No symbol) [0x00007FF7AE53F07F]
	(No symbol) [0x00007FF7AE516F03]
	(No symbol) [0x00007FF7AE4E0328]
	(No symbol) [0x00007FF7AE4E1093]
	GetHandleVerifier [0x00007FF7AE987B6D+2931725]
	GetHandleVerifier [0x00007FF7AE982132+2908626]
	GetHandleVerifier [0x00007FF7AE9A00F3+3031443]
	GetHandleVerifier [0x00007FF7AE6E91EA+184970]
	GetHandleVerifier [0x00007FF7AE6F086F+215311]
	GetHandleVerifier [0x00007FF7AE6D6EC4+110436]
	GetHandleVerifier [0x00007FF7AE6D7072+110866]
	GetHandleVerifier [0x00007FF7AE6BD479+5401]
	BaseThreadInitThunk [0x00007FFBDBB8E8D7+23]
	RtlUserThreadStart [0x00007FFBDDA714FC+44]

[2025-04-27 16:02:25] Error al extraer producto: Message: no such element: Unable to locate element: {"method":"css selector","selector":".a-text-normal"}
  (Session info: chrome=135.0.7049.115); For documentation on this error, please visit: https://www.selenium.dev/documentation/webdriver/troubleshooting/errors#no-such-element-exception
Stacktrace:
	GetHandleVerifier [0x00007FF7AE6CEFA5+77893]
	GetHandleVerifier [0x00007FF7AE6CF000+77984]
	(No symbol) [0x00007FF7AE4991BA]
	(No symbol) [0x00007FF7AE4EF16D]
	(No symbol) [0x00007FF7AE4EF41C]
	(No symbol) [0x00007FF7AE4E1B1C]
	(No symbol) [0x00007FF7AE51716F]
	(No symbol) [0x00007FF7AE4E19E6]
	(No symbol) [0x00007FF7AE517340]
	(No symbol) [0x00007FF7AE53F07F]
	(No symbol) [0x00007FF7AE516F03]
	(No symbol) [0x00007FF7AE4E0328]
	(No symbol) [0x00007FF7AE4E1093]
	GetHandleVerifier [0x00007FF7AE987B6D+2931725]
	GetHandleVerifier [0x00007FF7AE982132+2908626]
	GetHandleVerifier [0x00007FF7AE9A00F3+3031443]
	GetHandleVerifier [0x00007FF7AE6E91EA+184970]
	GetHandleVerifier [0x00007FF7AE6F086F+215311]
	GetHandleVerifier [0x00007FF7AE6D6EC4+110436]
	GetHandleVerifier [0x00007FF7AE6D7072+110866]
	GetHandleVerifier [0x00007FF7AE6BD479+5401]
	BaseThreadInitThunk [0x00007FFBDBB8E8D7+23]
	RtlUserThreadStart [0x00007FFBDDA714FC+44]

[2025-04-27 16:02:25] Error al extraer producto: Message: no such element: Unable to locate element: {"method":"css selector","selector":".a-text-normal"}
  (Session info: chrome=135.0.7049.115); For documentation on this error, please visit: https://www.selenium.dev/documentation/webdriver/troubleshooting/errors#no-such-element-exception
Stacktrace:
	GetHandleVerifier [0x00007FF7AE6CEFA5+77893]
	GetHandleVerifier [0x00007FF7AE6CF000+77984]
	(No symbol) [0x00007FF7AE4991BA]
	(No symbol) [0x00007FF7AE4EF16D]
	(No symbol) [0x00007FF7AE4EF41C]
	(No symbol) [0x00007FF7AE4E1B1C]
	(No symbol) [0x00007FF7AE51716F]
	(No symbol) [0x00007FF7AE4E19E6]
	(No symbol) [0x00007FF7AE517340]
	(No symbol) [0x00007FF7AE53F07F]
	(No symbol) [0x00007FF7AE516F03]
	(No symbol) [0x00007FF7AE4E0328]
	(No symbol) [0x00007FF7AE4E1093]
	GetHandleVerifier [0x00007FF7AE987B6D+2931725]
	GetHandleVerifier [0x00007FF7AE982132+2908626]
	GetHandleVerifier [0x00007FF7AE9A00F3+3031443]
	GetHandleVerifier [0x00007FF7AE6E91EA+184970]
	GetHandleVerifier [0x00007FF7AE6F086F+215311]
	GetHandleVerifier [0x00007FF7AE6D6EC4+110436]
	GetHandleVerifier [0x00007FF7AE6D7072+110866]
	GetHandleVerifier [0x00007FF7AE6BD479+5401]
	BaseThreadInitThunk [0x00007FFBDBB8E8D7+23]
	RtlUserThreadStart [0x00007FFBDDA714FC+44]

[2025-04-27 16:10:59] Error al extraer producto: Message: no such element: Unable to locate element: {"method":"css selector","selector":".a-text-normal"}
  (Session info: chrome=135.0.7049.115); For documentation on this error, please visit: https://www.selenium.dev/documentation/webdriver/troubleshooting/errors#no-such-element-exception
Stacktrace:
	GetHandleVerifier [0x00007FF7AE6CEFA5+77893]
	GetHandleVerifier [0x00007FF7AE6CF000+77984]
	(No symbol) [0x00007FF7AE4991BA]
	(No symbol) [0x00007FF7AE4EF16D]
	(No symbol) [0x00007FF7AE4EF41C]
	(No symbol) [0x00007FF7AE4E1B1C]
	(No symbol) [0x00007FF7AE51716F]
	(No symbol) [0x00007FF7AE4E19E6]
	(No symbol) [0x00007FF7AE517340]
	(No symbol) [0x00007FF7AE53F07F]
	(No symbol) [0x00007FF7AE516F03]
	(No symbol) [0x00007FF7AE4E0328]
	(No symbol) [0x00007FF7AE4E1093]
	GetHandleVerifier [0x00007FF7AE987B6D+2931725]
	GetHandleVerifier [0x00007FF7AE982132+2908626]
	GetHandleVerifier [0x00007FF7AE9A00F3+3031443]
	GetHandleVerifier [0x00007FF7AE6E91EA+184970]
	GetHandleVerifier [0x00007FF7AE6F086F+215311]
	GetHandleVerifier [0x00007FF7AE6D6EC4+110436]
	GetHandleVerifier [0x00007FF7AE6D7072+110866]
	GetHandleVerifier [0x00007FF7AE6BD479+5401]
	BaseThreadInitThunk [0x00007FFBDBB8E8D7+23]
	RtlUserThreadStart [0x00007FFBDDA714FC+44]

[2025-04-27 16:10:59] Error al extraer producto: Message: no such element: Unable to locate element: {"method":"css selector","selector":".a-text-normal"}
  (Session info: chrome=135.0.7049.115); For documentation on this error, please visit: https://www.selenium.dev/documentation/webdriver/troubleshooting/errors#no-such-element-exception
Stacktrace:
	GetHandleVerifier [0x00007FF7AE6CEFA5+77893]
	GetHandleVerifier [0x00007FF7AE6CF000+77984]
	(No symbol) [0x00007FF7AE4991BA]
	(No symbol) [0x00007FF7AE4EF16D]
	(No symbol) [0x00007FF7AE4EF41C]
	(No symbol) [0x00007FF7AE4E1B1C]
	(No symbol) [0x00007FF7AE51716F]
	(No symbol) [0x00007FF7AE4E19E6]
	(No symbol) [0x00007FF7AE517340]
	(No symbol) [0x00007FF7AE53F07F]
	(No symbol) [0x00007FF7AE516F03]
	(No symbol) [0x00007FF7AE4E0328]
	(No symbol) [0x00007FF7AE4E1093]
	GetHandleVerifier [0x00007FF7AE987B6D+2931725]
	GetHandleVerifier [0x00007FF7AE982132+2908626]
	GetHandleVerifier [0x00007FF7AE9A00F3+3031443]
	GetHandleVerifier [0x00007FF7AE6E91EA+184970]
	GetHandleVerifier [0x00007FF7AE6F086F+215311]
	GetHandleVerifier [0x00007FF7AE6D6EC4+110436]
	GetHandleVerifier [0x00007FF7AE6D7072+110866]
	GetHandleVerifier [0x00007FF7AE6BD479+5401]
	BaseThreadInitThunk [0x00007FFBDBB8E8D7+23]
	RtlUserThreadStart [0x00007FFBDDA714FC+44]

[2025-04-27 16:10:59] Error al extraer producto: Message: no such element: Unable to locate element: {"method":"css selector","selector":".a-text-normal"}
  (Session info: chrome=135.0.7049.115); For documentation on this error, please visit: https://www.selenium.dev/documentation/webdriver/troubleshooting/errors#no-such-element-exception
Stacktrace:
	GetHandleVerifier [0x00007FF7AE6CEFA5+77893]
	GetHandleVerifier [0x00007FF7AE6CF000+77984]
	(No symbol) [0x00007FF7AE4991BA]
	(No symbol) [0x00007FF7AE4EF16D]
	(No symbol) [0x00007FF7AE4EF41C]
	(No symbol) [0x00007FF7AE4E1B1C]
	(No symbol) [0x00007FF7AE51716F]
	(No symbol) [0x00007FF7AE4E19E6]
	(No symbol) [0x00007FF7AE517340]
	(No symbol) [0x00007FF7AE53F07F]
	(No symbol) [0x00007FF7AE516F03]
	(No symbol) [0x00007FF7AE4E0328]
	(No symbol) [0x00007FF7AE4E1093]
	GetHandleVerifier [0x00007FF7AE987B6D+2931725]
	GetHandleVerifier [0x00007FF7AE982132+2908626]
	GetHandleVerifier [0x00007FF7AE9A00F3+3031443]
	GetHandleVerifier [0x00007FF7AE6E91EA+184970]
	GetHandleVerifier [0x00007FF7AE6F086F+215311]
	GetHandleVerifier [0x00007FF7AE6D6EC4+110436]
	GetHandleVerifier [0x00007FF7AE6D7072+110866]
	GetHandleVerifier [0x00007FF7AE6BD479+5401]
	BaseThreadInitThunk [0x00007FFBDBB8E8D7+23]
	RtlUserThreadStart [0x00007FFBDDA714FC+44]

[2025-04-27 16:11:24] Message: 

[2025-04-27 16:11:27] Mensaje de prueba 161127
[2025-04-27 16:18:45] Error al extraer producto: Message: no such element: Unable to locate element: {"method":"css selector","selector":".a-text-normal"}
  (Session info: chrome=135.0.7049.115); For documentation on this error, please visit: https://www.selenium.dev/documentation/webdriver/troubleshooting/errors#no-such-element-exception
Stacktrace:
	GetHandleVerifier [0x00007FF7AE6CEFA5+77893]
	GetHandleVerifier [0x00007FF7AE6CF000+77984]
	(No symbol) [0x00007FF7AE4991BA]
	(No symbol) [0x00007FF7AE4EF16D]
	(No symbol) [0x00007FF7AE4EF41C]
	(No symbol) [0x00007FF7AE4E1B1C]
	(No symbol) [0x00007FF7AE51716F]
	(No symbol) [0x00007FF7AE4E19E6]
	(No symbol) [0x00007FF7AE517340]
	(No symbol) [0x00007FF7AE53F07F]
	(No symbol) [0x00007FF7AE516F03]
	(No symbol) [0x00007FF7AE4E0328]
	(No symbol) [0x00007FF7AE4E1093]
	GetHandleVerifier [0x00007FF7AE987B6D+2931725]
	GetHandleVerifier [0x00007FF7AE982132+2908626]
	GetHandleVerifier [0x00007FF7AE9A00F3+3031443]
	GetHandleVerifier [0x00007FF7AE6E91EA+184970]
	GetHandleVerifier [0x00007FF7AE6F086F+215311]
	GetHandleVerifier [0x00007FF7AE6D6EC4+110436]
	GetHandleVerifier [0x00007FF7AE6D7072+110866]
	GetHandleVerifier [0x00007FF7AE6BD479+5401]
	BaseThreadInitThunk [0x00007FFBDBB8E8D7+23]
	RtlUserThreadStart [0x00007FFBDDA714FC+44]

[2025-04-27 16:18:59] Error al extraer producto: Message: no such element: Unable to locate element: {"method":"css selector","selector":".a-text-normal"}
  (Session info: chrome=135.0.7049.115); For documentation on this error, please visit: https://www.selenium.dev/documentation/webdriver/troubleshooting/errors#no-such-element-exception
Stacktrace:
	GetHandleVerifier [0x00007FF7AE6CEFA5+77893]
	GetHandleVerifier [0x00007FF7AE6CF000+77984]
	(No symbol) [0x00007FF7AE4991BA]
	(No symbol) [0x00007FF7AE4EF16D]
	(No symbol) [0x00007FF7AE4EF41C]
	(No symbol) [0x00007FF7AE4E1B1C]
	(No symbol) [0x00007FF7AE51716F]
	(No symbol) [0x00007FF7AE4E19E6]
	(No symbol) [0x00007FF7AE517340]
	(No symbol) [0x00007FF7AE53F07F]
	(No symbol) [0x00007FF7AE516F03]
	(No symbol) [0x00007FF7AE4E0328]
	(No symbol) [0x00007FF7AE4E1093]
	GetHandleVerifier [0x00007FF7AE987B6D+2931725]
	GetHandleVerifier [0x00007FF7AE982132+2908626]
	GetHandleVerifier [0x00007FF7AE9A00F3+3031443]
	GetHandleVerifier [0x00007FF7AE6E91EA+184970]
	GetHandleVerifier [0x00007FF7AE6F086F+215311]
	GetHandleVerifier [0x00007FF7AE6D6EC4+110436]
	GetHandleVerifier [0x00007FF7AE6D7072+110866]
	GetHandleVerifier [0x00007FF7AE6BD479+5401]
	BaseThreadInitThunk [0x00007FFBDBB8E8D7+23]
	RtlUserThreadStart [0x00007FFBDDA714FC+44]

[2025-04-27 16:18:59] Error al extraer producto: Message: no such element: Unable to locate element: {"method":"css selector","selector":".a-text-normal"}
  (Session info: chrome=135.0.7049.115); For documentation on this error, please visit: https://www.selenium.dev/documentation/webdriver/troubleshooting/errors#no-such-element-exception
Stacktrace:
	GetHandleVerifier [0x00007FF7AE6CEFA5+77893]
	GetHandleVerifier [0x00007FF7AE6CF000+77984]
	(No symbol) [0x00007FF7AE4991BA]
	(No symbol) [0x00007FF7AE4EF16D]
	(No symbol) [0x00007FF7AE4EF41C]
	(No symbol) [0x00007FF7AE4E1B1C]
	(No symbol) [0x00007FF7AE51716F]
	(No symbol) [0x00007FF7AE4E19E6]
	(No symbol) [0x00007FF7AE517340]
	(No symbol) [0x00007FF7AE53F07F]
	(No symbol) [0x00007FF7AE516F03]
	(No symbol) [0x00007FF7AE4E0328]
	(No symbol) [0x00007FF7AE4E1093]
	GetHandleVerifier [0x00007FF7AE987B6D+2931725]
	GetHandleVerifier [0x00007FF7AE982132+2908626]
	GetHandleVerifier [0x00007FF7AE9A00F3+3031443]
	GetHandleVerifier [0x00007FF7AE6E91EA+184970]
	GetHandleVerifier [0x00007FF7AE6F086F+215311]
	GetHandleVerifier [0x00007FF7AE6D6EC4+110436]
	GetHandleVerifier [0x00007FF7AE6D7072+110866]
	GetHandleVerifier [0x00007FF7AE6BD479+5401]
	BaseThreadInitThunk [0x00007FFBDBB8E8D7+23]
	RtlUserThreadStart [0x00007FFBDDA714FC+44]

[2025-04-27 16:18:59] Error al extraer producto: Message: no such element: Unable to locate element: {"method":"css selector","selector":".a-text-normal"}
  (Session info: chrome=135.0.7049.115); For documentation on this error, please visit: https://www.selenium.dev/documentation/webdriver/troubleshooting/errors#no-such-element-exception
Stacktrace:
	GetHandleVerifier [0x00007FF7AE6CEFA5+77893]
	GetHandleVerifier [0x00007FF7AE6CF000+77984]
	(No symbol) [0x00007FF7AE4991BA]
	(No symbol) [0x00007FF7AE4EF16D]
	(No symbol) [0x00007FF7AE4EF41C]
	(No symbol) [0x00007FF7AE4E1B1C]
	(No symbol) [0x00007FF7AE51716F]
	(No symbol) [0x00007FF7AE4E19E6]
	(No symbol) [0x00007FF7AE517340]
	(No symbol) [0x00007FF7AE53F07F]
	(No symbol) [0x00007FF7AE516F03]
	(No symbol) [0x00007FF7AE4E0328]
	(No symbol) [0x00007FF7AE4E1093]
	GetHandleVerifier [0x00007FF7AE987B6D+2931725]
	GetHandleVerifier [0x00007FF7AE982132+2908626]
	GetHandleVerifier [0x00007FF7AE9A00F3+3031443]
	GetHandleVerifier [0x00007FF7AE6E91EA+184970]
	GetHandleVerifier [0x00007FF7AE6F086F+215311]
	GetHandleVerifier [0x00007FF7AE6D6EC4+110436]
	GetHandleVerifier [0x00007FF7AE6D7072+110866]
	GetHandleVerifier [0x00007FF7AE6BD479+5401]
	BaseThreadInitThunk [0x00007FFBDBB8E8D7+23]
	RtlUserThreadStart [0x00007FFBDDA714FC+44]

[2025-04-27 16:19:25] Message: 

[2025-04-27 16:19:28] Mensaje de prueba 161928
[2025-04-28 00:19:17] Mensaje de prueba 001917
[2025-04-28 00:20:33] Error al extraer producto: Message: no such element: Unable to locate element: {"method":"css selector","selector":".a-text-normal"}
  (Session info: chrome=135.0.7049.115); For documentation on this error, please visit: https://www.selenium.dev/documentation/webdriver/troubleshooting/errors#no-such-element-exception
Stacktrace:
	GetHandleVerifier [0x00007FF70E94EFA5+77893]
	GetHandleVerifier [0x00007FF70E94F000+77984]
	(No symbol) [0x00007FF70E7191BA]
	(No symbol) [0x00007FF70E76F16D]
	(No symbol) [0x00007FF70E76F41C]
	(No symbol) [0x00007FF70E761B1C]
	(No symbol) [0x00007FF70E79716F]
	(No symbol) [0x00007FF70E7619E6]
	(No symbol) [0x00007FF70E797340]
	(No symbol) [0x00007FF70E7BF07F]
	(No symbol) [0x00007FF70E796F03]
	(No symbol) [0x00007FF70E760328]
	(No symbol) [0x00007FF70E761093]
	GetHandleVerifier [0x00007FF70EC07B6D+2931725]
	GetHandleVerifier [0x00007FF70EC02132+2908626]
	GetHandleVerifier [0x00007FF70EC200F3+3031443]
	GetHandleVerifier [0x00007FF70E9691EA+184970]
	GetHandleVerifier [0x00007FF70E97086F+215311]
	GetHandleVerifier [0x00007FF70E956EC4+110436]
	GetHandleVerifier [0x00007FF70E957072+110866]
	GetHandleVerifier [0x00007FF70E93D479+5401]
	BaseThreadInitThunk [0x00007FFBDBB8E8D7+23]
	RtlUserThreadStart [0x00007FFBDDA714FC+44]

[2025-04-28 00:20:33] Error al extraer producto: Message: no such element: Unable to locate element: {"method":"css selector","selector":".a-text-normal"}
  (Session info: chrome=135.0.7049.115); For documentation on this error, please visit: https://www.selenium.dev/documentation/webdriver/troubleshooting/errors#no-such-element-exception
Stacktrace:
	GetHandleVerifier [0x00007FF70E94EFA5+77893]
	GetHandleVerifier [0x00007FF70E94F000+77984]
	(No symbol) [0x00007FF70E7191BA]
	(No symbol) [0x00007FF70E76F16D]
	(No symbol) [0x00007FF70E76F41C]
	(No symbol) [0x00007FF70E761B1C]
	(No symbol) [0x00007FF70E79716F]
	(No symbol) [0x00007FF70E7619E6]
	(No symbol) [0x00007FF70E797340]
	(No symbol) [0x00007FF70E7BF07F]
	(No symbol) [0x00007FF70E796F03]
	(No symbol) [0x00007FF70E760328]
	(No symbol) [0x00007FF70E761093]
	GetHandleVerifier [0x00007FF70EC07B6D+2931725]
	GetHandleVerifier [0x00007FF70EC02132+2908626]
	GetHandleVerifier [0x00007FF70EC200F3+3031443]
	GetHandleVerifier [0x00007FF70E9691EA+184970]
	GetHandleVerifier [0x00007FF70E97086F+215311]
	GetHandleVerifier [0x00007FF70E956EC4+110436]
	GetHandleVerifier [0x00007FF70E957072+110866]
	GetHandleVerifier [0x00007FF70E93D479+5401]
	BaseThreadInitThunk [0x00007FFBDBB8E8D7+23]
	RtlUserThreadStart [0x00007FFBDDA714FC+44]

[2025-04-28 00:20:33] Error al extraer producto: Message: no such element: Unable to locate element: {"method":"css selector","selector":".a-text-normal"}
  (Session info: chrome=135.0.7049.115); For documentation on this error, please visit: https://www.selenium.dev/documentation/webdriver/troubleshooting/errors#no-such-element-exception
Stacktrace:
	GetHandleVerifier [0x00007FF70E94EFA5+77893]
	GetHandleVerifier [0x00007FF70E94F000+77984]
	(No symbol) [0x00007FF70E7191BA]
	(No symbol) [0x00007FF70E76F16D]
	(No symbol) [0x00007FF70E76F41C]
	(No symbol) [0x00007FF70E761B1C]
	(No symbol) [0x00007FF70E79716F]
	(No symbol) [0x00007FF70E7619E6]
	(No symbol) [0x00007FF70E797340]
	(No symbol) [0x00007FF70E7BF07F]
	(No symbol) [0x00007FF70E796F03]
	(No symbol) [0x00007FF70E760328]
	(No symbol) [0x00007FF70E761093]
	GetHandleVerifier [0x00007FF70EC07B6D+2931725]
	GetHandleVerifier [0x00007FF70EC02132+2908626]
	GetHandleVerifier [0x00007FF70EC200F3+3031443]
	GetHandleVerifier [0x00007FF70E9691EA+184970]
	GetHandleVerifier [0x00007FF70E97086F+215311]
	GetHandleVerifier [0x00007FF70E956EC4+110436]
	GetHandleVerifier [0x00007FF70E957072+110866]
	GetHandleVerifier [0x00007FF70E93D479+5401]
	BaseThreadInitThunk [0x00007FFBDBB8E8D7+23]
	RtlUserThreadStart [0x00007FFBDDA714FC+44]

[2025-04-28 00:20:56] Message: 

[2025-04-29 11:53:46] Error al extraer producto: Message: no such element: Unable to locate element: {"method":"css selector","selector":".a-text-normal"}
  (Session info: chrome=135.0.7049.115); For documentation on this error, please visit: https://www.selenium.dev/documentation/webdriver/troubleshooting/errors#no-such-element-exception
Stacktrace:
	GetHandleVerifier [0x00007FF64FE0EFA5+77893]
	GetHandleVerifier [0x00007FF64FE0F000+77984]
	(No symbol) [0x00007FF64FBD91BA]
	(No symbol) [0x00007FF64FC2F16D]
	(No symbol) [0x00007FF64FC2F41C]
	(No symbol) [0x00007FF64FC21B1C]
	(No symbol) [0x00007FF64FC5716F]
	(No symbol) [0x00007FF64FC219E6]
	(No symbol) [0x00007FF64FC57340]
	(No symbol) [0x00007FF64FC7F07F]
	(No symbol) [0x00007FF64FC56F03]
	(No symbol) [0x00007FF64FC20328]
	(No symbol) [0x00007FF64FC21093]
	GetHandleVerifier [0x00007FF6500C7B6D+2931725]
	GetHandleVerifier [0x00007FF6500C2132+2908626]
	GetHandleVerifier [0x00007FF6500E00F3+3031443]
	GetHandleVerifier [0x00007FF64FE291EA+184970]
	GetHandleVerifier [0x00007FF64FE3086F+215311]
	GetHandleVerifier [0x00007FF64FE16EC4+110436]
	GetHandleVerifier [0x00007FF64FE17072+110866]
	GetHandleVerifier [0x00007FF64FDFD479+5401]
	BaseThreadInitThunk [0x00007FFD2155E8D7+23]
	RtlUserThreadStart [0x00007FFD22EB14FC+44]

[2025-04-29 11:54:05] Error al extraer producto: Message: no such element: Unable to locate element: {"method":"css selector","selector":".a-text-normal"}
  (Session info: chrome=135.0.7049.115); For documentation on this error, please visit: https://www.selenium.dev/documentation/webdriver/troubleshooting/errors#no-such-element-exception
Stacktrace:
	GetHandleVerifier [0x00007FF64FE0EFA5+77893]
	GetHandleVerifier [0x00007FF64FE0F000+77984]
	(No symbol) [0x00007FF64FBD91BA]
	(No symbol) [0x00007FF64FC2F16D]
	(No symbol) [0x00007FF64FC2F41C]
	(No symbol) [0x00007FF64FC21B1C]
	(No symbol) [0x00007FF64FC5716F]
	(No symbol) [0x00007FF64FC219E6]
	(No symbol) [0x00007FF64FC57340]
	(No symbol) [0x00007FF64FC7F07F]
	(No symbol) [0x00007FF64FC56F03]
	(No symbol) [0x00007FF64FC20328]
	(No symbol) [0x00007FF64FC21093]
	GetHandleVerifier [0x00007FF6500C7B6D+2931725]
	GetHandleVerifier [0x00007FF6500C2132+2908626]
	GetHandleVerifier [0x00007FF6500E00F3+3031443]
	GetHandleVerifier [0x00007FF64FE291EA+184970]
	GetHandleVerifier [0x00007FF64FE3086F+215311]
	GetHandleVerifier [0x00007FF64FE16EC4+110436]
	GetHandleVerifier [0x00007FF64FE17072+110866]
	GetHandleVerifier [0x00007FF64FDFD479+5401]
	BaseThreadInitThunk [0x00007FFD2155E8D7+23]
	RtlUserThreadStart [0x00007FFD22EB14FC+44]

[2025-04-29 11:54:05] Error al extraer producto: Message: no such element: Unable to locate element: {"method":"css selector","selector":".a-text-normal"}
  (Session info: chrome=135.0.7049.115); For documentation on this error, please visit: https://www.selenium.dev/documentation/webdriver/troubleshooting/errors#no-such-element-exception
Stacktrace:
	GetHandleVerifier [0x00007FF64FE0EFA5+77893]
	GetHandleVerifier [0x00007FF64FE0F000+77984]
	(No symbol) [0x00007FF64FBD91BA]
	(No symbol) [0x00007FF64FC2F16D]
	(No symbol) [0x00007FF64FC2F41C]
	(No symbol) [0x00007FF64FC21B1C]
	(No symbol) [0x00007FF64FC5716F]
	(No symbol) [0x00007FF64FC219E6]
	(No symbol) [0x00007FF64FC57340]
	(No symbol) [0x00007FF64FC7F07F]
	(No symbol) [0x00007FF64FC56F03]
	(No symbol) [0x00007FF64FC20328]
	(No symbol) [0x00007FF64FC21093]
	GetHandleVerifier [0x00007FF6500C7B6D+2931725]
	GetHandleVerifier [0x00007FF6500C2132+2908626]
	GetHandleVerifier [0x00007FF6500E00F3+3031443]
	GetHandleVerifier [0x00007FF64FE291EA+184970]
	GetHandleVerifier [0x00007FF64FE3086F+215311]
	GetHandleVerifier [0x00007FF64FE16EC4+110436]
	GetHandleVerifier [0x00007FF64FE17072+110866]
	GetHandleVerifier [0x00007FF64FDFD479+5401]
	BaseThreadInitThunk [0x00007FFD2155E8D7+23]
	RtlUserThreadStart [0x00007FFD22EB14FC+44]

[2025-04-29 11:54:05] Error al extraer producto: Message: no such element: Unable to locate element: {"method":"css selector","selector":".a-text-normal"}
  (Session info: chrome=135.0.7049.115); For documentation on this error, please visit: https://www.selenium.dev/documentation/webdriver/troubleshooting/errors#no-such-element-exception
Stacktrace:
	GetHandleVerifier [0x00007FF64FE0EFA5+77893]
	GetHandleVerifier [0x00007FF64FE0F000+77984]
	(No symbol) [0x00007FF64FBD91BA]
	(No symbol) [0x00007FF64FC2F16D]
	(No symbol) [0x00007FF64FC2F41C]
	(No symbol) [0x00007FF64FC21B1C]
	(No symbol) [0x00007FF64FC5716F]
	(No symbol) [0x00007FF64FC219E6]
	(No symbol) [0x00007FF64FC57340]
	(No symbol) [0x00007FF64FC7F07F]
	(No symbol) [0x00007FF64FC56F03]
	(No symbol) [0x00007FF64FC20328]
	(No symbol) [0x00007FF64FC21093]
	GetHandleVerifier [0x00007FF6500C7B6D+2931725]
	GetHandleVerifier [0x00007FF6500C2132+2908626]
	GetHandleVerifier [0x00007FF6500E00F3+3031443]
	GetHandleVerifier [0x00007FF64FE291EA+184970]
	GetHandleVerifier [0x00007FF64FE3086F+215311]
	GetHandleVerifier [0x00007FF64FE16EC4+110436]
	GetHandleVerifier [0x00007FF64FE17072+110866]
	GetHandleVerifier [0x00007FF64FDFD479+5401]
	BaseThreadInitThunk [0x00007FFD2155E8D7+23]
	RtlUserThreadStart [0x00007FFD22EB14FC+44]

